UPC,Название,Исполнитель,Платформа,Вид использования,Период начала,Период окончания,Количество,Вознаграждение Лицензиара (Авторские),Вознаграждение Лицензиара (Смежные),Лейбл
GUT12980,11,SMOKEFULLBOY,vk,Аудиостриминг,,,1,0,"0,02",Ckeabrona Beats
GUT12980,11,SMOKEFULLBOY,Яндекс.Музыка,Аудиостриминг,,,1,0,0,Ckeabrona Beats
GUT12980,11,SMOKEFULLBOY,Яндекс.Музыка,Аудиостриминг,,,1,0,0,Ckeabrona Beats
GUT12980,11,SMOKEFULLBOY,Яндекс.Музыка,Аудиостриминг,,,1,0,0,Ckeabrona Beats
GUT12980,11,SMOKEFULLBOY,Яндекс.Музыка,Подписка,,,1,0,"0,02",Ckeabrona Beats
GUT12980,11,SMOKEFULLBOY,Яндекс.Музыка,Подписка,,,2,0,"0,06",Ckeabrona Beats
GUT12980,11,SMOKEFULLBOY,Яндекс.Музыка,Подписка,,,4,0,"0,1",Ckeabrona Beats
GUT12980,11,SMOKEFULLBOY,Яндекс.Музыка,Подписка,,,9,"0,06",0,Ckeabrona Beats
5063466403483,19,OTALOE,Apple Music,Подписка,,,1,0,"0,28",ICECREAMMUSIC
5063466403483,19,OTALOE,SoundCloud,Аудиостриминг,,,1,0,"0,08",ICECREAMMUSIC
5063466403483,19,OTALOE,vk,Аудиостриминг,,,1,0,"0,05",ICECREAMMUSIC
5063466403483,19,OTALOE,vk,Аудиостриминг,,,7,0,"0,15",ICECREAMMUSIC
5063466403483,19,OTALOE,vk,Аудиостриминг,,,7,0,"0,15",ICECREAMMUSIC
5063466403483,19,OTALOE,vk,Аудиостриминг,,,4,0,"0,15",ICECREAMMUSIC
5063466403483,19,OTALOE,vk,Аудиостриминг,,,23,0,"0,47",ICECREAMMUSIC
5063466403483,19,OTALOE,vk,Подписка,,,6,0,"1,09",ICECREAMMUSIC
5063466403483,19,OTALOE,vk,Подписка,,,19,0,"3,44",ICECREAMMUSIC
5063466403483,19,OTALOE,vk,Аудиостриминг,,,8,"0,03",0,ICECREAMMUSIC
5063466403483,19,OTALOE,vk,Аудиостриминг,,,8,"0,03",0,ICECREAMMUSIC
5063466403483,19,OTALOE,vk,Аудиостриминг,,,26,"0,08",0,ICECREAMMUSIC
5063466403483,19,OTALOE,vk,Тексты песен,,,3,"0,09",0,ICECREAMMUSIC
5063466403483,19,OTALOE,vk,Подписка,,,6,"0,27",0,ICECREAMMUSIC
5063466403483,19,OTALOE,vk,Подписка,,,22,"0,85",0,ICECREAMMUSIC
5063466403483,19,OTALOE,Яндекс.Музыка,Аудиостриминг,,,1,0,0,ICECREAMMUSIC
5063466403483,19,OTALOE,Яндекс.Музыка,Аудиостриминг,,,1,0,"0,01",ICECREAMMUSIC
5063466403483,19,OTALOE,Яндекс.Музыка,Подписка,,,1,0,"0,02",ICECREAMMUSIC
5063466403483,19,OTALOE,Яндекс.Музыка,Аудиостриминг,,,4,0,"0,02",ICECREAMMUSIC
5063466403483,19,OTALOE,Яндекс.Музыка,Аудиостриминг,,,9,0,"0,06",ICECREAMMUSIC
5063466403483,19,OTALOE,Яндекс.Музыка,Подписка,,,15,0,"0,56",ICECREAMMUSIC
5063466403483,19,OTALOE,Яндекс.Музыка,Подписка,,,34,0,"1,32",ICECREAMMUSIC
5063466403483,19,OTALOE,Яндекс.Музыка,Подписка,,,12,"0,07",0,ICECREAMMUSIC
GUT200271,2022,"TigerGid, FLESH",Spotify,Подписка,,,8,"0,1",0,ICECREAMMUSIC
GUT200271,2022,"TigerGid, FLESH",Spotify,Подписка,,,11,"0,13",0,ICECREAMMUSIC
GUT200271,2022,"TigerGid, FLESH",TikTok,Видео,,,2,0,"0,04",ICECREAMMUSIC
GUT200271,2022,"TigerGid, FLESH",vk,Аудиостриминг,,,1,0,"0,03",ICECREAMMUSIC
GUT200271,2022,"TigerGid, FLESH",vk,Аудиостриминг,,,1,0,"0,03",ICECREAMMUSIC
GUT200271,2022,"TigerGid, FLESH",vk,Аудиостриминг,,,1,0,"0,03",ICECREAMMUSIC
GUT200271,2022,"TigerGid, FLESH",vk,Аудиостриминг,,,14,0,"0,29",ICECREAMMUSIC
GUT200271,2022,"TigerGid, FLESH",vk,Аудиостриминг,,,16,0,"0,32",ICECREAMMUSIC
GUT200271,2022,"TigerGid, FLESH",vk,Аудиостриминг,,,24,0,"0,51",ICECREAMMUSIC
GUT200271,2022,"TigerGid, FLESH",vk,Подписка,,,4,0,"0,61",ICECREAMMUSIC
GUT200271,2022,"TigerGid, FLESH",vk,Пробная подписка,,,1,0,"0,62",ICECREAMMUSIC
GUT200271,2022,"TigerGid, FLESH",vk,Подписка,,,5,0,"0,62",ICECREAMMUSIC
GUT200271,2022,"TigerGid, FLESH",vk,Подписка,,,4,0,"0,78",ICECREAMMUSIC
GUT200271,2022,"TigerGid, FLESH",vk,Подписка,,,2,"0,04",0,ICECREAMMUSIC
GUT200271,2022,"TigerGid, FLESH",vk,Аудиостриминг,,,16,"0,06",0,ICECREAMMUSIC
GUT200271,2022,"TigerGid, FLESH",vk,Аудиостриминг,,,18,"0,06",0,ICECREAMMUSIC
GUT200271,2022,"TigerGid, FLESH",vk,Аудиостриминг,,,28,"0,1",0,ICECREAMMUSIC
GUT200271,2022,"TigerGid, FLESH",vk,Подписка,,,4,"0,15",0,ICECREAMMUSIC
GUT200271,2022,"TigerGid, FLESH",vk,Подписка,,,5,"0,15",0,ICECREAMMUSIC
GUT200271,2022,"TigerGid, FLESH",vk,Пробная подписка,,,1,"0,15",0,ICECREAMMUSIC
GUT200271,2022,"TigerGid, FLESH",vk,Подписка,,,4,"0,19",0,ICECREAMMUSIC
GUT200271,2022,"TigerGid, FLESH",vk,Тексты песен,,,8,"0,27",0,ICECREAMMUSIC
GUT200271,2022,"TigerGid, FLESH",YouTube Music,Подписка,,,7,0,"0,37",ICECREAMMUSIC
GUT200271,2022,"TigerGid, FLESH",YouTube Music,Подписка,,,5,0,"0,49",ICECREAMMUSIC
GUT200271,2022,"TigerGid, FLESH",YouTube Music,Подписка,,,18,0,"3,1",ICECREAMMUSIC
GUT200271,2022,"TigerGid, FLESH",YouTube Premium,Подписка,,,2,0,"0,14",ICECREAMMUSIC
GUT200271,2022,"TigerGid, FLESH",YouTube Premium,Подписка,,,7,0,"1,18",ICECREAMMUSIC
GUT200271,2022,"TigerGid, FLESH",Звук,Подписка,,,4,"0,1",0,ICECREAMMUSIC
GUT200271,2022,"TigerGid, FLESH",КИОН Музыка,Подписка,,,3,0,"0,83",ICECREAMMUSIC
GUT200271,2022,"TigerGid, FLESH",КИОН Музыка,Подписка,,,4,"0,35",0,ICECREAMMUSIC
GUT200271,2022,"TigerGid, FLESH",Яндекс.Музыка,Аудиостриминг,,,4,0,"0,02",ICECREAMMUSIC
GUT200271,2022,"TigerGid, FLESH",Яндекс.Музыка,Аудиостриминг,,,7,0,"0,04",ICECREAMMUSIC
GUT200271,2022,"TigerGid, FLESH",Яндекс.Музыка,Аудиостриминг,,,7,0,"0,05",ICECREAMMUSIC
GUT200271,2022,"TigerGid, FLESH",Яндекс.Музыка,Подписка,,,15,0,"0,56",ICECREAMMUSIC
GUT200271,2022,"TigerGid, FLESH",Яндекс.Музыка,Подписка,,,26,0,"0,95",ICECREAMMUSIC
GUT200271,2022,"TigerGid, FLESH",Яндекс.Музыка,Подписка,,,28,0,"1,07",ICECREAMMUSIC
GUT200271,2022,"TigerGid, FLESH",Яндекс.Музыка,Подписка,,,84,"0,49",0,ICECREAMMUSIC
5063316585918,28.04.23,STANN,vk,Аудиостриминг,,,1,0,"0,01",Ckeabrona Beats
5063316585918,28.04.23,STANN,vk,Аудиостриминг,,,1,0,"0,01",Ckeabrona Beats
5063316585918,28.04.23,STANN,vk,Аудиостриминг,,,6,0,"0,1",Ckeabrona Beats
5063316585918,28.04.23,STANN,vk,Подписка,,,1,0,"0,13",Ckeabrona Beats
5063316585918,28.04.23,STANN,vk,Аудиостриминг,,,9,0,"0,17",Ckeabrona Beats
5063316585918,28.04.23,STANN,vk,Аудиостриминг,,,11,0,"0,21",Ckeabrona Beats
5063316585918,28.04.23,STANN,vk,Подписка,,,2,0,"0,31",Ckeabrona Beats
5063316585918,28.04.23,STANN,vk,Аудиостриминг,,,6,"0,02",0,Ckeabrona Beats
5063316585918,28.04.23,STANN,vk,Аудиостриминг,,,10,"0,03",0,Ckeabrona Beats
5063316585918,28.04.23,STANN,vk,Подписка,,,1,"0,03",0,Ckeabrona Beats
5063316585918,28.04.23,STANN,vk,Аудиостриминг,,,12,"0,04",0,Ckeabrona Beats
5063316585918,28.04.23,STANN,vk,Подписка,,,2,"0,08",0,Ckeabrona Beats
5063316585918,28.04.23,STANN,Яндекс.Музыка,Аудиостриминг,,,1,0,0,Ckeabrona Beats
5063316585918,28.04.23,STANN,Яндекс.Музыка,Подписка,,,1,0,"0,02",Ckeabrona Beats
GUT200018,48,Reiko,vk,Аудиостриминг,,,1,0,"0,01",ICECREAMMUSIC
GUT200018,48,Reiko,vk,Аудиостриминг,,,1,0,"0,02",ICECREAMMUSIC
GUT200018,48,Reiko,vk,Аудиостриминг,,,2,0,"0,03",ICECREAMMUSIC
GUT200018,48,Reiko,vk,Аудиостриминг,,,1,0,"0,04",ICECREAMMUSIC
GUT200018,48,Reiko,vk,Аудиостриминг,,,3,0,"0,05",ICECREAMMUSIC
GUT200018,48,Reiko,vk,Аудиостриминг,,,3,0,"0,05",ICECREAMMUSIC
GUT200018,48,Reiko,vk,Подписка,,,1,0,"0,15",ICECREAMMUSIC
GUT200018,48,Reiko,vk,Подписка,,,3,0,"0,38",ICECREAMMUSIC
GUT200018,48,Reiko,vk,Подписка,,,5,0,"0,93",ICECREAMMUSIC
GUT200018,48,Reiko,vk,Аудиостриминг,,,3,"0,01",0,ICECREAMMUSIC
GUT200018,48,Reiko,vk,Аудиостриминг,,,3,"0,01",0,ICECREAMMUSIC
GUT200018,48,Reiko,vk,Аудиостриминг,,,2,"0,01",0,ICECREAMMUSIC
GUT200018,48,Reiko,vk,Подписка,,,1,"0,04",0,ICECREAMMUSIC
GUT200018,48,Reiko,vk,Подписка,,,3,"0,1",0,ICECREAMMUSIC
GUT200018,48,Reiko,vk,Подписка,,,5,"0,23",0,ICECREAMMUSIC
GUT200503,5:00,AVEEVA,Яндекс.Музыка,Аудиостриминг,,,1,0,0,ICECREAMMUSIC
GUT200503,5:00,AVEEVA,Яндекс.Музыка,Подписка,,,2,0,"0,06",ICECREAMMUSIC
5063466678690,60 или 3?,Spirit Glam,MusixMatch,Тексты песен,,,2,"0,01",0,ICECREAMMUSIC
5063466678690,60 или 3?,Spirit Glam,vk,Аудиостриминг,,,1,0,"0,01",ICECREAMMUSIC
5063466678690,60 или 3?,Spirit Glam,vk,Аудиостриминг,,,1,0,"0,01",ICECREAMMUSIC
5063466678690,60 или 3?,Spirit Glam,vk,Аудиостриминг,,,1,0,"0,01",ICECREAMMUSIC
5063466678690,60 или 3?,Spirit Glam,vk,Аудиостриминг,,,5,0,"0,09",ICECREAMMUSIC
5063466678690,60 или 3?,Spirit Glam,vk,Аудиостриминг,,,5,0,"0,09",ICECREAMMUSIC
5063466678690,60 или 3?,Spirit Glam,vk,Аудиостриминг,,,5,0,"0,09",ICECREAMMUSIC
5063466678690,60 или 3?,Spirit Glam,vk,Подписка,,,3,0,"0,18",ICECREAMMUSIC
5063466678690,60 или 3?,Spirit Glam,vk,Подписка,,,2,0,"0,23",ICECREAMMUSIC
5063466678690,60 или 3?,Spirit Glam,vk,Подписка,,,4,0,"0,27",ICECREAMMUSIC
5063466678690,60 или 3?,Spirit Glam,vk,Аудиостриминг,,,5,"0,02",0,ICECREAMMUSIC
5063466678690,60 или 3?,Spirit Glam,vk,Аудиостриминг,,,5,"0,02",0,ICECREAMMUSIC
5063466678690,60 или 3?,Spirit Glam,vk,Аудиостриминг,,,5,"0,02",0,ICECREAMMUSIC
5063466678690,60 или 3?,Spirit Glam,vk,Подписка,,,3,"0,05",0,ICECREAMMUSIC
5063466678690,60 или 3?,Spirit Glam,vk,Подписка,,,2,"0,06",0,ICECREAMMUSIC
5063466678690,60 или 3?,Spirit Glam,vk,Подписка,,,4,"0,06",0,ICECREAMMUSIC
5063466678690,60 или 3?,Spirit Glam,Яндекс.Музыка,Аудиостриминг,,,1,0,0,ICECREAMMUSIC
5063466678690,60 или 3?,Spirit Glam,Яндекс.Музыка,Аудиостриминг,,,1,0,"0,01",ICECREAMMUSIC
5063466678690,60 или 3?,Spirit Glam,Яндекс.Музыка,Аудиостриминг,,,2,0,"0,01",ICECREAMMUSIC
5063466678690,60 или 3?,Spirit Glam,Яндекс.Музыка,Аудиостриминг,,,2,0,"0,01",ICECREAMMUSIC
5063466678690,60 или 3?,Spirit Glam,Яндекс.Музыка,Подписка,,,3,0,"0,08",ICECREAMMUSIC
5063466678690,60 или 3?,Spirit Glam,Яндекс.Музыка,Подписка,,,6,0,"0,2",ICECREAMMUSIC
5063466678690,60 или 3?,Spirit Glam,Яндекс.Музыка,Подписка,,,7,0,"0,23",ICECREAMMUSIC
5063466678690,60 или 3?,Spirit Glam,Яндекс.Музыка,Подписка,,,17,"0,1",0,ICECREAMMUSIC
5063316717104,730 Days <3,BARCETON,Apple Music,Подписка,,,2,"0,02",0,ICECREAMMUSIC
5063316717104,730 Days <3,BARCETON,vk,Аудиостриминг,,,1,0,0,ICECREAMMUSIC
5063316717104,730 Days <3,BARCETON,vk,Подписка,,,1,0,"0,07",ICECREAMMUSIC
5063316717104,730 Days <3,BARCETON,vk,Подписка,,,1,"0,02",0,ICECREAMMUSIC
5063316717104,730 Days <3,BARCETON,Иная дистрибуция,Видео,,,49,0,"0,02",ICECREAMMUSIC
5063316717104,730 Days <3,BARCETON,Иная дистрибуция,Видео,,,10,0,"0,04",ICECREAMMUSIC
5063316717104,730 Days <3,BARCETON,Иная дистрибуция,Видео,,,20,0,"0,05",ICECREAMMUSIC
5063316717104,730 Days <3,BARCETON,Яндекс.Музыка,Аудиостриминг,,,1,0,0,ICECREAMMUSIC
5063316717104,730 Days <3,BARCETON,Яндекс.Музыка,Аудиостриминг,,,1,0,0,ICECREAMMUSIC
5063316717104,730 Days <3,BARCETON,Яндекс.Музыка,Подписка,,,2,0,"0,06",ICECREAMMUSIC
5063316717104,730 Days <3,BARCETON,Яндекс.Музыка,Подписка,,,3,0,"0,08",ICECREAMMUSIC
5063316717104,730 Days <3,BARCETON,Яндекс.Музыка,Подписка,,,2,"0,01",0,ICECREAMMUSIC
GUT200291,Aerophobic,TigerGid,MusixMatch,Тексты песен,,,22,"0,01",0,ICECREAMMUSIC
GUT200291,Aerophobic,TigerGid,vk,Аудиостриминг,,,1,0,"0,01",ICECREAMMUSIC
GUT200291,Aerophobic,TigerGid,vk,Подписка,,,2,0,"0,3",ICECREAMMUSIC
GUT200291,Aerophobic,TigerGid,vk,Подписка,,,2,"0,08",0,ICECREAMMUSIC
GUT200291,Aerophobic,TigerGid,Иная дистрибуция,Видео,,,14,0,"0,01",ICECREAMMUSIC
GUT200291,Aerophobic,TigerGid,Иная дистрибуция,Видео,,,30,0,"0,01",ICECREAMMUSIC
GUT200291,Aerophobic,TigerGid,Яндекс.Музыка,Аудиостриминг,,,2,0,"0,01",ICECREAMMUSIC
GUT200291,Aerophobic,TigerGid,Яндекс.Музыка,Аудиостриминг,,,3,0,"0,01",ICECREAMMUSIC
GUT200291,Aerophobic,TigerGid,Яндекс.Музыка,Аудиостриминг,,,4,0,"0,02",ICECREAMMUSIC
GUT200291,Aerophobic,TigerGid,Яндекс.Музыка,Подписка,,,6,0,"0,2",ICECREAMMUSIC
GUT200291,Aerophobic,TigerGid,Яндекс.Музыка,Подписка,,,10,0,"0,34",ICECREAMMUSIC
GUT200291,Aerophobic,TigerGid,Яндекс.Музыка,Подписка,,,13,0,"0,49",ICECREAMMUSIC
GUT200291,Aerophobic,TigerGid,Яндекс.Музыка,Подписка,,,40,"0,23",0,ICECREAMMUSIC
5063833668132,AFFLICTION,"raf1k, Voryb",Яндекс.Музыка,Аудиостриминг,,,1,0,0,ICECREAMMUSIC
5063833668132,AFFLICTION,"raf1k, Voryb",Яндекс.Музыка,Аудиостриминг,,,1,0,0,ICECREAMMUSIC
5063833668132,AFFLICTION,"raf1k, Voryb",Яндекс.Музыка,Подписка,,,1,0,"0,02",ICECREAMMUSIC
5063833668132,AFFLICTION,"raf1k, Voryb",Яндекс.Музыка,Подписка,,,3,0,"0,07",ICECREAMMUSIC
5063833668132,AFFLICTION,"raf1k, Voryb",Яндекс.Музыка,Подписка,,,4,"0,02",0,ICECREAMMUSIC
5063833358514,AFTER PARTY,"ЧИКУРЯЛА, Ckeabrona",Яндекс.Музыка,Аудиостриминг,,,1,0,0,ICECREAMMUSIC
5063833358514,AFTER PARTY,"ЧИКУРЯЛА, Ckeabrona",Яндекс.Музыка,Аудиостриминг,,,1,0,0,ICECREAMMUSIC
5063833358514,AFTER PARTY,"ЧИКУРЯЛА, Ckeabrona",Яндекс.Музыка,Подписка,,,1,0,"0,02",ICECREAMMUSIC
5063833358514,AFTER PARTY,"ЧИКУРЯЛА, Ckeabrona",Яндекс.Музыка,Подписка,,,1,0,"0,02",ICECREAMMUSIC
5063833358514,AFTER PARTY,"ЧИКУРЯЛА, Ckeabrona",Яндекс.Музыка,Подписка,,,2,"0,01",0,ICECREAMMUSIC
5063316941530,Alone,"NEKKITJ, BuddyBeatz",vk,Аудиостриминг,,,3,0,"0,05",ICECREAMMUSIC
5063316941530,Alone,"NEKKITJ, BuddyBeatz",vk,Аудиостриминг,,,3,"0,01",0,ICECREAMMUSIC
5063316941530,Alone,"NEKKITJ, BuddyBeatz",Яндекс.Музыка,Подписка,,,1,"0,01",0,ICECREAMMUSIC
5063833830744,already,TURT,Netease Cloud Music,Аудиостриминг,,,1,0,"0,01",ICECREAMMUSIC
5063833830744,already,TURT,TIDAL,Подписка,,,1,0,"0,6",ICECREAMMUSIC
5063833830744,already,TURT,TIDAL,Подписка,,,2,0,"1,24",ICECREAMMUSIC
5063833830744,already,TURT,TIDAL,Подписка,,,13,0,"3,2",ICECREAMMUSIC
5063833830744,already,TURT,TIDAL,Подписка,,,30,0,"12,66",ICECREAMMUSIC
5063833830744,already,TURT,vk,Аудиостриминг,,,1,0,"0,01",ICECREAMMUSIC
5063833830744,already,TURT,vk,Аудиостриминг,,,1,0,"0,02",ICECREAMMUSIC
5063833830744,already,TURT,vk,Аудиостриминг,,,2,0,"0,03",ICECREAMMUSIC
5063833830744,already,TURT,vk,Аудиостриминг,,,3,0,"0,05",ICECREAMMUSIC
5063833830744,already,TURT,vk,Подписка,,,1,0,"0,15",ICECREAMMUSIC
5063833830744,already,TURT,vk,Аудиостриминг,,,3,"0,01",0,ICECREAMMUSIC
5063833830744,already,TURT,vk,Аудиостриминг,,,2,"0,01",0,ICECREAMMUSIC
5063833830744,already,TURT,vk,Подписка,,,1,"0,04",0,ICECREAMMUSIC
5063833830744,already,TURT,YouTube,Аудио,,,2,0,"0,31",ICECREAMMUSIC
5063833830744,already,TURT,Звук,Подписка,,,1,"0,03",0,ICECREAMMUSIC
5063833830744,already,TURT,Яндекс.Музыка,Аудиостриминг,,,1,0,0,ICECREAMMUSIC
5063833830744,already,TURT,Яндекс.Музыка,Аудиостриминг,,,1,0,0,ICECREAMMUSIC
5063833830744,already,TURT,Яндекс.Музыка,Подписка,,,1,0,"0,02",ICECREAMMUSIC
5063833830744,already,TURT,Яндекс.Музыка,Подписка,,,2,0,"0,06",ICECREAMMUSIC
GUT200250,Amore,Анна Галянт,vk,Аудиостриминг,,,1,0,"0,01",ICECREAMMUSIC
GUT200250,Amore,Анна Галянт,vk,Аудиостриминг,,,1,0,"0,02",ICECREAMMUSIC
GUT200250,Amore,Анна Галянт,vk,Аудиостриминг,,,3,0,"0,05",ICECREAMMUSIC
GUT200250,Amore,Анна Галянт,vk,Подписка,,,2,0,"0,25",ICECREAMMUSIC
GUT200250,Amore,Анна Галянт,vk,Аудиостриминг,,,3,"0,01",0,ICECREAMMUSIC
GUT200250,Amore,Анна Галянт,vk,Подписка,,,2,"0,06",0,ICECREAMMUSIC
GUT200250,Amore,Анна Галянт,vk клипы,Видео,,,36,0,"0,01",ICECREAMMUSIC
GUT200250,Amore,Анна Галянт,vk клипы,Видео,,,36,"0,01",0,ICECREAMMUSIC
GUT200250,Amore,Анна Галянт,Иная дистрибуция,Видео,,,102,0,"0,02",ICECREAMMUSIC
GUT200250,Amore,Анна Галянт,Иная дистрибуция,Видео,,,92,0,"0,03",ICECREAMMUSIC
GUT200250,Amore,Анна Галянт,Иная дистрибуция,Видео,,,134,0,"0,03",ICECREAMMUSIC
GUT200250,Amore,Анна Галянт,КИОН Музыка,Подписка,,,1,0,"0,07",ICECREAMMUSIC
GUT200250,Amore,Анна Галянт,КИОН Музыка,Подписка,,,1,"0,02",0,ICECREAMMUSIC
GUT200250,Amore,Анна Галянт,Яндекс.Музыка,Аудиостриминг,,,2,0,"0,01",ICECREAMMUSIC
GUT200250,Amore,Анна Галянт,Яндекс.Музыка,Аудиостриминг,,,3,0,"0,02",ICECREAMMUSIC
GUT200250,Amore,Анна Галянт,Яндекс.Музыка,Аудиостриминг,,,4,0,"0,02",ICECREAMMUSIC
GUT200250,Amore,Анна Галянт,Яндекс.Музыка,Подписка,,,8,0,"0,3",ICECREAMMUSIC
GUT200250,Amore,Анна Галянт,Яндекс.Музыка,Подписка,,,10,0,"0,37",ICECREAMMUSIC
GUT200250,Amore,Анна Галянт,Яндекс.Музыка,Подписка,,,14,0,"0,54",ICECREAMMUSIC
GUT200250,Amore,Анна Галянт,Яндекс.Музыка,Подписка,,,54,"0,31",0,ICECREAMMUSIC
5063945256708,Angry toy$,WhiteFluffy,vk,Аудиостриминг,,,1,0,"0,01",ICECREAMMUSIC
5063945256708,Angry toy$,WhiteFluffy,vk,Аудиостриминг,,,4,0,"0,06",ICECREAMMUSIC
5063945256708,Angry toy$,WhiteFluffy,vk,Подписка,,,1,0,"0,13",ICECREAMMUSIC
5063945256708,Angry toy$,WhiteFluffy,vk,Аудиостриминг,,,22,0,"0,45",ICECREAMMUSIC
5063945256708,Angry toy$,WhiteFluffy,vk,Пробная подписка,,,2,0,"0,7",ICECREAMMUSIC
5063945256708,Angry toy$,WhiteFluffy,vk,Пробная подписка,,,10,0,"4,58",ICECREAMMUSIC
5063945256708,Angry toy$,WhiteFluffy,vk,Аудиостриминг,,,4,"0,01",0,ICECREAMMUSIC
5063945256708,Angry toy$,WhiteFluffy,vk,Подписка,,,1,"0,03",0,ICECREAMMUSIC
5063945256708,Angry toy$,WhiteFluffy,vk,Аудиостриминг,,,25,"0,08",0,ICECREAMMUSIC
5063945256708,Angry toy$,WhiteFluffy,vk,Пробная подписка,,,2,"0,17",0,ICECREAMMUSIC
5063945256708,Angry toy$,WhiteFluffy,vk,Пробная подписка,,,11,"1,13",0,ICECREAMMUSIC
5063945256708,Angry toy$,WhiteFluffy,YouTube,Аудио,,,2,0,"0,02",ICECREAMMUSIC
5063945256708,Angry toy$,WhiteFluffy,Иная дистрибуция,Видео,,,46,0,"0,01",ICECREAMMUSIC
5063945256708,Angry toy$,WhiteFluffy,Яндекс.Музыка,Аудиостриминг,,,2,0,"0,01",ICECREAMMUSIC
5063945256708,Angry toy$,WhiteFluffy,Яндекс.Музыка,Аудиостриминг,,,6,0,"0,04",ICECREAMMUSIC
5063945256708,Angry toy$,WhiteFluffy,Яндекс.Музыка,Подписка,,,8,0,"0,3",ICECREAMMUSIC
5063945256708,Angry toy$,WhiteFluffy,Яндекс.Музыка,Подписка,,,23,0,"0,9",ICECREAMMUSIC
5063833469661,anomaly,"WhiteFluffy, s1eepy",vk,Аудиостриминг,,,1,0,"0,02",ICECREAMMUSIC
5063833469661,anomaly,"WhiteFluffy, s1eepy",vk,Аудиостриминг,,,1,0,"0,02",ICECREAMMUSIC
5063833469661,anomaly,"WhiteFluffy, s1eepy",vk,Аудиостриминг,,,2,0,"0,03",ICECREAMMUSIC
5063833469661,anomaly,"WhiteFluffy, s1eepy",vk,Аудиостриминг,,,2,"0,01",0,ICECREAMMUSIC
5063833469661,anomaly,"WhiteFluffy, s1eepy",Яндекс.Музыка,Аудиостриминг,,,1,0,"0,01",ICECREAMMUSIC
5063833469661,anomaly,"WhiteFluffy, s1eepy",Яндекс.Музыка,Аудиостриминг,,,2,0,"0,01",ICECREAMMUSIC
5063833469661,anomaly,"WhiteFluffy, s1eepy",Яндекс.Музыка,Аудиостриминг,,,2,0,"0,01",ICECREAMMUSIC
5063833469661,anomaly,"WhiteFluffy, s1eepy",Яндекс.Музыка,Подписка,,,4,0,"0,13",ICECREAMMUSIC
5063833469661,anomaly,"WhiteFluffy, s1eepy",Яндекс.Музыка,Подписка,,,5,0,"0,17",ICECREAMMUSIC
5063833469661,anomaly,"WhiteFluffy, s1eepy",Яндекс.Музыка,Подписка,,,7,0,"0,26",ICECREAMMUSIC
5063833469661,anomaly,"WhiteFluffy, s1eepy",Яндекс.Музыка,Подписка,,,14,"0,08",0,ICECREAMMUSIC
5063635321013,Antey Community (feat. Nura Adoriof & Anni),"Ramigos feat. Nura Adoriof, Anni",QQMusic,Аудиостриминг,,,1,0,"0,01",ICECREAMMUSIC
5063635321013,Antey Community (feat. Nura Adoriof & Anni),"Ramigos feat. Nura Adoriof, Anni",QQMusic,Подписка,,,1,0,"0,03",ICECREAMMUSIC
5063635321013,Antey Community (feat. Nura Adoriof & Anni),"Ramigos feat. Nura Adoriof, Anni",QQMusic,Аудиостриминг,,,3,0,"0,04",ICECREAMMUSIC
5063635321013,Antey Community (feat. Nura Adoriof & Anni),"Ramigos feat. Nura Adoriof, Anni",QQMusic,Аудиостриминг,,,5,0,"0,06",ICECREAMMUSIC
5063635321013,Antey Community (feat. Nura Adoriof & Anni),"Ramigos feat. Nura Adoriof, Anni",vk,Аудиостриминг,,,2,0,"0,03",ICECREAMMUSIC
5063635321013,Antey Community (feat. Nura Adoriof & Anni),"Ramigos feat. Nura Adoriof, Anni",vk,Аудиостриминг,,,4,0,"0,07",ICECREAMMUSIC
5063635321013,Antey Community (feat. Nura Adoriof & Anni),"Ramigos feat. Nura Adoriof, Anni",vk,Аудиостриминг,,,2,"0,01",0,ICECREAMMUSIC
5063635321013,Antey Community (feat. Nura Adoriof & Anni),"Ramigos feat. Nura Adoriof, Anni",vk,Аудиостриминг,,,4,"0,01",0,ICECREAMMUSIC
5063635321013,Antey Community (feat. Nura Adoriof & Anni),"Ramigos feat. Nura Adoriof, Anni",Яндекс.Музыка,Аудиостриминг,,,1,0,0,ICECREAMMUSIC
5063635321013,Antey Community (feat. Nura Adoriof & Anni),"Ramigos feat. Nura Adoriof, Anni",Яндекс.Музыка,Подписка,,,1,0,"0,02",ICECREAMMUSIC
5063635321013,Antey Community (feat. Nura Adoriof & Anni),"Ramigos feat. Nura Adoriof, Anni",Яндекс.Музыка,Подписка,,,1,"0,01",0,ICECREAMMUSIC
5063316941530,Baby,"NEKKITJ, BuddyBeatz",Иная дистрибуция,Видео,,,30,0,"0,95",ICECREAMMUSIC
5063316941530,Baby,"NEKKITJ, BuddyBeatz",Яндекс.Музыка,Аудиостриминг,,,1,0,0,ICECREAMMUSIC
5063316941530,Baby,"NEKKITJ, BuddyBeatz",Яндекс.Музыка,Подписка,,,1,0,"0,02",ICECREAMMUSIC
5063316941530,Baby,"NEKKITJ, BuddyBeatz",Яндекс.Музыка,Подписка,,,1,"0,01",0,ICECREAMMUSIC
5063635301480,Back to Antarctica,Phil Mahart,TikTok,Видео,,,13,0,"0,33",ICECREAMMUSIC
5063635301480,Back to Antarctica,Phil Mahart,TikTok,Видео,,,16,0,"0,41",ICECREAMMUSIC
5063635301480,Back to Antarctica,Phil Mahart,TikTok,Видео,,,28,0,"0,62",ICECREAMMUSIC
5063635301480,Back to Antarctica,Phil Mahart,vk,Аудиостриминг,,,2,0,"0,05",ICECREAMMUSIC
5063635301480,Back to Antarctica,Phil Mahart,vk,Аудиостриминг,,,1,0,"0,05",ICECREAMMUSIC
5063635301480,Back to Antarctica,Phil Mahart,vk,Аудиостриминг,,,3,0,"0,09",ICECREAMMUSIC
5063635301480,Back to Antarctica,Phil Mahart,vk,Аудиостриминг,,,9,0,"0,17",ICECREAMMUSIC
5063635301480,Back to Antarctica,Phil Mahart,vk,Аудиостриминг,,,11,0,"0,21",ICECREAMMUSIC
5063635301480,Back to Antarctica,Phil Mahart,vk,Аудиостриминг,,,12,0,"0,23",ICECREAMMUSIC
5063635301480,Back to Antarctica,Phil Mahart,vk,Подписка,,,7,0,"1,05",ICECREAMMUSIC
5063635301480,Back to Antarctica,Phil Mahart,vk,Подписка,,,6,0,"1,07",ICECREAMMUSIC
5063635301480,Back to Antarctica,Phil Mahart,vk,Подписка,,,15,0,"1,96",ICECREAMMUSIC
5063635301480,Back to Antarctica,Phil Mahart,vk,Аудиостриминг,,,10,"0,03",0,ICECREAMMUSIC
5063635301480,Back to Antarctica,Phil Mahart,vk,Аудиостриминг,,,12,"0,04",0,ICECREAMMUSIC
5063635301480,Back to Antarctica,Phil Mahart,vk,Аудиостриминг,,,13,"0,04",0,ICECREAMMUSIC
5063635301480,Back to Antarctica,Phil Mahart,vk,Подписка,,,8,"0,26",0,ICECREAMMUSIC
5063635301480,Back to Antarctica,Phil Mahart,vk,Подписка,,,6,"0,26",0,ICECREAMMUSIC
5063635301480,Back to Antarctica,Phil Mahart,vk,Подписка,,,17,"0,48",0,ICECREAMMUSIC
5063635301480,Back to Antarctica,Phil Mahart,Яндекс.Музыка,Аудиостриминг,,,1,0,"0,01",ICECREAMMUSIC
5063635301480,Back to Antarctica,Phil Mahart,Яндекс.Музыка,Аудиостриминг,,,2,0,"0,01",ICECREAMMUSIC
5063635301480,Back to Antarctica,Phil Mahart,Яндекс.Музыка,Аудиостриминг,,,3,0,"0,02",ICECREAMMUSIC
5063635301480,Back to Antarctica,Phil Mahart,Яндекс.Музыка,Аудиостриминг,,,3,0,"0,02",ICECREAMMUSIC
5063635301480,Back to Antarctica,Phil Mahart,Яндекс.Музыка,Подписка,,,8,0,"0,28",ICECREAMMUSIC
5063635301480,Back to Antarctica,Phil Mahart,Яндекс.Музыка,Подписка,,,11,0,"0,39",ICECREAMMUSIC
5063635301480,Back to Antarctica,Phil Mahart,Яндекс.Музыка,Подписка,,,12,0,"0,46",ICECREAMMUSIC
5063635301480,Back to Antarctica,Phil Mahart,Яндекс.Музыка,Подписка,,,79,"0,46",0,ICECREAMMUSIC
5063833668132,BAE,"raf1k, Voryb",Яндекс.Музыка,Аудиостриминг,,,1,0,0,ICECREAMMUSIC
5063833668132,BAE,"raf1k, Voryb",Яндекс.Музыка,Аудиостриминг,,,1,0,0,ICECREAMMUSIC
5063833668132,BAE,"raf1k, Voryb",Яндекс.Музыка,Аудиостриминг,,,1,0,0,ICECREAMMUSIC
5063833668132,BAE,"raf1k, Voryb",Яндекс.Музыка,Подписка,,,1,0,"0,02",ICECREAMMUSIC
5063833668132,BAE,"raf1k, Voryb",Яндекс.Музыка,Подписка,,,1,0,"0,02",ICECREAMMUSIC
5063833668132,BAE,"raf1k, Voryb",Яндекс.Музыка,Подписка,,,4,0,"0,1",ICECREAMMUSIC
5063833668132,BAE,"raf1k, Voryb",Яндекс.Музыка,Подписка,,,4,"0,02",0,ICECREAMMUSIC
5063316738123,Be Ok,WIZKEY,vk,Аудиостриминг,,,4,0,"0,06",ICECREAMMUSIC
5063316738123,Be Ok,WIZKEY,vk,Аудиостриминг,,,4,"0,01",0,ICECREAMMUSIC
5063635991919,bestie,ilyxinadgo,vk,Аудиостриминг,,,1,0,"0,01",ICECREAMMUSIC
5063635991919,bestie,ilyxinadgo,vk,Аудиостриминг,,,1,0,"0,01",ICECREAMMUSIC
5063635991919,bestie,ilyxinadgo,vk,Аудиостриминг,,,1,0,"0,02",ICECREAMMUSIC
5063635991919,bestie,ilyxinadgo,vk,Аудиостриминг,,,1,0,"0,03",ICECREAMMUSIC
5063635991919,bestie,ilyxinadgo,vk,Аудиостриминг,,,5,0,"0,09",ICECREAMMUSIC
5063635991919,bestie,ilyxinadgo,vk,Подписка,,,1,0,"0,15",ICECREAMMUSIC
5063635991919,bestie,ilyxinadgo,vk,Подписка,,,2,0,"0,25",ICECREAMMUSIC
5063635991919,bestie,ilyxinadgo,vk,Подписка,,,4,0,"0,62",ICECREAMMUSIC
5063635991919,bestie,ilyxinadgo,vk,Пробная подписка,,,3,0,"1,06",ICECREAMMUSIC
5063635991919,bestie,ilyxinadgo,vk,Пробная подписка,,,4,0,"1,77",ICECREAMMUSIC
5063635991919,bestie,ilyxinadgo,vk,Пробная подписка,,,3,0,"1,84",ICECREAMMUSIC
5063635991919,bestie,ilyxinadgo,vk,Аудиостриминг,,,5,"0,02",0,ICECREAMMUSIC
5063635991919,bestie,ilyxinadgo,vk,Подписка,,,1,"0,04",0,ICECREAMMUSIC
5063635991919,bestie,ilyxinadgo,vk,Подписка,,,2,"0,06",0,ICECREAMMUSIC
5063635991919,bestie,ilyxinadgo,vk,Подписка,,,4,"0,15",0,ICECREAMMUSIC
5063635991919,bestie,ilyxinadgo,vk,Пробная подписка,,,3,"0,26",0,ICECREAMMUSIC
5063635991919,bestie,ilyxinadgo,vk,Пробная подписка,,,4,"0,43",0,ICECREAMMUSIC
5063635991919,bestie,ilyxinadgo,vk,Пробная подписка,,,3,"0,46",0,ICECREAMMUSIC
5063635991919,bestie,ilyxinadgo,Яндекс.Музыка,Аудиостриминг,,,1,0,0,ICECREAMMUSIC
5063635991919,bestie,ilyxinadgo,Яндекс.Музыка,Аудиостриминг,,,1,0,"0,01",ICECREAMMUSIC
5063635991919,bestie,ilyxinadgo,Яндекс.Музыка,Аудиостриминг,,,1,0,"0,01",ICECREAMMUSIC
5063635991919,bestie,ilyxinadgo,Яндекс.Музыка,Подписка,,,4,0,"0,1",ICECREAMMUSIC
5063635991919,bestie,ilyxinadgo,Яндекс.Музыка,Подписка,,,4,0,"0,13",ICECREAMMUSIC
5063635991919,bestie,ilyxinadgo,Яндекс.Музыка,Подписка,,,4,0,"0,13",ICECREAMMUSIC
5063635991919,bestie,ilyxinadgo,Яндекс.Музыка,Подписка,,,6,"0,03",0,ICECREAMMUSIC
5063635975827,BOEING,OTALOE,TikTok,Видео,,,1,0,"0,02",ICECREAMMUSIC
5063635975827,BOEING,OTALOE,vk,Аудиостриминг,,,1,0,"0,01",ICECREAMMUSIC
5063635975827,BOEING,OTALOE,vk,Аудиостриминг,,,1,0,"0,01",ICECREAMMUSIC
5063635975827,BOEING,OTALOE,vk,Аудиостриминг,,,3,0,"0,05",ICECREAMMUSIC
5063635975827,BOEING,OTALOE,vk,Аудиостриминг,,,2,0,"0,06",ICECREAMMUSIC
5063635975827,BOEING,OTALOE,vk,Аудиостриминг,,,4,0,"0,07",ICECREAMMUSIC
5063635975827,BOEING,OTALOE,vk,Подписка,,,1,0,"0,15",ICECREAMMUSIC
5063635975827,BOEING,OTALOE,vk,Подписка,,,1,0,"0,15",ICECREAMMUSIC
5063635975827,BOEING,OTALOE,vk,Аудиостриминг,,,17,0,"0,35",ICECREAMMUSIC
5063635975827,BOEING,OTALOE,vk,Подписка,,,7,0,"1,27",ICECREAMMUSIC
5063635975827,BOEING,OTALOE,vk,Аудиостриминг,,,3,"0,01",0,ICECREAMMUSIC
5063635975827,BOEING,OTALOE,vk,Аудиостриминг,,,4,"0,01",0,ICECREAMMUSIC
5063635975827,BOEING,OTALOE,vk,Подписка,,,1,"0,04",0,ICECREAMMUSIC
5063635975827,BOEING,OTALOE,vk,Подписка,,,1,"0,04",0,ICECREAMMUSIC
5063635975827,BOEING,OTALOE,vk,Аудиостриминг,,,20,"0,06",0,ICECREAMMUSIC
5063635975827,BOEING,OTALOE,vk,Подписка,,,8,"0,32",0,ICECREAMMUSIC
5063635975827,BOEING,OTALOE,Яндекс.Музыка,Аудиостриминг,,,1,0,0,ICECREAMMUSIC
5063635975827,BOEING,OTALOE,Яндекс.Музыка,Аудиостриминг,,,10,0,"0,06",ICECREAMMUSIC
5063635975827,BOEING,OTALOE,Яндекс.Музыка,Аудиостриминг,,,10,0,"0,07",ICECREAMMUSIC
5063635975827,BOEING,OTALOE,Яндекс.Музыка,Подписка,,,3,0,"0,07",ICECREAMMUSIC
5063635975827,BOEING,OTALOE,Яндекс.Музыка,Подписка,,,37,0,"1,46",ICECREAMMUSIC
5063635975827,BOEING,OTALOE,Яндекс.Музыка,Подписка,,,40,0,"1,57",ICECREAMMUSIC
5063635975827,BOEING,OTALOE,Яндекс.Музыка,Подписка,,,11,"0,06",0,ICECREAMMUSIC
5063833652971,BOMB,"Ckeabrona, PAZU",vk,Аудиостриминг,,,1,0,"0,02",ICECREAMMUSIC
5063833652971,BOMB,"Ckeabrona, PAZU",Яндекс.Музыка,Аудиостриминг,,,1,0,0,ICECREAMMUSIC
5063833652971,BOMB,"Ckeabrona, PAZU",Яндекс.Музыка,Аудиостриминг,,,1,0,0,ICECREAMMUSIC
5063833652971,BOMB,"Ckeabrona, PAZU",Яндекс.Музыка,Подписка,,,1,0,"0,02",ICECREAMMUSIC
5063833652971,BOMB,"Ckeabrona, PAZU",Яндекс.Музыка,Подписка,,,1,0,"0,02",ICECREAMMUSIC
5063833652971,BOMB,"Ckeabrona, PAZU",Яндекс.Музыка,Подписка,,,1,"0,01",0,ICECREAMMUSIC
5063466698933,BONA,NEFORMALL,Netease Cloud Music,Подписка,,,1,0,"0,03",ICECREAMMUSIC
5063466698933,BONA,NEFORMALL,Яндекс.Музыка,Подписка,,,1,"0,01",0,ICECREAMMUSIC
5063635748292,Born To Swag,WhiteFluffy,QQMusic,Подписка,,,1,0,"0,03",ICECREAMMUSIC
5063635748292,Born To Swag,WhiteFluffy,QQMusic,Подписка,,,1,0,"0,03",ICECREAMMUSIC
5063635748292,Born To Swag,WhiteFluffy,vk,Аудиостриминг,,,2,0,"0,03",ICECREAMMUSIC
5063635748292,Born To Swag,WhiteFluffy,vk,Аудиостриминг,,,2,"0,01",0,ICECREAMMUSIC
5063635748292,Born To Swag,WhiteFluffy,Яндекс.Музыка,Аудиостриминг,,,1,0,0,ICECREAMMUSIC
5063635748292,Born To Swag,WhiteFluffy,Яндекс.Музыка,Аудиостриминг,,,1,0,"0,01",ICECREAMMUSIC
5063635748292,Born To Swag,WhiteFluffy,Яндекс.Музыка,Подписка,,,2,0,"0,06",ICECREAMMUSIC
5063635748292,Born To Swag,WhiteFluffy,Яндекс.Музыка,Подписка,,,4,0,"0,13",ICECREAMMUSIC
5063635748292,Born To Swag,WhiteFluffy,Яндекс.Музыка,Подписка,,,6,"0,03",0,ICECREAMMUSIC
5063945739706,BOUNCE,ФЕНИКС,vk,Аудиостриминг,,,4,0,"0,2",ICECREAMMUSIC
5063945739706,BOUNCE,ФЕНИКС,vk,Аудиостриминг,,,102,0,"2,16",ICECREAMMUSIC
5063945739706,BOUNCE,ФЕНИКС,vk,Подписка,,,23,0,"4,4",ICECREAMMUSIC
5063945739706,BOUNCE,ФЕНИКС,vk,Аудиостриминг,,,120,"0,4",0,ICECREAMMUSIC
5063945739706,BOUNCE,ФЕНИКС,vk,Подписка,,,26,"1,09",0,ICECREAMMUSIC
5063945739706,BOUNCE,ФЕНИКС,YouTube,Аудио,,,2,0,"0,32",ICECREAMMUSIC
5063945739706,BOUNCE,ФЕНИКС,Одноклассники,Аудиостриминг,,,15,0,"0,25",ICECREAMMUSIC
5063945739706,BOUNCE,ФЕНИКС,Одноклассники,Аудиостриминг,,,15,"0,05",0,ICECREAMMUSIC
5063945739706,BOUNCE,ФЕНИКС,Яндекс.Музыка,Аудиостриминг,,,4,0,"0,03",ICECREAMMUSIC
5063945739706,BOUNCE,ФЕНИКС,Яндекс.Музыка,Подписка,,,16,0,"0,64",ICECREAMMUSIC
5063833698122,bounds,"THIRTEENKILLA, sz prince",Kugou,Аудиостриминг,,,1,0,"0,01",ICECREAMMUSIC
5063833698122,bounds,"THIRTEENKILLA, sz prince",Kugou,Аудиостриминг,,,1,0,"0,01",ICECREAMMUSIC
5063833698122,bounds,"THIRTEENKILLA, sz prince",TikTok,Видео,,,1,0,"0,02",ICECREAMMUSIC
5063833698122,bounds,"THIRTEENKILLA, sz prince",vk,Аудиостриминг,,,1,0,"0,02",ICECREAMMUSIC
5063833698122,bounds,"THIRTEENKILLA, sz prince",vk,Аудиостриминг,,,2,0,"0,03",ICECREAMMUSIC
5063833698122,bounds,"THIRTEENKILLA, sz prince",vk,Аудиостриминг,,,1,0,"0,03",ICECREAMMUSIC
5063833698122,bounds,"THIRTEENKILLA, sz prince",vk,Аудиостриминг,,,3,0,"0,05",ICECREAMMUSIC
5063833698122,bounds,"THIRTEENKILLA, sz prince",vk,Подписка,,,4,0,"0,78",ICECREAMMUSIC
5063833698122,bounds,"THIRTEENKILLA, sz prince",vk,Аудиостриминг,,,3,"0,01",0,ICECREAMMUSIC
5063833698122,bounds,"THIRTEENKILLA, sz prince",vk,Аудиостриминг,,,2,"0,01",0,ICECREAMMUSIC
5063833698122,bounds,"THIRTEENKILLA, sz prince",vk,Подписка,,,4,"0,19",0,ICECREAMMUSIC
5063833698122,bounds,"THIRTEENKILLA, sz prince",Яндекс.Музыка,Аудиостриминг,,,1,0,0,ICECREAMMUSIC
5063833698122,bounds,"THIRTEENKILLA, sz prince",Яндекс.Музыка,Аудиостриминг,,,2,0,"0,01",ICECREAMMUSIC
5063833698122,bounds,"THIRTEENKILLA, sz prince",Яндекс.Музыка,Аудиостриминг,,,2,0,"0,01",ICECREAMMUSIC
5063833698122,bounds,"THIRTEENKILLA, sz prince",Яндекс.Музыка,Подписка,,,2,0,"0,06",ICECREAMMUSIC
5063833698122,bounds,"THIRTEENKILLA, sz prince",Яндекс.Музыка,Подписка,,,5,0,"0,17",ICECREAMMUSIC
5063833698122,bounds,"THIRTEENKILLA, sz prince",Яндекс.Музыка,Подписка,,,6,0,"0,2",ICECREAMMUSIC
5063833698122,bounds,"THIRTEENKILLA, sz prince",Яндекс.Музыка,Подписка,,,12,"0,06",0,ICECREAMMUSIC
5063466248206,"Buona Notte, Mia Cara",NDanese13,vk,Аудиостриминг,,,1,0,0,ICECREAMMUSIC
5063466248206,"Buona Notte, Mia Cara",NDanese13,vk,Аудиостриминг,,,1,0,"0,02",ICECREAMMUSIC
5063466248206,"Buona Notte, Mia Cara",NDanese13,vk,Подписка,,,1,0,"0,05",ICECREAMMUSIC
5063466248206,"Buona Notte, Mia Cara",NDanese13,vk,Подписка,,,1,"0,01",0,ICECREAMMUSIC
5063466248206,"Buona Notte, Mia Cara",NDanese13,YouTube,Аудио,,,4,0,"0,03",ICECREAMMUSIC
5063466248206,"Buona Notte, Mia Cara",NDanese13,Яндекс.Музыка,Подписка,,,4,"0,02",0,ICECREAMMUSIC
5063833643047,Chrome autumn,THIRTEENKILLA,vk,Аудиостриминг,,,1,0,"0,02",ICECREAMMUSIC
5063833643047,Chrome autumn,THIRTEENKILLA,vk,Аудиостриминг,,,3,0,"0,05",ICECREAMMUSIC
5063833643047,Chrome autumn,THIRTEENKILLA,vk,Аудиостриминг,,,3,"0,01",0,ICECREAMMUSIC
5063833643047,Chrome autumn,THIRTEENKILLA,Яндекс.Музыка,Аудиостриминг,,,1,0,0,ICECREAMMUSIC
5063833643047,Chrome autumn,THIRTEENKILLA,Яндекс.Музыка,Аудиостриминг,,,2,0,"0,01",ICECREAMMUSIC
5063833643047,Chrome autumn,THIRTEENKILLA,Яндекс.Музыка,Аудиостриминг,,,2,0,"0,01",ICECREAMMUSIC
5063833643047,Chrome autumn,THIRTEENKILLA,Яндекс.Музыка,Подписка,,,4,0,"0,1",ICECREAMMUSIC
5063833643047,Chrome autumn,THIRTEENKILLA,Яндекс.Музыка,Подписка,,,6,0,"0,2",ICECREAMMUSIC
5063833643047,Chrome autumn,THIRTEENKILLA,Яндекс.Музыка,Подписка,,,7,0,"0,22",ICECREAMMUSIC
5063833643047,Chrome autumn,THIRTEENKILLA,Яндекс.Музыка,Подписка,,,36,"0,2",0,ICECREAMMUSIC
5063466245335,CYKAA,"NEFORMALL, Lingvinii",Яндекс.Музыка,Аудиостриминг,,,1,0,0,ICECREAMMUSIC
5063466245335,CYKAA,"NEFORMALL, Lingvinii",Яндекс.Музыка,Подписка,,,1,0,"0,02",ICECREAMMUSIC
5063466245335,CYKAA,"NEFORMALL, Lingvinii",Яндекс.Музыка,Подписка,,,8,"0,05",0,ICECREAMMUSIC
5063316502298,Deluxe Vibe,BARCETON,vk,Аудиостриминг,,,1,0,"0,02",Ckeabrona Beats
5063316502298,Deluxe Vibe,BARCETON,vk,Аудиостриминг,,,6,0,"0,1",Ckeabrona Beats
5063316502298,Deluxe Vibe,BARCETON,vk,Аудиостриминг,,,6,"0,02",0,Ckeabrona Beats
5063316502298,Deluxe Vibe,BARCETON,Яндекс.Музыка,Аудиостриминг,,,1,0,0,Ckeabrona Beats
5063316502298,Deluxe Vibe,BARCETON,Яндекс.Музыка,Аудиостриминг,,,1,0,0,Ckeabrona Beats
5063316502298,Deluxe Vibe,BARCETON,Яндекс.Музыка,Аудиостриминг,,,1,0,0,Ckeabrona Beats
5063316502298,Deluxe Vibe,BARCETON,Яндекс.Музыка,Подписка,,,2,0,"0,05",Ckeabrona Beats
5063316502298,Deluxe Vibe,BARCETON,Яндекс.Музыка,Подписка,,,3,0,"0,08",Ckeabrona Beats
5063316502298,Deluxe Vibe,BARCETON,Яндекс.Музыка,Подписка,,,4,0,"0,1",Ckeabrona Beats
5063316502298,Deluxe Vibe,BARCETON,Яндекс.Музыка,Подписка,,,4,"0,02",0,Ckeabrona Beats
5063833780261,Der Brille,"Ckeabrona, Krass",Звук,Подписка,,,1,"0,03",0,ICECREAMMUSIC
5063833780261,Der Brille,"Ckeabrona, Krass",Яндекс.Музыка,Аудиостриминг,,,1,0,0,ICECREAMMUSIC
5063833780261,Der Brille,"Ckeabrona, Krass",Яндекс.Музыка,Аудиостриминг,,,1,0,0,ICECREAMMUSIC
5063833780261,Der Brille,"Ckeabrona, Krass",Яндекс.Музыка,Аудиостриминг,,,1,0,0,ICECREAMMUSIC
5063833780261,Der Brille,"Ckeabrona, Krass",Яндекс.Музыка,Подписка,,,1,0,"0,02",ICECREAMMUSIC
5063833780261,Der Brille,"Ckeabrona, Krass",Яндекс.Музыка,Подписка,,,2,0,"0,05",ICECREAMMUSIC
5063833780261,Der Brille,"Ckeabrona, Krass",Яндекс.Музыка,Подписка,,,3,0,"0,08",ICECREAMMUSIC
5063833780261,Der Brille,"Ckeabrona, Krass",Яндекс.Музыка,Подписка,,,19,"0,1",0,ICECREAMMUSIC
GUT200138,DIE BITCH,"NEFORMALL, Lingvinii",QQMusic,Аудиостриминг,,,20,0,"0,31",ICECREAMMUSIC
5063466271402,Diggers,Zaach,vk,Аудиостриминг,,,1,0,"0,01",ICECREAMMUSIC
5063466271402,Diggers,Zaach,vk,Аудиостриминг,,,1,0,"0,01",ICECREAMMUSIC
5063466271402,Diggers,Zaach,vk,Аудиостриминг,,,1,0,"0,02",ICECREAMMUSIC
5063466271402,Diggers,Zaach,vk,Подписка,,,1,0,"0,13",ICECREAMMUSIC
5063466271402,Diggers,Zaach,vk,Подписка,,,1,0,"0,15",ICECREAMMUSIC
5063466271402,Diggers,Zaach,vk,Подписка,,,1,"0,03",0,ICECREAMMUSIC
5063466271402,Diggers,Zaach,vk,Подписка,,,1,"0,04",0,ICECREAMMUSIC
5063466467041,ETHEREAL DUSK,2,Apple Music,Подписка,,,13,"0,24",0,ICECREAMMUSIC
5063466467041,ETHEREAL DUSK,2,vk,Аудиостриминг,,,1,0,"0,01",ICECREAMMUSIC
5063466467041,ETHEREAL DUSK,2,vk,Аудиостриминг,,,3,0,"0,05",ICECREAMMUSIC
5063466467041,ETHEREAL DUSK,2,vk,Аудиостриминг,,,3,0,"0,05",ICECREAMMUSIC
5063466467041,ETHEREAL DUSK,2,vk,Подписка,,,1,0,"0,13",ICECREAMMUSIC
5063466467041,ETHEREAL DUSK,2,vk,Аудиостриминг,,,3,"0,01",0,ICECREAMMUSIC
5063466467041,ETHEREAL DUSK,2,vk,Аудиостриминг,,,3,"0,01",0,ICECREAMMUSIC
5063466467041,ETHEREAL DUSK,2,vk,Подписка,,,1,"0,03",0,ICECREAMMUSIC
5063466467041,ETHEREAL DUSK,2,КИОН Музыка,Подписка,,,2,0,"0,14",ICECREAMMUSIC
5063466467041,ETHEREAL DUSK,2,КИОН Музыка,Подписка,,,2,"0,03",0,ICECREAMMUSIC
5063466467041,ETHEREAL DUSK,2,Яндекс.Музыка,Аудиостриминг,,,1,0,0,ICECREAMMUSIC
5063466467041,ETHEREAL DUSK,2,Яндекс.Музыка,Аудиостриминг,,,1,0,"0,01",ICECREAMMUSIC
5063466467041,ETHEREAL DUSK,2,Яндекс.Музыка,Аудиостриминг,,,2,0,"0,01",ICECREAMMUSIC
5063466467041,ETHEREAL DUSK,2,Яндекс.Музыка,Подписка,,,1,0,"0,02",ICECREAMMUSIC
5063466467041,ETHEREAL DUSK,2,Яндекс.Музыка,Подписка,,,4,0,"0,15",ICECREAMMUSIC
5063466467041,ETHEREAL DUSK,2,Яндекс.Музыка,Подписка,,,6,0,"0,2",ICECREAMMUSIC
5063466467041,ETHEREAL DUSK,2,Яндекс.Музыка,Подписка,,,25,"0,14",0,ICECREAMMUSIC
5063635748292,Face,WhiteFluffy,Lyric Find,Тексты песен,,,4,"0,17",0,ICECREAMMUSIC
5063635748292,Face,WhiteFluffy,vk,Аудиостриминг,,,1,0,"0,01",ICECREAMMUSIC
5063635748292,Face,WhiteFluffy,vk,Аудиостриминг,,,1,0,"0,01",ICECREAMMUSIC
5063635748292,Face,WhiteFluffy,vk,Аудиостриминг,,,4,0,"0,07",ICECREAMMUSIC
5063635748292,Face,WhiteFluffy,vk,Аудиостриминг,,,4,0,"0,07",ICECREAMMUSIC
5063635748292,Face,WhiteFluffy,vk,Подписка,,,1,0,"0,13",ICECREAMMUSIC
5063635748292,Face,WhiteFluffy,vk,Подписка,,,1,0,"0,15",ICECREAMMUSIC
5063635748292,Face,WhiteFluffy,vk,Пробная подписка,,,2,0,"0,7",ICECREAMMUSIC
5063635748292,Face,WhiteFluffy,vk,Пробная подписка,,,3,0,"1,06",ICECREAMMUSIC
5063635748292,Face,WhiteFluffy,vk,Пробная подписка,,,3,0,"1,84",ICECREAMMUSIC
5063635748292,Face,WhiteFluffy,vk,Аудиостриминг,,,4,"0,01",0,ICECREAMMUSIC
5063635748292,Face,WhiteFluffy,vk,Аудиостриминг,,,4,"0,01",0,ICECREAMMUSIC
5063635748292,Face,WhiteFluffy,vk,Подписка,,,1,"0,03",0,ICECREAMMUSIC
5063635748292,Face,WhiteFluffy,vk,Подписка,,,1,"0,04",0,ICECREAMMUSIC
5063635748292,Face,WhiteFluffy,vk,Пробная подписка,,,2,"0,17",0,ICECREAMMUSIC
5063635748292,Face,WhiteFluffy,vk,Пробная подписка,,,3,"0,26",0,ICECREAMMUSIC
5063635748292,Face,WhiteFluffy,vk,Пробная подписка,,,3,"0,46",0,ICECREAMMUSIC
5063635748292,Face,WhiteFluffy,Сервисы АДВ Мьюзик,РБТ,,,4,0,"0,1",ICECREAMMUSIC
5063635748292,Face,WhiteFluffy,Сервисы АДВ Мьюзик,РБТ,,,4,"0,03",0,ICECREAMMUSIC
5063635748292,Face,WhiteFluffy,Яндекс.Музыка,Аудиостриминг,,,1,0,0,ICECREAMMUSIC
5063635748292,Face,WhiteFluffy,Яндекс.Музыка,Аудиостриминг,,,1,0,0,ICECREAMMUSIC
5063635748292,Face,WhiteFluffy,Яндекс.Музыка,Подписка,,,3,0,"0,07",ICECREAMMUSIC
5063635748292,Face,WhiteFluffy,Яндекс.Музыка,Подписка,,,3,0,"0,08",ICECREAMMUSIC
5063635748292,Face,WhiteFluffy,Яндекс.Музыка,Аудиостриминг,,,2,"0,01",0,ICECREAMMUSIC
5063635748292,Face,WhiteFluffy,Яндекс.Музыка,Подписка,,,7,"0,04",0,ICECREAMMUSIC
5063635054713,Facts,Malika (1787371599),MusixMatch,Тексты песен,,,55,"0,06",0,ICECREAMMUSIC
5063635054713,Facts,Malika (1787371599),vk,Аудиостриминг,,,1,0,"0,01",ICECREAMMUSIC
5063635054713,Facts,Malika (1787371599),vk,Аудиостриминг,,,4,0,"0,06",ICECREAMMUSIC
5063635054713,Facts,Malika (1787371599),vk,Аудиостриминг,,,4,0,"0,07",ICECREAMMUSIC
5063635054713,Facts,Malika (1787371599),vk,Аудиостриминг,,,5,0,"0,09",ICECREAMMUSIC
5063635054713,Facts,Malika (1787371599),vk,Подписка,,,1,0,"0,15",ICECREAMMUSIC
5063635054713,Facts,Malika (1787371599),vk,Аудиостриминг,,,4,"0,01",0,ICECREAMMUSIC
5063635054713,Facts,Malika (1787371599),vk,Аудиостриминг,,,4,"0,01",0,ICECREAMMUSIC
5063635054713,Facts,Malika (1787371599),vk,Аудиостриминг,,,5,"0,02",0,ICECREAMMUSIC
5063635054713,Facts,Malika (1787371599),vk,Подписка,,,1,"0,04",0,ICECREAMMUSIC
5063635054713,Facts,Malika (1787371599),YouTube,Аудио,,,1,0,"0,05",ICECREAMMUSIC
5063635054713,Facts,Malika (1787371599),YouTube,Аудио,,,2,0,"0,2",ICECREAMMUSIC
5063635054713,Facts,Malika (1787371599),YouTube Music,Подписка,,,5,0,"0,59",ICECREAMMUSIC
5063635054713,Facts,Malika (1787371599),YouTube Premium,Подписка,,,2,0,"0,06",ICECREAMMUSIC
5063635054713,Facts,Malika (1787371599),Звук,Подписка,,,1,0,"0,2",ICECREAMMUSIC
5063635054713,Facts,Malika (1787371599),Яндекс.Музыка,Аудиостриминг,,,3,0,"0,02",ICECREAMMUSIC
5063635054713,Facts,Malika (1787371599),Яндекс.Музыка,Аудиостриминг,,,4,0,"0,02",ICECREAMMUSIC
5063635054713,Facts,Malika (1787371599),Яндекс.Музыка,Аудиостриминг,,,5,0,"0,03",ICECREAMMUSIC
5063635054713,Facts,Malika (1787371599),Яндекс.Музыка,Подписка,,,10,0,"0,36",ICECREAMMUSIC
5063635054713,Facts,Malika (1787371599),Яндекс.Музыка,Подписка,,,14,0,"0,54",ICECREAMMUSIC
5063635054713,Facts,Malika (1787371599),Яндекс.Музыка,Подписка,,,19,0,"0,69",ICECREAMMUSIC
5063635054713,Facts,Malika (1787371599),Яндекс.Музыка,Подписка,,,88,"0,5",0,ICECREAMMUSIC
5063466435545,FAMILY,Курганов Сергей Евгеньевич,Яндекс.Музыка,Аудиостриминг,,,1,0,0,ICECREAMMUSIC
5063466435545,FAMILY,Курганов Сергей Евгеньевич,Яндекс.Музыка,Подписка,,,1,0,"0,02",ICECREAMMUSIC
5063945256708,Fear,WhiteFluffy,Kuwo,Аудиостриминг,,,2,0,"0,02",ICECREAMMUSIC
5063945256708,Fear,WhiteFluffy,vk,Аудиостриминг,,,1,0,"0,02",ICECREAMMUSIC
5063945256708,Fear,WhiteFluffy,vk,Аудиостриминг,,,10,0,"0,19",ICECREAMMUSIC
5063945256708,Fear,WhiteFluffy,vk,Пробная подписка,,,4,0,"1,42",ICECREAMMUSIC
5063945256708,Fear,WhiteFluffy,vk,Пробная подписка,,,7,0,"3,52",ICECREAMMUSIC
5063945256708,Fear,WhiteFluffy,vk,Аудиостриминг,,,11,"0,04",0,ICECREAMMUSIC
5063945256708,Fear,WhiteFluffy,vk,Пробная подписка,,,4,"0,35",0,ICECREAMMUSIC
5063945256708,Fear,WhiteFluffy,vk,Пробная подписка,,,8,"0,88",0,ICECREAMMUSIC
5063945256708,Fear,WhiteFluffy,Яндекс.Музыка,Аудиостриминг,,,1,0,0,ICECREAMMUSIC
5063945256708,Fear,WhiteFluffy,Яндекс.Музыка,Аудиостриминг,,,5,0,"0,03",ICECREAMMUSIC
5063945256708,Fear,WhiteFluffy,Яндекс.Музыка,Подписка,,,3,0,"0,08",ICECREAMMUSIC
5063945256708,Fear,WhiteFluffy,Яндекс.Музыка,Подписка,,,19,0,"0,71",ICECREAMMUSIC
5063945256708,Feat WhiteFluffy,WhiteFluffy,vk,Аудиостриминг,,,2,0,"0,03",ICECREAMMUSIC
5063945256708,Feat WhiteFluffy,WhiteFluffy,vk,Аудиостриминг,,,12,0,"0,23",ICECREAMMUSIC
5063945256708,Feat WhiteFluffy,WhiteFluffy,vk,Пробная подписка,,,6,0,"2,48",ICECREAMMUSIC
5063945256708,Feat WhiteFluffy,WhiteFluffy,vk,Пробная подписка,,,11,0,"4,94",ICECREAMMUSIC
5063945256708,Feat WhiteFluffy,WhiteFluffy,vk,Аудиостриминг,,,2,"0,01",0,ICECREAMMUSIC
5063945256708,Feat WhiteFluffy,WhiteFluffy,vk,Аудиостриминг,,,13,"0,04",0,ICECREAMMUSIC
5063945256708,Feat WhiteFluffy,WhiteFluffy,vk,Пробная подписка,,,6,"0,62",0,ICECREAMMUSIC
5063945256708,Feat WhiteFluffy,WhiteFluffy,vk,Пробная подписка,,,12,"1,22",0,ICECREAMMUSIC
5063945256708,Feat WhiteFluffy,WhiteFluffy,Яндекс.Музыка,Аудиостриминг,,,1,0,"0,01",ICECREAMMUSIC
5063945256708,Feat WhiteFluffy,WhiteFluffy,Яндекс.Музыка,Аудиостриминг,,,5,0,"0,03",ICECREAMMUSIC
5063945256708,Feat WhiteFluffy,WhiteFluffy,Яндекс.Музыка,Подписка,,,4,0,"0,13",ICECREAMMUSIC
5063945256708,Feat WhiteFluffy,WhiteFluffy,Яндекс.Музыка,Подписка,,,19,0,"0,71",ICECREAMMUSIC
5063833740036,First Day Out (легенды кварталов),Manali Crime,vk,Аудиостриминг,,,1,0,"0,01",ICECREAMMUSIC
5063833740036,First Day Out (легенды кварталов),Manali Crime,vk,Аудиостриминг,,,1,0,"0,02",ICECREAMMUSIC
5063833740036,First Day Out (легенды кварталов),Manali Crime,vk,Аудиостриминг,,,2,0,"0,07",ICECREAMMUSIC
5063833740036,First Day Out (легенды кварталов),Manali Crime,vk,Аудиостриминг,,,10,0,"0,19",ICECREAMMUSIC
5063833740036,First Day Out (легенды кварталов),Manali Crime,vk,Подписка,,,2,0,"0,31",ICECREAMMUSIC
5063833740036,First Day Out (легенды кварталов),Manali Crime,vk,Подписка,,,4,0,"0,36",ICECREAMMUSIC
5063833740036,First Day Out (легенды кварталов),Manali Crime,vk,Аудиостриминг,,,21,0,"0,42",ICECREAMMUSIC
5063833740036,First Day Out (легенды кварталов),Manali Crime,vk,Аудиостриминг,,,33,0,"0,68",ICECREAMMUSIC
5063833740036,First Day Out (легенды кварталов),Manali Crime,vk,Подписка,,,12,0,"1,55",ICECREAMMUSIC
5063833740036,First Day Out (легенды кварталов),Manali Crime,vk,Аудиостриминг,,,11,"0,04",0,ICECREAMMUSIC
5063833740036,First Day Out (легенды кварталов),Manali Crime,vk,Аудиостриминг,,,24,"0,08",0,ICECREAMMUSIC
5063833740036,First Day Out (легенды кварталов),Manali Crime,vk,Подписка,,,2,"0,08",0,ICECREAMMUSIC
5063833740036,First Day Out (легенды кварталов),Manali Crime,vk,Подписка,,,4,"0,09",0,ICECREAMMUSIC
5063833740036,First Day Out (легенды кварталов),Manali Crime,vk,Тексты песен,,,3,"0,09",0,ICECREAMMUSIC
5063833740036,First Day Out (легенды кварталов),Manali Crime,vk,Аудиостриминг,,,38,"0,13",0,ICECREAMMUSIC
5063833740036,First Day Out (легенды кварталов),Manali Crime,vk,Подписка,,,13,"0,38",0,ICECREAMMUSIC
5063833740036,First Day Out (легенды кварталов),Manali Crime,Яндекс.Музыка,Аудиостриминг,,,5,0,"0,03",ICECREAMMUSIC
5063833740036,First Day Out (легенды кварталов),Manali Crime,Яндекс.Музыка,Аудиостриминг,,,5,0,"0,03",ICECREAMMUSIC
5063833740036,First Day Out (легенды кварталов),Manali Crime,Яндекс.Музыка,Аудиостриминг,,,5,0,"0,03",ICECREAMMUSIC
5063833740036,First Day Out (легенды кварталов),Manali Crime,Яндекс.Музыка,Подписка,,,17,0,"0,66",ICECREAMMUSIC
5063833740036,First Day Out (легенды кварталов),Manali Crime,Яндекс.Музыка,Подписка,,,17,0,"0,67",ICECREAMMUSIC
5063833740036,First Day Out (легенды кварталов),Manali Crime,Яндекс.Музыка,Подписка,,,19,0,"0,69",ICECREAMMUSIC
5063833740036,First Day Out (легенды кварталов),Manali Crime,Яндекс.Музыка,Подписка,,,96,"0,56",0,ICECREAMMUSIC
5063316941530,FPM,"NEKKITJ, BuddyBeatz",Line,Подписка,,,1,0,"0,17",ICECREAMMUSIC
5063316941530,FPM,"NEKKITJ, BuddyBeatz",Яндекс.Музыка,Подписка,,,3,"0,01",0,ICECREAMMUSIC
5063833971508,fuck that up,obs1d1an,vk,Аудиостриминг,,,1,0,"0,01",ICECREAMMUSIC
5063833971508,fuck that up,obs1d1an,vk,Аудиостриминг,,,1,0,"0,03",ICECREAMMUSIC
5063833971508,fuck that up,obs1d1an,vk,Аудиостриминг,,,6,0,"0,1",ICECREAMMUSIC
5063833971508,fuck that up,obs1d1an,vk,Подписка,,,2,0,"0,25",ICECREAMMUSIC
5063833971508,fuck that up,obs1d1an,vk,Аудиостриминг,,,26,0,"0,54",ICECREAMMUSIC
5063833971508,fuck that up,obs1d1an,vk,Подписка,,,4,0,"0,78",ICECREAMMUSIC
5063833971508,fuck that up,obs1d1an,vk,Аудиостриминг,,,6,"0,02",0,ICECREAMMUSIC
5063833971508,fuck that up,obs1d1an,vk,Подписка,,,2,"0,06",0,ICECREAMMUSIC
5063833971508,fuck that up,obs1d1an,vk,Аудиостриминг,,,30,"0,1",0,ICECREAMMUSIC
5063833971508,fuck that up,obs1d1an,vk,Подписка,,,4,"0,19",0,ICECREAMMUSIC
5063833971508,fuck that up,obs1d1an,Звук,Подписка,,,4,0,"0,96",ICECREAMMUSIC
5063833971508,fuck that up,obs1d1an,КИОН Музыка,Аудиостриминг,,,3,0,"0,06",ICECREAMMUSIC
5063833971508,fuck that up,obs1d1an,КИОН Музыка,Подписка,,,6,0,"0,5",ICECREAMMUSIC
5063833971508,fuck that up,obs1d1an,КИОН Музыка,Аудиостриминг,,,3,"0,02",0,ICECREAMMUSIC
5063833971508,fuck that up,obs1d1an,КИОН Музыка,Подписка,,,6,"0,11",0,ICECREAMMUSIC
5063833971508,fuck that up,obs1d1an,Яндекс.Музыка,Аудиостриминг,,,3,0,"0,02",ICECREAMMUSIC
5063833971508,fuck that up,obs1d1an,Яндекс.Музыка,Аудиостриминг,,,4,0,"0,02",ICECREAMMUSIC
5063833971508,fuck that up,obs1d1an,Яндекс.Музыка,Аудиостриминг,,,7,0,"0,04",ICECREAMMUSIC
5063833971508,fuck that up,obs1d1an,Яндекс.Музыка,Аудиостриминг,,,5,0,"0,05",ICECREAMMUSIC
5063833971508,fuck that up,obs1d1an,Яндекс.Музыка,Подписка,,,10,0,"0,38",ICECREAMMUSIC
5063833971508,fuck that up,obs1d1an,Яндекс.Музыка,Подписка,,,13,0,"0,48",ICECREAMMUSIC
5063833971508,fuck that up,obs1d1an,Яндекс.Музыка,Подписка,,,26,0,"0,95",ICECREAMMUSIC
5063833971508,fuck that up,obs1d1an,Яндекс.Музыка,Аудиостриминг,,,6,"0,01",0,ICECREAMMUSIC
5063833971508,fuck that up,obs1d1an,Яндекс.Музыка,Подписка,,,32,"0,18",0,ICECREAMMUSIC
5063945256708,Gate,WhiteFluffy,QQMusic,Подписка,,,1,0,"0,03",ICECREAMMUSIC
5063945256708,Gate,WhiteFluffy,vk,Аудиостриминг,,,1,0,"0,01",ICECREAMMUSIC
5063945256708,Gate,WhiteFluffy,vk,Аудиостриминг,,,1,0,"0,02",ICECREAMMUSIC
5063945256708,Gate,WhiteFluffy,vk,Аудиостриминг,,,11,0,"0,21",ICECREAMMUSIC
5063945256708,Gate,WhiteFluffy,vk,Подписка,,,2,0,"0,25",ICECREAMMUSIC
5063945256708,Gate,WhiteFluffy,vk,Пробная подписка,,,2,0,"0,7",ICECREAMMUSIC
5063945256708,Gate,WhiteFluffy,vk,Аудиостриминг,,,12,"0,04",0,ICECREAMMUSIC
5063945256708,Gate,WhiteFluffy,vk,Подписка,,,2,"0,06",0,ICECREAMMUSIC
5063945256708,Gate,WhiteFluffy,vk,Пробная подписка,,,2,"0,17",0,ICECREAMMUSIC
5063945256708,Gate,WhiteFluffy,Яндекс.Музыка,Аудиостриминг,,,1,0,"0,01",ICECREAMMUSIC
5063945256708,Gate,WhiteFluffy,Яндекс.Музыка,Аудиостриминг,,,5,0,"0,03",ICECREAMMUSIC
5063945256708,Gate,WhiteFluffy,Яндекс.Музыка,Подписка,,,4,0,"0,15",ICECREAMMUSIC
5063945256708,Gate,WhiteFluffy,Яндекс.Музыка,Подписка,,,17,0,"0,67",ICECREAMMUSIC
5063635502757,GAZ V POL,OTALOE,vk,Аудиостриминг,,,1,0,"0,01",ICECREAMMUSIC
5063635502757,GAZ V POL,OTALOE,vk,Аудиостриминг,,,3,0,"0,15",ICECREAMMUSIC
5063635502757,GAZ V POL,OTALOE,vk,Подписка,,,1,0,"0,15",ICECREAMMUSIC
5063635502757,GAZ V POL,OTALOE,vk,Аудиостриминг,,,6,0,"0,27",ICECREAMMUSIC
5063635502757,GAZ V POL,OTALOE,vk,Аудиостриминг,,,14,0,"0,27",ICECREAMMUSIC
5063635502757,GAZ V POL,OTALOE,vk,Аудиостриминг,,,41,0,"0,86",ICECREAMMUSIC
5063635502757,GAZ V POL,OTALOE,vk,Аудиостриминг,,,46,0,"0,96",ICECREAMMUSIC
5063635502757,GAZ V POL,OTALOE,vk,Подписка,,,16,0,"3,42",ICECREAMMUSIC
5063635502757,GAZ V POL,OTALOE,vk,Подписка,,,33,0,"5,98",ICECREAMMUSIC
5063635502757,GAZ V POL,OTALOE,vk,Подписка,,,1,"0,04",0,ICECREAMMUSIC
5063635502757,GAZ V POL,OTALOE,vk,Аудиостриминг,,,16,"0,06",0,ICECREAMMUSIC
5063635502757,GAZ V POL,OTALOE,vk,Аудиостриминг,,,48,"0,16",0,ICECREAMMUSIC
5063635502757,GAZ V POL,OTALOE,vk,Аудиостриминг,,,53,"0,18",0,ICECREAMMUSIC
5063635502757,GAZ V POL,OTALOE,vk,Подписка,,,18,"0,85",0,ICECREAMMUSIC
5063635502757,GAZ V POL,OTALOE,vk,Подписка,,,38,"1,48",0,ICECREAMMUSIC
5063635502757,GAZ V POL,OTALOE,VK Видео,Видеоостримминг,,,5,0,"0,06",ICECREAMMUSIC
5063635502757,GAZ V POL,OTALOE,VK Видео,Видеоостримминг,,,5,0,"0,07",ICECREAMMUSIC
5063635502757,GAZ V POL,OTALOE,YouTube,Аудиостриминг,,,42,0,"0,04",ICECREAMMUSIC
5063635502757,GAZ V POL,OTALOE,YouTube,Аудио,,,29,0,"0,06",ICECREAMMUSIC
5063635502757,GAZ V POL,OTALOE,YouTube,Аудио,,,1196,0,"0,52",ICECREAMMUSIC
5063635502757,GAZ V POL,OTALOE,YouTube Premium,Подписка,,,2,0,"0,06",ICECREAMMUSIC
5063635502757,GAZ V POL,OTALOE,YouTube Premium,Подписка,,,2,0,"0,06",ICECREAMMUSIC
5063635502757,GAZ V POL,OTALOE,YouTube Premium,Подписка,,,4,0,"0,35",ICECREAMMUSIC
5063635502757,GAZ V POL,OTALOE,Звук,Подписка,,,1,"0,03",0,ICECREAMMUSIC
5063635502757,GAZ V POL,OTALOE,Иная дистрибуция,Видео,,,48,0,"0,01",ICECREAMMUSIC
5063635502757,GAZ V POL,OTALOE,Иная дистрибуция,Видео,,,64,0,"0,02",ICECREAMMUSIC
5063635502757,GAZ V POL,OTALOE,Иная дистрибуция,Видео,,,170,0,"0,03",ICECREAMMUSIC
5063635502757,GAZ V POL,OTALOE,Сервисы АДВ Мьюзик,Аудиостриминг,,,3,0,"0,07",ICECREAMMUSIC
5063635502757,GAZ V POL,OTALOE,Сервисы АДВ Мьюзик,Аудиостриминг,,,3,"0,02",0,ICECREAMMUSIC
5063635502757,GAZ V POL,OTALOE,Яндекс Видео,Подписка,,,2,0,"0,05",ICECREAMMUSIC
5063635502757,GAZ V POL,OTALOE,Яндекс Видео,Подписка,,,3,0,"0,07",ICECREAMMUSIC
5063635502757,GAZ V POL,OTALOE,Яндекс.Музыка,Аудиостриминг,,,1,0,"0,01",ICECREAMMUSIC
5063635502757,GAZ V POL,OTALOE,Яндекс.Музыка,Аудиостриминг,,,2,0,"0,01",ICECREAMMUSIC
5063635502757,GAZ V POL,OTALOE,Яндекс.Музыка,Аудиостриминг,,,13,0,"0,09",ICECREAMMUSIC
5063635502757,GAZ V POL,OTALOE,Яндекс.Музыка,Аудиостриминг,,,14,0,"0,09",ICECREAMMUSIC
5063635502757,GAZ V POL,OTALOE,Яндекс.Музыка,Подписка,,,7,0,"0,22",ICECREAMMUSIC
5063635502757,GAZ V POL,OTALOE,Яндекс.Музыка,Подписка,,,52,0,"2,02",ICECREAMMUSIC
5063635502757,GAZ V POL,OTALOE,Яндекс.Музыка,Подписка,,,53,0,"2,09",ICECREAMMUSIC
5063635502757,GAZ V POL,OTALOE,Яндекс.Музыка,Подписка,,,31,"0,18",0,ICECREAMMUSIC
5063833830744,Get out,TURT,TIDAL,Подписка,,,13,0,"2,24",ICECREAMMUSIC
5063833830744,Get out,TURT,TIDAL,Подписка,,,29,0,"8,64",ICECREAMMUSIC
5063833830744,Get out,TURT,vk,Аудиостриминг,,,1,0,"0,01",ICECREAMMUSIC
5063833830744,Get out,TURT,vk,Аудиостриминг,,,1,0,"0,01",ICECREAMMUSIC
5063833830744,Get out,TURT,vk,Аудиостриминг,,,2,0,"0,03",ICECREAMMUSIC
5063833830744,Get out,TURT,vk,Аудиостриминг,,,4,0,"0,06",ICECREAMMUSIC
5063833830744,Get out,TURT,vk,Аудиостриминг,,,7,0,"0,13",ICECREAMMUSIC
5063833830744,Get out,TURT,vk,Подписка,,,1,0,"0,15",ICECREAMMUSIC
5063833830744,Get out,TURT,vk,Подписка,,,1,0,"0,15",ICECREAMMUSIC
5063833830744,Get out,TURT,vk,Аудиостриминг,,,2,"0,01",0,ICECREAMMUSIC
5063833830744,Get out,TURT,vk,Аудиостриминг,,,4,"0,01",0,ICECREAMMUSIC
5063833830744,Get out,TURT,vk,Аудиостриминг,,,8,"0,02",0,ICECREAMMUSIC
5063833830744,Get out,TURT,vk,Подписка,,,1,"0,04",0,ICECREAMMUSIC
5063833830744,Get out,TURT,vk,Подписка,,,1,"0,04",0,ICECREAMMUSIC
5063833830744,Get out,TURT,Звук,Подписка,,,1,"0,03",0,ICECREAMMUSIC
5063833830744,Get out,TURT,Яндекс.Музыка,Аудиостриминг,,,1,0,0,ICECREAMMUSIC
5063833830744,Get out,TURT,Яндекс.Музыка,Аудиостриминг,,,1,0,0,ICECREAMMUSIC
5063833830744,Get out,TURT,Яндекс.Музыка,Подписка,,,1,0,"0,02",ICECREAMMUSIC
5063833830744,Get out,TURT,Яндекс.Музыка,Подписка,,,2,0,"0,06",ICECREAMMUSIC
5063833830744,Get out,TURT,Яндекс.Музыка,Подписка,,,3,"0,01",0,ICECREAMMUSIC
5063833358514,GIVE ME A LIGHT,"ЧИКУРЯЛА, Ckeabrona",Яндекс.Музыка,Аудиостриминг,,,1,0,0,ICECREAMMUSIC
5063833358514,GIVE ME A LIGHT,"ЧИКУРЯЛА, Ckeabrona",Яндекс.Музыка,Подписка,,,1,0,"0,02",ICECREAMMUSIC
5063833358514,GIVE ME A LIGHT,"ЧИКУРЯЛА, Ckeabrona",Яндекс.Музыка,Подписка,,,1,"0,01",0,ICECREAMMUSIC
5063466248206,Give Me A Sign,NDanese13,vk,Аудиостриминг,,,2,0,"0,03",ICECREAMMUSIC
5063466248206,Give Me A Sign,NDanese13,vk,Аудиостриминг,,,2,"0,01",0,ICECREAMMUSIC
5063466248206,Give Me A Sign,NDanese13,Яндекс.Музыка,Аудиостриминг,,,1,0,0,ICECREAMMUSIC
5063466248206,Give Me A Sign,NDanese13,Яндекс.Музыка,Аудиостриминг,,,1,0,0,ICECREAMMUSIC
5063466248206,Give Me A Sign,NDanese13,Яндекс.Музыка,Аудиостриминг,,,1,0,"0,01",ICECREAMMUSIC
5063466248206,Give Me A Sign,NDanese13,Яндекс.Музыка,Подписка,,,1,0,"0,02",ICECREAMMUSIC
5063466248206,Give Me A Sign,NDanese13,Яндекс.Музыка,Подписка,,,2,0,"0,05",ICECREAMMUSIC
5063466248206,Give Me A Sign,NDanese13,Яндекс.Музыка,Подписка,,,4,0,"0,13",ICECREAMMUSIC
5063466248206,Give Me A Sign,NDanese13,Яндекс.Музыка,Подписка,,,5,"0,03",0,ICECREAMMUSIC
5063945256708,Going Merry,"WhiteFluffy, s1eepy, ilyxinadgo",vk,Аудиостриминг,,,1,0,"0,01",ICECREAMMUSIC
5063945256708,Going Merry,"WhiteFluffy, s1eepy, ilyxinadgo",vk,Аудиостриминг,,,2,0,"0,03",ICECREAMMUSIC
5063945256708,Going Merry,"WhiteFluffy, s1eepy, ilyxinadgo",vk,Подписка,,,1,0,"0,13",ICECREAMMUSIC
5063945256708,Going Merry,"WhiteFluffy, s1eepy, ilyxinadgo",vk,Аудиостриминг,,,7,0,"0,15",ICECREAMMUSIC
5063945256708,Going Merry,"WhiteFluffy, s1eepy, ilyxinadgo",vk,Пробная подписка,,,4,0,"1,77",ICECREAMMUSIC
5063945256708,Going Merry,"WhiteFluffy, s1eepy, ilyxinadgo",vk,Пробная подписка,,,10,0,"4,58",ICECREAMMUSIC
5063945256708,Going Merry,"WhiteFluffy, s1eepy, ilyxinadgo",vk,Аудиостриминг,,,2,"0,01",0,ICECREAMMUSIC
5063945256708,Going Merry,"WhiteFluffy, s1eepy, ilyxinadgo",vk,Аудиостриминг,,,8,"0,03",0,ICECREAMMUSIC
5063945256708,Going Merry,"WhiteFluffy, s1eepy, ilyxinadgo",vk,Подписка,,,1,"0,03",0,ICECREAMMUSIC
5063945256708,Going Merry,"WhiteFluffy, s1eepy, ilyxinadgo",vk,Пробная подписка,,,4,"0,44",0,ICECREAMMUSIC
5063945256708,Going Merry,"WhiteFluffy, s1eepy, ilyxinadgo",vk,Пробная подписка,,,11,"1,13",0,ICECREAMMUSIC
5063945256708,Going Merry,"WhiteFluffy, s1eepy, ilyxinadgo",Яндекс.Музыка,Аудиостриминг,,,2,0,"0,01",ICECREAMMUSIC
5063945256708,Going Merry,"WhiteFluffy, s1eepy, ilyxinadgo",Яндекс.Музыка,Аудиостриминг,,,5,0,"0,03",ICECREAMMUSIC
5063945256708,Going Merry,"WhiteFluffy, s1eepy, ilyxinadgo",Яндекс.Музыка,Подписка,,,8,0,"0,28",ICECREAMMUSIC
5063945256708,Going Merry,"WhiteFluffy, s1eepy, ilyxinadgo",Яндекс.Музыка,Подписка,,,18,0,"0,69",ICECREAMMUSIC
5063635328067,Goodbye My Love,Depozit,vk,Аудиостриминг,,,2,0,"0,03",ICECREAMMUSIC
5063635328067,Goodbye My Love,Depozit,vk,Аудиостриминг,,,2,"0,01",0,ICECREAMMUSIC
5063635328067,Goodbye My Love,Depozit,Яндекс.Музыка,Аудиостриминг,,,1,0,0,ICECREAMMUSIC
5063635328067,Goodbye My Love,Depozit,Яндекс.Музыка,Подписка,,,1,0,"0,02",ICECREAMMUSIC
5063466359919,HAPPY BIRTHDAY TO NEPETA,Иконников Кирилл Алексеевич,vk,Аудиостриминг,,,1,0,"0,02",ICECREAMMUSIC
5063466359919,HAPPY BIRTHDAY TO NEPETA,Иконников Кирилл Алексеевич,Яндекс.Музыка,Аудиостриминг,,,1,0,0,ICECREAMMUSIC
5063466359919,HAPPY BIRTHDAY TO NEPETA,Иконников Кирилл Алексеевич,Яндекс.Музыка,Аудиостриминг,,,1,0,0,ICECREAMMUSIC
5063466359919,HAPPY BIRTHDAY TO NEPETA,Иконников Кирилл Алексеевич,Яндекс.Музыка,Аудиостриминг,,,1,0,0,ICECREAMMUSIC
5063466359919,HAPPY BIRTHDAY TO NEPETA,Иконников Кирилл Алексеевич,Яндекс.Музыка,Подписка,,,1,0,"0,02",ICECREAMMUSIC
5063466359919,HAPPY BIRTHDAY TO NEPETA,Иконников Кирилл Алексеевич,Яндекс.Музыка,Подписка,,,1,0,"0,02",ICECREAMMUSIC
5063466359919,HAPPY BIRTHDAY TO NEPETA,Иконников Кирилл Алексеевич,Яндекс.Музыка,Подписка,,,1,0,"0,02",ICECREAMMUSIC
5063466359919,HAPPY BIRTHDAY TO NEPETA,Иконников Кирилл Алексеевич,Яндекс.Музыка,Подписка,,,3,"0,01",0,ICECREAMMUSIC
5063833241748,heart of Ice,WhiteFluffy,vk,Аудиостриминг,,,1,0,"0,02",ICECREAMMUSIC
5063833241748,heart of Ice,WhiteFluffy,vk,Аудиостриминг,,,1,0,"0,02",ICECREAMMUSIC
5063833241748,heart of Ice,WhiteFluffy,vk,Аудиостриминг,,,1,0,"0,04",ICECREAMMUSIC
5063833241748,heart of Ice,WhiteFluffy,vk,Аудиостриминг,,,3,0,"0,05",ICECREAMMUSIC
5063833241748,heart of Ice,WhiteFluffy,vk,Подписка,,,3,0,"0,46",ICECREAMMUSIC
5063833241748,heart of Ice,WhiteFluffy,vk,Подписка,,,6,0,"0,89",ICECREAMMUSIC
5063833241748,heart of Ice,WhiteFluffy,vk,Пробная подписка,,,3,0,"1,06",ICECREAMMUSIC
5063833241748,heart of Ice,WhiteFluffy,vk,Пробная подписка,,,4,0,"1,77",ICECREAMMUSIC
5063833241748,heart of Ice,WhiteFluffy,vk,Аудиостриминг,,,3,"0,01",0,ICECREAMMUSIC
5063833241748,heart of Ice,WhiteFluffy,vk,Подписка,,,3,"0,11",0,ICECREAMMUSIC
5063833241748,heart of Ice,WhiteFluffy,vk,Подписка,,,6,"0,22",0,ICECREAMMUSIC
5063833241748,heart of Ice,WhiteFluffy,vk,Пробная подписка,,,3,"0,26",0,ICECREAMMUSIC
5063833241748,heart of Ice,WhiteFluffy,vk,Пробная подписка,,,4,"0,43",0,ICECREAMMUSIC
5063833241748,heart of Ice,WhiteFluffy,Яндекс.Музыка,Аудиостриминг,,,1,0,0,ICECREAMMUSIC
5063833241748,heart of Ice,WhiteFluffy,Яндекс.Музыка,Аудиостриминг,,,1,0,0,ICECREAMMUSIC
5063833241748,heart of Ice,WhiteFluffy,Яндекс.Музыка,Аудиостриминг,,,1,0,0,ICECREAMMUSIC
5063833241748,heart of Ice,WhiteFluffy,Яндекс.Музыка,Подписка,,,3,0,"0,08",ICECREAMMUSIC
5063833241748,heart of Ice,WhiteFluffy,Яндекс.Музыка,Подписка,,,4,0,"0,1",ICECREAMMUSIC
5063833241748,heart of Ice,WhiteFluffy,Яндекс.Музыка,Подписка,,,4,0,"0,1",ICECREAMMUSIC
5063833241748,heart of Ice,WhiteFluffy,Яндекс.Музыка,Подписка,,,12,"0,07",0,ICECREAMMUSIC
5063833323932,Heavenly hell,BARCETON,Яндекс.Музыка,Аудиостриминг,,,1,0,0,ICECREAMMUSIC
5063833323932,Heavenly hell,BARCETON,Яндекс.Музыка,Подписка,,,2,0,"0,06",ICECREAMMUSIC
5063833323932,Heavenly hell,BARCETON,Яндекс.Музыка,Подписка,,,2,"0,01",0,ICECREAMMUSIC
5063316941530,Hit as Fuck,"NEKKITJ, BuddyBeatz",Яндекс.Музыка,Аудиостриминг,,,1,0,"0,01",ICECREAMMUSIC
5063316941530,Hit as Fuck,"NEKKITJ, BuddyBeatz",Яндекс.Музыка,Подписка,,,4,0,"0,13",ICECREAMMUSIC
5063316941530,Hit as Fuck,"NEKKITJ, BuddyBeatz",Яндекс.Музыка,Подписка,,,5,"0,03",0,ICECREAMMUSIC
5063466236494,HOLY,"Ckeabrona, Amar Pargo, jdots",vk,Аудиостриминг,,,1,0,"0,02",ICECREAMMUSIC
5063466236494,HOLY,"Ckeabrona, Amar Pargo, jdots",vk,Аудиостриминг,,,1,0,"0,02",ICECREAMMUSIC
5063466236494,HOLY,"Ckeabrona, Amar Pargo, jdots",Яндекс.Музыка,Аудиостриминг,,,1,0,0,ICECREAMMUSIC
5063466236494,HOLY,"Ckeabrona, Amar Pargo, jdots",Яндекс.Музыка,Аудиостриминг,,,1,0,0,ICECREAMMUSIC
5063466236494,HOLY,"Ckeabrona, Amar Pargo, jdots",Яндекс.Музыка,Аудиостриминг,,,1,0,0,ICECREAMMUSIC
5063466236494,HOLY,"Ckeabrona, Amar Pargo, jdots",Яндекс.Музыка,Подписка,,,1,0,"0,02",ICECREAMMUSIC
5063466236494,HOLY,"Ckeabrona, Amar Pargo, jdots",Яндекс.Музыка,Подписка,,,3,0,"0,07",ICECREAMMUSIC
5063466236494,HOLY,"Ckeabrona, Amar Pargo, jdots",Яндекс.Музыка,Подписка,,,3,0,"0,08",ICECREAMMUSIC
5063466236494,HOLY,"Ckeabrona, Amar Pargo, jdots",Яндекс.Музыка,Подписка,,,3,"0,01",0,ICECREAMMUSIC
5063466747990,Horror Halloween,SMOKEFULLBOY,vk,Аудиостриминг,,,1,0,"0,02",ICECREAMMUSIC
5063466747990,Horror Halloween,SMOKEFULLBOY,Яндекс.Музыка,Аудиостриминг,,,1,0,0,ICECREAMMUSIC
5063466747990,Horror Halloween,SMOKEFULLBOY,Яндекс.Музыка,Аудиостриминг,,,1,0,0,ICECREAMMUSIC
5063466747990,Horror Halloween,SMOKEFULLBOY,Яндекс.Музыка,Подписка,,,1,0,"0,02",ICECREAMMUSIC
5063466747990,Horror Halloween,SMOKEFULLBOY,Яндекс.Музыка,Подписка,,,1,0,"0,02",ICECREAMMUSIC
5063466747990,Horror Halloween,SMOKEFULLBOY,Яндекс.Музыка,Подписка,,,1,"0,01",0,ICECREAMMUSIC
5063635748292,i from swag sity,WhiteFluffy,vk,Аудиостриминг,,,1,0,"0,01",ICECREAMMUSIC
5063635748292,i from swag sity,WhiteFluffy,vk,Аудиостриминг,,,1,0,"0,02",ICECREAMMUSIC
5063635748292,i from swag sity,WhiteFluffy,vk,Аудиостриминг,,,2,0,"0,03",ICECREAMMUSIC
5063635748292,i from swag sity,WhiteFluffy,vk,Аудиостриминг,,,2,0,"0,03",ICECREAMMUSIC
5063635748292,i from swag sity,WhiteFluffy,vk,Подписка,,,1,0,"0,13",ICECREAMMUSIC
5063635748292,i from swag sity,WhiteFluffy,vk,Аудиостриминг,,,2,"0,01",0,ICECREAMMUSIC
5063635748292,i from swag sity,WhiteFluffy,vk,Аудиостриминг,,,2,"0,01",0,ICECREAMMUSIC
5063635748292,i from swag sity,WhiteFluffy,vk,Подписка,,,1,"0,03",0,ICECREAMMUSIC
5063635748292,i from swag sity,WhiteFluffy,Яндекс.Музыка,Аудиостриминг,,,1,0,0,ICECREAMMUSIC
5063635748292,i from swag sity,WhiteFluffy,Яндекс.Музыка,Аудиостриминг,,,1,0,0,ICECREAMMUSIC
5063635748292,i from swag sity,WhiteFluffy,Яндекс.Музыка,Аудиостриминг,,,1,0,0,ICECREAMMUSIC
5063635748292,i from swag sity,WhiteFluffy,Яндекс.Музыка,Подписка,,,2,0,"0,06",ICECREAMMUSIC
5063635748292,i from swag sity,WhiteFluffy,Яндекс.Музыка,Подписка,,,2,0,"0,06",ICECREAMMUSIC
5063635748292,i from swag sity,WhiteFluffy,Яндекс.Музыка,Подписка,,,4,0,"0,1",ICECREAMMUSIC
5063635748292,i from swag sity,WhiteFluffy,Яндекс.Музыка,Подписка,,,7,"0,04",0,ICECREAMMUSIC
5063833668132,IMODEL,"raf1k, Voryb",Яндекс.Музыка,Аудиостриминг,,,1,0,0,ICECREAMMUSIC
5063833668132,IMODEL,"raf1k, Voryb",Яндекс.Музыка,Подписка,,,1,0,"0,02",ICECREAMMUSIC
5063833668132,IMODEL,"raf1k, Voryb",Яндекс.Музыка,Подписка,,,1,"0,01",0,ICECREAMMUSIC
5063466248206,In The Eyes Of Sorrow,NDanese13,vk,Аудиостриминг,,,1,0,"0,02",ICECREAMMUSIC
5063466248206,In The Eyes Of Sorrow,NDanese13,Яндекс.Музыка,Аудиостриминг,,,1,0,0,ICECREAMMUSIC
5063466248206,In The Eyes Of Sorrow,NDanese13,Яндекс.Музыка,Аудиостриминг,,,1,0,"0,01",ICECREAMMUSIC
5063466248206,In The Eyes Of Sorrow,NDanese13,Яндекс.Музыка,Подписка,,,3,0,"0,08",ICECREAMMUSIC
5063466248206,In The Eyes Of Sorrow,NDanese13,Яндекс.Музыка,Подписка,,,4,0,"0,13",ICECREAMMUSIC
5063466248206,In The Eyes Of Sorrow,NDanese13,Яндекс.Музыка,Подписка,,,7,"0,04",0,ICECREAMMUSIC
5063635822121,INSIDE US,WANDERING FOG,vk,Аудиостриминг,,,1,0,"0,01",ICECREAMMUSIC
5063635822121,INSIDE US,WANDERING FOG,vk,Аудиостриминг,,,5,0,"0,09",ICECREAMMUSIC
5063635822121,INSIDE US,WANDERING FOG,vk,Аудиостриминг,,,6,0,"0,1",ICECREAMMUSIC
5063635822121,INSIDE US,WANDERING FOG,vk,Подписка,,,1,0,"0,15",ICECREAMMUSIC
5063635822121,INSIDE US,WANDERING FOG,vk,Аудиостриминг,,,12,0,"0,25",ICECREAMMUSIC
5063635822121,INSIDE US,WANDERING FOG,vk,Аудиостриминг,,,6,"0,02",0,ICECREAMMUSIC
5063635822121,INSIDE US,WANDERING FOG,vk,Аудиостриминг,,,5,"0,02",0,ICECREAMMUSIC
5063635822121,INSIDE US,WANDERING FOG,vk,Подписка,,,1,"0,04",0,ICECREAMMUSIC
5063635822121,INSIDE US,WANDERING FOG,vk,Аудиостриминг,,,14,"0,05",0,ICECREAMMUSIC
5063635822121,INSIDE US,WANDERING FOG,vk,Тексты песен,,,12,"0,46",0,ICECREAMMUSIC
5063635822121,INSIDE US,WANDERING FOG,Яндекс.Музыка,Аудиостриминг,,,1,0,0,ICECREAMMUSIC
5063635822121,INSIDE US,WANDERING FOG,Яндекс.Музыка,Аудиостриминг,,,1,0,0,ICECREAMMUSIC
5063635822121,INSIDE US,WANDERING FOG,Яндекс.Музыка,Аудиостриминг,,,1,0,0,ICECREAMMUSIC
5063635822121,INSIDE US,WANDERING FOG,Яндекс.Музыка,Подписка,,,1,0,"0,02",ICECREAMMUSIC
5063635822121,INSIDE US,WANDERING FOG,Яндекс.Музыка,Подписка,,,1,0,"0,02",ICECREAMMUSIC
5063635822121,INSIDE US,WANDERING FOG,Яндекс.Музыка,Подписка,,,2,0,"0,05",ICECREAMMUSIC
5063635822121,INSIDE US,WANDERING FOG,Яндекс.Музыка,Подписка,,,2,"0,01",0,ICECREAMMUSIC
5063635635684,Jackpot,Red Pradosa,Amazon,Подписка,,,1,0,"0,02",ICECREAMMUSIC
5063635635684,Jackpot,Red Pradosa,MusixMatch,Тексты песен,,,27,"0,09",0,ICECREAMMUSIC
5063635635684,Jackpot,Red Pradosa,TikTok,Видео,,,1,0,"0,02",ICECREAMMUSIC
5063635635684,Jackpot,Red Pradosa,vk,Аудиостриминг,,,1,0,0,ICECREAMMUSIC
5063635635684,Jackpot,Red Pradosa,vk,Аудиостриминг,,,1,0,"0,01",ICECREAMMUSIC
5063635635684,Jackpot,Red Pradosa,vk,Аудиостриминг,,,1,0,"0,03",ICECREAMMUSIC
5063635635684,Jackpot,Red Pradosa,vk,Подписка,,,1,0,"0,07",ICECREAMMUSIC
5063635635684,Jackpot,Red Pradosa,vk,Аудиостриминг,,,11,0,"0,21",ICECREAMMUSIC
5063635635684,Jackpot,Red Pradosa,vk,Аудиостриминг,,,12,0,"0,25",ICECREAMMUSIC
5063635635684,Jackpot,Red Pradosa,vk,Подписка,,,2,0,"0,3",ICECREAMMUSIC
5063635635684,Jackpot,Red Pradosa,vk,Аудиостриминг,,,17,0,"0,34",ICECREAMMUSIC
5063635635684,Jackpot,Red Pradosa,vk,Подписка,,,5,0,"0,64",ICECREAMMUSIC
5063635635684,Jackpot,Red Pradosa,vk,Подписка,,,1,"0,02",0,ICECREAMMUSIC
5063635635684,Jackpot,Red Pradosa,vk,Аудиостриминг,,,12,"0,04",0,ICECREAMMUSIC
5063635635684,Jackpot,Red Pradosa,vk,Аудиостриминг,,,14,"0,05",0,ICECREAMMUSIC
5063635635684,Jackpot,Red Pradosa,vk,Аудиостриминг,,,19,"0,06",0,ICECREAMMUSIC
5063635635684,Jackpot,Red Pradosa,vk,Подписка,,,2,"0,08",0,ICECREAMMUSIC
5063635635684,Jackpot,Red Pradosa,vk,Тексты песен,,,3,"0,09",0,ICECREAMMUSIC
5063635635684,Jackpot,Red Pradosa,vk,Подписка,,,5,"0,16",0,ICECREAMMUSIC
5063635635684,Jackpot,Red Pradosa,vk клипы,Видео,,,10391,0,"3,13",ICECREAMMUSIC
5063635635684,Jackpot,Red Pradosa,vk клипы,Видео,,,10391,"3,13",0,ICECREAMMUSIC
5063635635684,Jackpot,Red Pradosa,Яндекс.Музыка,Аудиостриминг,,,1,0,0,ICECREAMMUSIC
5063635635684,Jackpot,Red Pradosa,Яндекс.Музыка,Аудиостриминг,,,1,0,0,ICECREAMMUSIC
5063635635684,Jackpot,Red Pradosa,Яндекс.Музыка,Аудиостриминг,,,1,0,0,ICECREAMMUSIC
5063635635684,Jackpot,Red Pradosa,Яндекс.Музыка,Подписка,,,1,0,"0,02",ICECREAMMUSIC
5063635635684,Jackpot,Red Pradosa,Яндекс.Музыка,Подписка,,,2,0,"0,05",ICECREAMMUSIC
5063635635684,Jackpot,Red Pradosa,Яндекс.Музыка,Подписка,,,3,0,"0,08",ICECREAMMUSIC
5063635635684,Jackpot,Red Pradosa,Яндекс.Музыка,Подписка,,,11,"0,06",0,ICECREAMMUSIC
5063466873712,just empty your mind,DJ VAZ,vk,Аудиостриминг,,,1,0,"0,01",ICECREAMMUSIC
5063466873712,just empty your mind,DJ VAZ,vk,Аудиостриминг,,,1,0,"0,02",ICECREAMMUSIC
5063466873712,just empty your mind,DJ VAZ,vk,Аудиостриминг,,,1,0,"0,02",ICECREAMMUSIC
5063466873712,just empty your mind,DJ VAZ,vk,Подписка,,,1,0,"0,15",ICECREAMMUSIC
5063466873712,just empty your mind,DJ VAZ,vk,Подписка,,,1,"0,04",0,ICECREAMMUSIC
5063635367288,Kenig West Coast,"Shine L'Ka, Ramigos",Lyric Find,Тексты песен,,,1,"0,05",0,ICECREAMMUSIC
5063635367288,Kenig West Coast,"Shine L'Ka, Ramigos",vk,Аудиостриминг,,,1,0,"0,02",ICECREAMMUSIC
5063635367288,Kenig West Coast,"Shine L'Ka, Ramigos",vk,Аудиостриминг,,,2,0,"0,03",ICECREAMMUSIC
5063635367288,Kenig West Coast,"Shine L'Ka, Ramigos",vk,Аудиостриминг,,,4,0,"0,07",ICECREAMMUSIC
5063635367288,Kenig West Coast,"Shine L'Ka, Ramigos",vk,Аудиостриминг,,,5,0,"0,09",ICECREAMMUSIC
5063635367288,Kenig West Coast,"Shine L'Ka, Ramigos",vk,Подписка,,,3,0,"0,38",ICECREAMMUSIC
5063635367288,Kenig West Coast,"Shine L'Ka, Ramigos",vk,Аудиостриминг,,,2,"0,01",0,ICECREAMMUSIC
5063635367288,Kenig West Coast,"Shine L'Ka, Ramigos",vk,Аудиостриминг,,,4,"0,01",0,ICECREAMMUSIC
5063635367288,Kenig West Coast,"Shine L'Ka, Ramigos",vk,Аудиостриминг,,,5,"0,02",0,ICECREAMMUSIC
5063635367288,Kenig West Coast,"Shine L'Ka, Ramigos",vk,Подписка,,,3,"0,1",0,ICECREAMMUSIC
5063635367288,Kenig West Coast,"Shine L'Ka, Ramigos",Яндекс.Музыка,Аудиостриминг,,,1,0,0,ICECREAMMUSIC
5063635367288,Kenig West Coast,"Shine L'Ka, Ramigos",Яндекс.Музыка,Аудиостриминг,,,1,0,0,ICECREAMMUSIC
5063635367288,Kenig West Coast,"Shine L'Ka, Ramigos",Яндекс.Музыка,Аудиостриминг,,,3,0,"0,02",ICECREAMMUSIC
5063635367288,Kenig West Coast,"Shine L'Ka, Ramigos",Яндекс.Музыка,Подписка,,,3,0,"0,08",ICECREAMMUSIC
5063635367288,Kenig West Coast,"Shine L'Ka, Ramigos",Яндекс.Музыка,Подписка,,,4,0,"0,1",ICECREAMMUSIC
5063635367288,Kenig West Coast,"Shine L'Ka, Ramigos",Яндекс.Музыка,Подписка,,,10,0,"0,36",ICECREAMMUSIC
5063635367288,Kenig West Coast,"Shine L'Ka, Ramigos",Яндекс.Музыка,Подписка,,,8,"0,04",0,ICECREAMMUSIC
5063316826325,LAMBO,happysad,Amazon,Подписка,,,1,0,"0,07",ICECREAMMUSIC
5063316826325,LAMBO,happysad,vk,Аудиостриминг,,,1,0,"0,01",ICECREAMMUSIC
5063316826325,LAMBO,happysad,vk,Аудиостриминг,,,3,0,"0,05",ICECREAMMUSIC
5063316826325,LAMBO,happysad,vk,Аудиостриминг,,,4,0,"0,07",ICECREAMMUSIC
5063316826325,LAMBO,happysad,vk,Аудиостриминг,,,9,0,"0,17",ICECREAMMUSIC
5063316826325,LAMBO,happysad,vk,Подписка,,,2,0,"0,25",ICECREAMMUSIC
5063316826325,LAMBO,happysad,vk,Аудиостриминг,,,3,"0,01",0,ICECREAMMUSIC
5063316826325,LAMBO,happysad,vk,Аудиостриминг,,,4,"0,01",0,ICECREAMMUSIC
5063316826325,LAMBO,happysad,vk,Аудиостриминг,,,10,"0,03",0,ICECREAMMUSIC
5063316826325,LAMBO,happysad,vk,Подписка,,,2,"0,06",0,ICECREAMMUSIC
5063316826325,LAMBO,happysad,Яндекс.Музыка,Аудиостриминг,,,1,0,0,ICECREAMMUSIC
5063316826325,LAMBO,happysad,Яндекс.Музыка,Подписка,,,1,0,"0,02",ICECREAMMUSIC
5016123005360,light my path,Voryb,vk,Аудиостриминг,,,1,0,"0,01",ICECREAMMUSIC
5016123005360,light my path,Voryb,vk,Подписка,,,1,0,"0,15",ICECREAMMUSIC
5016123005360,light my path,Voryb,vk,Подписка,,,1,"0,04",0,ICECREAMMUSIC
5016123005360,light my path,Voryb,vk,Аудиостриминг,,,18,"0,06",0,ICECREAMMUSIC
5016123005360,light my path,Voryb,Яндекс.Музыка,Аудиостриминг,,,4,0,"0,02",ICECREAMMUSIC
5016123005360,light my path,Voryb,Яндекс.Музыка,Подписка,,,13,0,"0,51",ICECREAMMUSIC
5063833358514,LONELY STAR,"ЧИКУРЯЛА, Ckeabrona",vk,Аудиостриминг,,,1,0,"0,02",ICECREAMMUSIC
5063833358514,LONELY STAR,"ЧИКУРЯЛА, Ckeabrona",Яндекс.Музыка,Подписка,,,1,"0,01",0,ICECREAMMUSIC
5063833256810,Love kills,Laxon,Line,Подписка,,,1,0,"0,17",ICECREAMMUSIC
5063833256810,Love kills,Laxon,Lyric Find,Тексты песен,,,1,"0,18",0,ICECREAMMUSIC
5063833256810,Love kills,Laxon,MusixMatch,Тексты песен,,,4,"0,02",0,ICECREAMMUSIC
5063833256810,Love kills,Laxon,vk,Аудиостриминг,,,2,0,"0,03",ICECREAMMUSIC
5063833256810,Love kills,Laxon,vk,Аудиостриминг,,,2,"0,01",0,ICECREAMMUSIC
5063833256810,Love kills,Laxon,vk,Тексты песен,,,3,"0,09",0,ICECREAMMUSIC
5063833256810,Love kills,Laxon,Яндекс.Музыка,Аудиостриминг,,,1,0,0,ICECREAMMUSIC
5063833256810,Love kills,Laxon,Яндекс.Музыка,Аудиостриминг,,,1,0,"0,01",ICECREAMMUSIC
5063833256810,Love kills,Laxon,Яндекс.Музыка,Аудиостриминг,,,1,0,"0,01",ICECREAMMUSIC
5063833256810,Love kills,Laxon,Яндекс.Музыка,Подписка,,,3,0,"0,08",ICECREAMMUSIC
5063833256810,Love kills,Laxon,Яндекс.Музыка,Подписка,,,4,0,"0,13",ICECREAMMUSIC
5063833256810,Love kills,Laxon,Яндекс.Музыка,Подписка,,,4,0,"0,13",ICECREAMMUSIC
5063833256810,Love kills,Laxon,Яндекс.Музыка,Подписка,,,9,"0,06",0,ICECREAMMUSIC
GUT200374,LV,KRISTY1K,vk,Аудиостриминг,,,1,0,0,ICECREAMMUSIC
GUT200374,LV,KRISTY1K,vk,Аудиостриминг,,,1,0,"0,01",ICECREAMMUSIC
GUT200374,LV,KRISTY1K,vk,Подписка,,,1,0,"0,06",ICECREAMMUSIC
GUT200374,LV,KRISTY1K,vk,Подписка,,,1,0,"0,13",ICECREAMMUSIC
GUT200374,LV,KRISTY1K,vk,Подписка,,,1,"0,01",0,ICECREAMMUSIC
GUT200374,LV,KRISTY1K,vk,Подписка,,,1,"0,03",0,ICECREAMMUSIC
GUT200374,LV,KRISTY1K,КИОН Музыка,Подписка,,,2,0,"0,14",ICECREAMMUSIC
GUT200374,LV,KRISTY1K,КИОН Музыка,Подписка,,,2,"0,03",0,ICECREAMMUSIC
GUT200374,LV,KRISTY1K,Яндекс.Музыка,Аудиостриминг,,,1,0,0,ICECREAMMUSIC
GUT200374,LV,KRISTY1K,Яндекс.Музыка,Аудиостриминг,,,1,0,"0,01",ICECREAMMUSIC
GUT200374,LV,KRISTY1K,Яндекс.Музыка,Аудиостриминг,,,1,0,"0,01",ICECREAMMUSIC
GUT200374,LV,KRISTY1K,Яндекс.Музыка,Подписка,,,3,0,"0,08",ICECREAMMUSIC
GUT200374,LV,KRISTY1K,Яндекс.Музыка,Подписка,,,4,0,"0,15",ICECREAMMUSIC
GUT200374,LV,KRISTY1K,Яндекс.Музыка,Подписка,,,2,"0,01",0,ICECREAMMUSIC
GUT200190,Maison Margiela Jeans,"Едовин Иван Денисович, Почекуев Александр Руфинови",Amazon,Подписка,,,1,0,"0,02",ICECREAMMUSIC
GUT200190,Maison Margiela Jeans,"Едовин Иван Денисович, Почекуев Александр Руфинови",Amazon,Подписка,,,1,0,"0,07",ICECREAMMUSIC
GUT200190,Maison Margiela Jeans,"Едовин Иван Денисович, Почекуев Александр Руфинови",Amazon,Подписка,,,2,0,"0,14",ICECREAMMUSIC
GUT200190,Maison Margiela Jeans,"Едовин Иван Денисович, Почекуев Александр Руфинови",vk,Аудиостриминг,,,1,0,"0,01",ICECREAMMUSIC
GUT200190,Maison Margiela Jeans,"Едовин Иван Денисович, Почекуев Александр Руфинови",vk,Аудиостриминг,,,1,0,"0,01",ICECREAMMUSIC
GUT200190,Maison Margiela Jeans,"Едовин Иван Денисович, Почекуев Александр Руфинови",vk,Аудиостриминг,,,3,0,"0,05",ICECREAMMUSIC
GUT200190,Maison Margiela Jeans,"Едовин Иван Денисович, Почекуев Александр Руфинови",vk,Аудиостриминг,,,4,0,"0,07",ICECREAMMUSIC
GUT200190,Maison Margiela Jeans,"Едовин Иван Денисович, Почекуев Александр Руфинови",vk,Подписка,,,1,0,"0,15",ICECREAMMUSIC
GUT200190,Maison Margiela Jeans,"Едовин Иван Денисович, Почекуев Александр Руфинови",vk,Подписка,,,2,0,"0,17",ICECREAMMUSIC
GUT200190,Maison Margiela Jeans,"Едовин Иван Денисович, Почекуев Александр Руфинови",vk,Аудиостриминг,,,3,"0,01",0,ICECREAMMUSIC
GUT200190,Maison Margiela Jeans,"Едовин Иван Денисович, Почекуев Александр Руфинови",vk,Аудиостриминг,,,4,"0,01",0,ICECREAMMUSIC
GUT200190,Maison Margiela Jeans,"Едовин Иван Денисович, Почекуев Александр Руфинови",vk,Подписка,,,1,"0,04",0,ICECREAMMUSIC
GUT200190,Maison Margiela Jeans,"Едовин Иван Денисович, Почекуев Александр Руфинови",vk,Подписка,,,2,"0,04",0,ICECREAMMUSIC
GUT200190,Maison Margiela Jeans,"Едовин Иван Денисович, Почекуев Александр Руфинови",vk,Тексты песен,,,5,"0,18",0,ICECREAMMUSIC
GUT200190,Maison Margiela Jeans,"Едовин Иван Денисович, Почекуев Александр Руфинови",Яндекс.Музыка,Аудиостриминг,,,1,0,0,ICECREAMMUSIC
GUT200190,Maison Margiela Jeans,"Едовин Иван Денисович, Почекуев Александр Руфинови",Яндекс.Музыка,Аудиостриминг,,,1,0,0,ICECREAMMUSIC
GUT200190,Maison Margiela Jeans,"Едовин Иван Денисович, Почекуев Александр Руфинови",Яндекс.Музыка,Аудиостриминг,,,1,0,0,ICECREAMMUSIC
GUT200190,Maison Margiela Jeans,"Едовин Иван Денисович, Почекуев Александр Руфинови",Яндекс.Музыка,Подписка,,,1,0,"0,02",ICECREAMMUSIC
GUT200190,Maison Margiela Jeans,"Едовин Иван Денисович, Почекуев Александр Руфинови",Яндекс.Музыка,Подписка,,,3,0,"0,08",ICECREAMMUSIC
GUT200190,Maison Margiela Jeans,"Едовин Иван Денисович, Почекуев Александр Руфинови",Яндекс.Музыка,Подписка,,,4,0,"0,1",ICECREAMMUSIC
GUT200190,Maison Margiela Jeans,"Едовин Иван Денисович, Почекуев Александр Руфинови",Яндекс.Музыка,Подписка,,,9,"0,06",0,ICECREAMMUSIC
5063316941530,Make It Pop (Bonus),"NEKKITJ, BuddyBeatz",vk,Аудиостриминг,,,2,0,"0,03",ICECREAMMUSIC
5063316941530,Make It Pop (Bonus),"NEKKITJ, BuddyBeatz",vk,Аудиостриминг,,,2,0,"0,03",ICECREAMMUSIC
5063316941530,Make It Pop (Bonus),"NEKKITJ, BuddyBeatz",vk,Аудиостриминг,,,2,"0,01",0,ICECREAMMUSIC
5063316941530,Make It Pop (Bonus),"NEKKITJ, BuddyBeatz",vk,Аудиостриминг,,,2,"0,01",0,ICECREAMMUSIC
5063833435659,Malkavian,Juma,Apple Music,Подписка,,,1,0,"0,1",ICECREAMMUSIC
5063833435659,Malkavian,Juma,Apple Music,Подписка,,,4,0,"0,61",ICECREAMMUSIC
5063833435659,Malkavian,Juma,Apple Music,Подписка,,,7,0,"1,51",ICECREAMMUSIC
5063833435659,Malkavian,Juma,QQMusic,Аудиостриминг,,,1,0,"0,01",ICECREAMMUSIC
5063833435659,Malkavian,Juma,TikTok,Видео,,,1,0,"0,02",ICECREAMMUSIC
5063833435659,Malkavian,Juma,vk,Пробная подписка,,,6,0,"2,83",ICECREAMMUSIC
5063833435659,Malkavian,Juma,vk,Пробная подписка,,,7,0,"3,18",ICECREAMMUSIC
5063833435659,Malkavian,Juma,vk,Пробная подписка,,,5,0,"3,69",ICECREAMMUSIC
5063833435659,Malkavian,Juma,vk,Аудиостриминг,,,84,0,"4,48",ICECREAMMUSIC
5063833435659,Malkavian,Juma,vk,Аудиостриминг,,,119,0,"5,22",ICECREAMMUSIC
5063833435659,Malkavian,Juma,vk,Аудиостриминг,,,101,0,"5,27",ICECREAMMUSIC
5063833435659,Malkavian,Juma,vk,Аудиостриминг,,,2057,0,"43,91",ICECREAMMUSIC
5063833435659,Malkavian,Juma,vk,Аудиостриминг,,,2471,0,"52,76",ICECREAMMUSIC
5063833435659,Malkavian,Juma,vk,Аудиостриминг,,,2646,0,"56,49",ICECREAMMUSIC
5063833435659,Malkavian,Juma,vk,Подписка,,,474,0,"100,02",ICECREAMMUSIC
5063833435659,Malkavian,Juma,vk,Подписка,,,669,0,"116,52",ICECREAMMUSIC
5063833435659,Malkavian,Juma,vk,Подписка,,,573,0,"117,71",ICECREAMMUSIC
5063833435659,Malkavian,Juma,vk,Пробная подписка,,,7,"0,7",0,ICECREAMMUSIC
5063833435659,Malkavian,Juma,vk,Пробная подписка,,,8,"0,78",0,ICECREAMMUSIC
5063833435659,Malkavian,Juma,vk,Пробная подписка,,,5,"0,91",0,ICECREAMMUSIC
5063833435659,Malkavian,Juma,vk,Аудиостриминг,,,2420,"8,1",0,ICECREAMMUSIC
5063833435659,Malkavian,Juma,vk,Аудиостриминг,,,2907,"9,73",0,ICECREAMMUSIC
5063833435659,Malkavian,Juma,vk,Аудиостриминг,,,3112,"10,42",0,ICECREAMMUSIC
5063833435659,Malkavian,Juma,vk,Подписка,,,557,"24,7",0,ICECREAMMUSIC
5063833435659,Malkavian,Juma,vk,Подписка,,,787,"28,78",0,ICECREAMMUSIC
5063833435659,Malkavian,Juma,vk,Подписка,,,673,"29,06",0,ICECREAMMUSIC
5063833435659,Malkavian,Juma,YouTube Music,Подписка,,,5,0,"0,25",ICECREAMMUSIC
5063833435659,Malkavian,Juma,YouTube Premium,Подписка,,,2,0,"0,11",ICECREAMMUSIC
5063833435659,Malkavian,Juma,YouTube Premium,Подписка,,,10,0,"0,85",ICECREAMMUSIC
5063833435659,Malkavian,Juma,Яндекс.Музыка,Аудиостриминг,,,2,0,"0,01",ICECREAMMUSIC
5063833435659,Malkavian,Juma,Яндекс.Музыка,Аудиостриминг,,,2,0,"0,01",ICECREAMMUSIC
5063833435659,Malkavian,Juma,Яндекс.Музыка,Аудиостриминг,,,2,0,"0,01",ICECREAMMUSIC
5063833435659,Malkavian,Juma,Яндекс.Музыка,Подписка,,,7,0,"0,22",ICECREAMMUSIC
5063833435659,Malkavian,Juma,Яндекс.Музыка,Подписка,,,7,0,"0,26",ICECREAMMUSIC
5063833435659,Malkavian,Juma,Яндекс.Музыка,Подписка,,,8,0,"0,31",ICECREAMMUSIC
5063833435659,Malkavian,Juma,Яндекс.Музыка,Подписка,,,20,"0,11",0,ICECREAMMUSIC
GUT200321,MAXIMUM RICHIE,"TigerGid, IceTrae, Big Stepper",Amazon,Подписка,,,1,0,"0,06",ICECREAMMUSIC
GUT200321,MAXIMUM RICHIE,"TigerGid, IceTrae, Big Stepper",Amazon,Подписка,,,1,0,"0,07",ICECREAMMUSIC
GUT200321,MAXIMUM RICHIE,"TigerGid, IceTrae, Big Stepper",Apple Music,Подписка,,,2,"0,05",0,ICECREAMMUSIC
GUT200321,MAXIMUM RICHIE,"TigerGid, IceTrae, Big Stepper",MusixMatch,Тексты песен,,,16,"0,07",0,ICECREAMMUSIC
GUT200321,MAXIMUM RICHIE,"TigerGid, IceTrae, Big Stepper",vk,Аудиостриминг,,,1,0,"0,02",ICECREAMMUSIC
GUT200321,MAXIMUM RICHIE,"TigerGid, IceTrae, Big Stepper",YouTube,Аудио,,,5,0,"0,09",ICECREAMMUSIC
GUT200321,MAXIMUM RICHIE,"TigerGid, IceTrae, Big Stepper",YouTube Premium,Подписка,,,2,0,"0,57",ICECREAMMUSIC
GUT200321,MAXIMUM RICHIE,"TigerGid, IceTrae, Big Stepper",Яндекс.Музыка,Аудиостриминг,,,1,0,0,ICECREAMMUSIC
GUT200321,MAXIMUM RICHIE,"TigerGid, IceTrae, Big Stepper",Яндекс.Музыка,Аудиостриминг,,,2,0,"0,01",ICECREAMMUSIC
GUT200321,MAXIMUM RICHIE,"TigerGid, IceTrae, Big Stepper",Яндекс.Музыка,Аудиостриминг,,,2,0,"0,01",ICECREAMMUSIC
GUT200321,MAXIMUM RICHIE,"TigerGid, IceTrae, Big Stepper",Яндекс.Музыка,Подписка,,,2,0,"0,05",ICECREAMMUSIC
GUT200321,MAXIMUM RICHIE,"TigerGid, IceTrae, Big Stepper",Яндекс.Музыка,Подписка,,,5,0,"0,18",ICECREAMMUSIC
GUT200321,MAXIMUM RICHIE,"TigerGid, IceTrae, Big Stepper",Яндекс.Музыка,Подписка,,,5,0,"0,18",ICECREAMMUSIC
GUT200321,MAXIMUM RICHIE,"TigerGid, IceTrae, Big Stepper",Яндекс.Музыка,Подписка,,,12,"0,07",0,ICECREAMMUSIC
5063833135795,Mise En Place,ZERBEATS,vk,Аудиостриминг,,,1,0,"0,01",ICECREAMMUSIC
5063833135795,Mise En Place,ZERBEATS,vk,Аудиостриминг,,,1,0,"0,01",ICECREAMMUSIC
5063833135795,Mise En Place,ZERBEATS,vk,Аудиостриминг,,,1,0,"0,03",ICECREAMMUSIC
5063833135795,Mise En Place,ZERBEATS,vk,Аудиостриминг,,,4,0,"0,07",ICECREAMMUSIC
5063833135795,Mise En Place,ZERBEATS,vk,Аудиостриминг,,,6,0,"0,11",ICECREAMMUSIC
5063833135795,Mise En Place,ZERBEATS,vk,Подписка,,,1,0,"0,15",ICECREAMMUSIC
5063833135795,Mise En Place,ZERBEATS,vk,Аудиостриминг,,,8,0,"0,16",ICECREAMMUSIC
5063833135795,Mise En Place,ZERBEATS,vk,Подписка,,,2,0,"0,25",ICECREAMMUSIC
5063833135795,Mise En Place,ZERBEATS,vk,Подписка,,,4,0,"0,56",ICECREAMMUSIC
5063833135795,Mise En Place,ZERBEATS,vk,Аудиостриминг,,,4,"0,01",0,ICECREAMMUSIC
5063833135795,Mise En Place,ZERBEATS,vk,Аудиостриминг,,,7,"0,02",0,ICECREAMMUSIC
5063833135795,Mise En Place,ZERBEATS,vk,Аудиостриминг,,,9,"0,03",0,ICECREAMMUSIC
5063833135795,Mise En Place,ZERBEATS,vk,Подписка,,,1,"0,04",0,ICECREAMMUSIC
5063833135795,Mise En Place,ZERBEATS,vk,Подписка,,,2,"0,06",0,ICECREAMMUSIC
5063833135795,Mise En Place,ZERBEATS,vk,Подписка,,,4,"0,14",0,ICECREAMMUSIC
5063833135795,Mise En Place,ZERBEATS,Яндекс.Музыка,Аудиостриминг,,,1,0,0,ICECREAMMUSIC
5063833135795,Mise En Place,ZERBEATS,Яндекс.Музыка,Подписка,,,2,0,"0,06",ICECREAMMUSIC
5063833135795,Mise En Place,ZERBEATS,Яндекс.Музыка,Подписка,,,4,"0,02",0,ICECREAMMUSIC
5063833652964,MISS,"Ckeabrona, GOVYBE",Яндекс.Музыка,Аудиостриминг,,,1,0,0,ICECREAMMUSIC
5063833652964,MISS,"Ckeabrona, GOVYBE",Яндекс.Музыка,Подписка,,,1,0,"0,02",ICECREAMMUSIC
5063833652964,MISS,"Ckeabrona, GOVYBE",Яндекс.Музыка,Подписка,,,1,"0,01",0,ICECREAMMUSIC
5063466300140,Miss you,NEKKITJ,vk,Аудиостриминг,,,1,0,"0,01",ICECREAMMUSIC
5063466300140,Miss you,NEKKITJ,vk,Аудиостриминг,,,1,0,"0,02",ICECREAMMUSIC
5063466300140,Miss you,NEKKITJ,vk,Подписка,,,1,0,"0,13",ICECREAMMUSIC
5063466300140,Miss you,NEKKITJ,vk,Подписка,,,1,"0,03",0,ICECREAMMUSIC
5063466300140,Miss you,NEKKITJ,Яндекс.Музыка,Аудиостриминг,,,1,0,0,ICECREAMMUSIC
5063466300140,Miss you,NEKKITJ,Яндекс.Музыка,Аудиостриминг,,,1,0,0,ICECREAMMUSIC
5063466300140,Miss you,NEKKITJ,Яндекс.Музыка,Аудиостриминг,,,1,0,0,ICECREAMMUSIC
5063466300140,Miss you,NEKKITJ,Яндекс.Музыка,Подписка,,,1,0,"0,02",ICECREAMMUSIC
5063466300140,Miss you,NEKKITJ,Яндекс.Музыка,Подписка,,,1,0,"0,02",ICECREAMMUSIC
5063466300140,Miss you,NEKKITJ,Яндекс.Музыка,Подписка,,,3,0,"0,08",ICECREAMMUSIC
5063466300140,Miss you,NEKKITJ,Яндекс.Музыка,Подписка,,,1,"0,01",0,ICECREAMMUSIC
GUT200393,Moncler,TigerGid,vk,Аудиостриминг,,,1,0,0,ICECREAMMUSIC
GUT200393,Moncler,TigerGid,vk,Подписка,,,1,0,"0,07",ICECREAMMUSIC
GUT200393,Moncler,TigerGid,vk,Подписка,,,1,"0,02",0,ICECREAMMUSIC
GUT200393,Moncler,TigerGid,Яндекс.Музыка,Аудиостриминг,,,1,0,0,ICECREAMMUSIC
GUT200393,Moncler,TigerGid,Яндекс.Музыка,Аудиостриминг,,,2,0,"0,01",ICECREAMMUSIC
GUT200393,Moncler,TigerGid,Яндекс.Музыка,Аудиостриминг,,,2,0,"0,01",ICECREAMMUSIC
GUT200393,Moncler,TigerGid,Яндекс.Музыка,Подписка,,,4,0,"0,1",ICECREAMMUSIC
GUT200393,Moncler,TigerGid,Яндекс.Музыка,Подписка,,,5,0,"0,17",ICECREAMMUSIC
GUT200393,Moncler,TigerGid,Яндекс.Музыка,Подписка,,,6,0,"0,2",ICECREAMMUSIC
GUT200393,Moncler,TigerGid,Яндекс.Музыка,Подписка,,,12,"0,06",0,ICECREAMMUSIC
5063833652995,Money be talkin',"Ckeabrona, WATERHEAD",Яндекс.Музыка,Аудиостриминг,,,1,0,0,ICECREAMMUSIC
5063833652995,Money be talkin',"Ckeabrona, WATERHEAD",Яндекс.Музыка,Аудиостриминг,,,1,0,0,ICECREAMMUSIC
5063833652995,Money be talkin',"Ckeabrona, WATERHEAD",Яндекс.Музыка,Подписка,,,1,0,"0,02",ICECREAMMUSIC
5063833652995,Money be talkin',"Ckeabrona, WATERHEAD",Яндекс.Музыка,Подписка,,,1,0,"0,02",ICECREAMMUSIC
5063833652995,Money be talkin',"Ckeabrona, WATERHEAD",Яндекс.Музыка,Подписка,,,1,"0,01",0,ICECREAMMUSIC
5063635635837,mrak,HXART,vk,Аудиостриминг,,,1,0,"0,02",ICECREAMMUSIC
5063635635837,mrak,HXART,Яндекс.Музыка,Аудиостриминг,,,1,0,0,ICECREAMMUSIC
5063635635837,mrak,HXART,Яндекс.Музыка,Подписка,,,4,0,"0,1",ICECREAMMUSIC
5063635635837,mrak,HXART,Яндекс.Музыка,Подписка,,,1,"0,01",0,ICECREAMMUSIC
5063316825731,MY LOVE,CANDYL,Kugou,Аудиостриминг,,,1,0,"0,01",ICECREAMMUSIC
5063316825731,MY LOVE,CANDYL,YouTube,Аудио,,,4,0,"0,01",ICECREAMMUSIC
5063316825731,MY LOVE,CANDYL,Яндекс.Музыка,Аудиостриминг,,,1,0,0,ICECREAMMUSIC
5063316825731,MY LOVE,CANDYL,Яндекс.Музыка,Аудиостриминг,,,1,0,0,ICECREAMMUSIC
5063316825731,MY LOVE,CANDYL,Яндекс.Музыка,Подписка,,,1,0,"0,02",ICECREAMMUSIC
5063316825731,MY LOVE,CANDYL,Яндекс.Музыка,Подписка,,,2,0,"0,05",ICECREAMMUSIC
5063316825731,MY LOVE,CANDYL,Яндекс.Музыка,Подписка,,,4,"0,02",0,ICECREAMMUSIC
GUT200300,my queen my princess,TigerGid,MusixMatch,Тексты песен,,,23,"0,01",0,ICECREAMMUSIC
GUT200300,my queen my princess,TigerGid,vk,Аудиостриминг,,,1,0,0,ICECREAMMUSIC
GUT200300,my queen my princess,TigerGid,vk,Аудиостриминг,,,1,0,"0,01",ICECREAMMUSIC
GUT200300,my queen my princess,TigerGid,vk,Аудиостриминг,,,2,0,"0,03",ICECREAMMUSIC
GUT200300,my queen my princess,TigerGid,vk,Подписка,,,1,0,"0,06",ICECREAMMUSIC
GUT200300,my queen my princess,TigerGid,vk,Подписка,,,2,0,"0,17",ICECREAMMUSIC
GUT200300,my queen my princess,TigerGid,vk,Аудиостриминг,,,2,"0,01",0,ICECREAMMUSIC
GUT200300,my queen my princess,TigerGid,vk,Подписка,,,1,"0,01",0,ICECREAMMUSIC
GUT200300,my queen my princess,TigerGid,vk,Подписка,,,2,"0,04",0,ICECREAMMUSIC
GUT200300,my queen my princess,TigerGid,vk,Тексты песен,,,3,"0,09",0,ICECREAMMUSIC
GUT200300,my queen my princess,TigerGid,Иная дистрибуция,Видео,,,149,0,"0,16",ICECREAMMUSIC
GUT200300,my queen my princess,TigerGid,Яндекс.Музыка,Аудиостриминг,,,1,0,"0,01",ICECREAMMUSIC
GUT200300,my queen my princess,TigerGid,Яндекс.Музыка,Аудиостриминг,,,2,0,"0,01",ICECREAMMUSIC
GUT200300,my queen my princess,TigerGid,Яндекс.Музыка,Аудиостриминг,,,2,0,"0,01",ICECREAMMUSIC
GUT200300,my queen my princess,TigerGid,Яндекс.Музыка,Подписка,,,4,0,"0,15",ICECREAMMUSIC
GUT200300,my queen my princess,TigerGid,Яндекс.Музыка,Подписка,,,5,0,"0,18",ICECREAMMUSIC
GUT200300,my queen my princess,TigerGid,Яндекс.Музыка,Подписка,,,8,0,"0,28",ICECREAMMUSIC
GUT200300,my queen my princess,TigerGid,Яндекс.Музыка,Подписка,,,17,"0,1",0,ICECREAMMUSIC
5063833643047,Namers,THIRTEENKILLA,vk,Аудиостриминг,,,2,0,"0,03",ICECREAMMUSIC
5063833643047,Namers,THIRTEENKILLA,vk,Аудиостриминг,,,4,0,"0,07",ICECREAMMUSIC
5063833643047,Namers,THIRTEENKILLA,vk,Аудиостриминг,,,15,0,"0,31",ICECREAMMUSIC
5063833643047,Namers,THIRTEENKILLA,vk,Аудиостриминг,,,12,0,"0,66",ICECREAMMUSIC
5063833643047,Namers,THIRTEENKILLA,vk,Подписка,,,66,0,"14,72",ICECREAMMUSIC
5063833643047,Namers,THIRTEENKILLA,vk,Аудиостриминг,,,2,"0,01",0,ICECREAMMUSIC
5063833643047,Namers,THIRTEENKILLA,vk,Аудиостриминг,,,4,"0,01",0,ICECREAMMUSIC
5063833643047,Namers,THIRTEENKILLA,vk,Аудиостриминг,,,17,"0,06",0,ICECREAMMUSIC
5063833643047,Namers,THIRTEENKILLA,vk,Подписка,,,77,"3,63",0,ICECREAMMUSIC
5063833643047,Namers,THIRTEENKILLA,YouTube,Аудио,,,8,0,"0,03",ICECREAMMUSIC
5063833643047,Namers,THIRTEENKILLA,YouTube,Аудио,,,7,0,"0,05",ICECREAMMUSIC
5063833643047,Namers,THIRTEENKILLA,YouTube,Аудиостриминг,,,5,0,"0,11",ICECREAMMUSIC
5063833643047,Namers,THIRTEENKILLA,Иная дистрибуция,Видео,,,41,0,"0,01",ICECREAMMUSIC
5063833643047,Namers,THIRTEENKILLA,Яндекс.Музыка,Аудиостриминг,,,4,0,"0,02",ICECREAMMUSIC
5063833643047,Namers,THIRTEENKILLA,Яндекс.Музыка,Аудиостриминг,,,5,0,"0,03",ICECREAMMUSIC
5063833643047,Namers,THIRTEENKILLA,Яндекс.Музыка,Аудиостриминг,,,10,0,"0,1",ICECREAMMUSIC
5063833643047,Namers,THIRTEENKILLA,Яндекс.Музыка,Аудиостриминг,,,32,0,"0,21",ICECREAMMUSIC
5063833643047,Namers,THIRTEENKILLA,Яндекс.Музыка,Подписка,,,13,0,"0,46",ICECREAMMUSIC
5063833643047,Namers,THIRTEENKILLA,Яндекс.Музыка,Подписка,,,20,0,"0,79",ICECREAMMUSIC
5063833643047,Namers,THIRTEENKILLA,Яндекс.Музыка,Подписка,,,125,0,"4,96",ICECREAMMUSIC
5063833643047,Namers,THIRTEENKILLA,Яндекс.Музыка,Подписка,,,58,"0,34",0,ICECREAMMUSIC
5063833643047,Namers,THIRTEENKILLA,Яндекс.Музыка,Аудиостриминг,,,231,"0,57",0,ICECREAMMUSIC
5063945311346,NEDOSTUPEN,"YONAS, KRISTY1K, LUNABAY",Netease Cloud Music,Аудиостриминг,,,1,0,"0,01",ICECREAMMUSIC
5063945311346,NEDOSTUPEN,"YONAS, KRISTY1K, LUNABAY",Netease Cloud Music,Подписка,,,20,0,"0,42",ICECREAMMUSIC
5063945311346,NEDOSTUPEN,"YONAS, KRISTY1K, LUNABAY",QQMusic,Аудиостриминг,,,1,0,"0,01",ICECREAMMUSIC
5063945311346,NEDOSTUPEN,"YONAS, KRISTY1K, LUNABAY",QQMusic,Подписка,,,9,0,"0,32",ICECREAMMUSIC
5063945311346,NEDOSTUPEN,"YONAS, KRISTY1K, LUNABAY",vk,Аудиостриминг,,,1,0,"0,04",ICECREAMMUSIC
5063945311346,NEDOSTUPEN,"YONAS, KRISTY1K, LUNABAY",vk,Аудиостриминг,,,4,0,"0,06",ICECREAMMUSIC
5063945311346,NEDOSTUPEN,"YONAS, KRISTY1K, LUNABAY",vk,Аудиостриминг,,,3,0,"0,12",ICECREAMMUSIC
5063945311346,NEDOSTUPEN,"YONAS, KRISTY1K, LUNABAY",vk,Аудиостриминг,,,7,0,"0,15",ICECREAMMUSIC
5063945311346,NEDOSTUPEN,"YONAS, KRISTY1K, LUNABAY",vk,Подписка,,,6,0,"0,89",ICECREAMMUSIC
5063945311346,NEDOSTUPEN,"YONAS, KRISTY1K, LUNABAY",vk,Подписка,,,12,0,"2,59",ICECREAMMUSIC
5063945311346,NEDOSTUPEN,"YONAS, KRISTY1K, LUNABAY",vk,Аудиостриминг,,,4,"0,01",0,ICECREAMMUSIC
5063945311346,NEDOSTUPEN,"YONAS, KRISTY1K, LUNABAY",vk,Аудиостриминг,,,8,"0,03",0,ICECREAMMUSIC
5063945311346,NEDOSTUPEN,"YONAS, KRISTY1K, LUNABAY",vk,Подписка,,,6,"0,22",0,ICECREAMMUSIC
5063945311346,NEDOSTUPEN,"YONAS, KRISTY1K, LUNABAY",vk,Подписка,,,14,"0,64",0,ICECREAMMUSIC
5063945311346,NEDOSTUPEN,"YONAS, KRISTY1K, LUNABAY",YouTube,Аудио,,,4,0,"0,03",ICECREAMMUSIC
5063945311346,NEDOSTUPEN,"YONAS, KRISTY1K, LUNABAY",YouTube,Аудио,,,4,0,"0,26",ICECREAMMUSIC
5063945311346,NEDOSTUPEN,"YONAS, KRISTY1K, LUNABAY",Иная дистрибуция,Видео,,,68,0,"0,02",ICECREAMMUSIC
5063945311346,NEDOSTUPEN,"YONAS, KRISTY1K, LUNABAY",Яндекс.Музыка,Аудиостриминг,,,2,0,"0,01",ICECREAMMUSIC
5063945311346,NEDOSTUPEN,"YONAS, KRISTY1K, LUNABAY",Яндекс.Музыка,Аудиостриминг,,,6,0,"0,04",ICECREAMMUSIC
5063945311346,NEDOSTUPEN,"YONAS, KRISTY1K, LUNABAY",Яндекс.Музыка,Аудиостриминг,,,13,0,"0,09",ICECREAMMUSIC
5063945311346,NEDOSTUPEN,"YONAS, KRISTY1K, LUNABAY",Яндекс.Музыка,Подписка,,,23,0,"0,86",ICECREAMMUSIC
5063945311346,NEDOSTUPEN,"YONAS, KRISTY1K, LUNABAY",Яндекс.Музыка,Подписка,,,52,0,"2,02",ICECREAMMUSIC
5063833643047,Neravioli,THIRTEENKILLA,vk,Аудиостриминг,,,1,0,"0,02",ICECREAMMUSIC
5063833643047,Neravioli,THIRTEENKILLA,Яндекс.Музыка,Аудиостриминг,,,1,0,0,ICECREAMMUSIC
5063833643047,Neravioli,THIRTEENKILLA,Яндекс.Музыка,Аудиостриминг,,,2,0,"0,01",ICECREAMMUSIC
5063833643047,Neravioli,THIRTEENKILLA,Яндекс.Музыка,Аудиостриминг,,,2,0,"0,01",ICECREAMMUSIC
5063833643047,Neravioli,THIRTEENKILLA,Яндекс.Музыка,Подписка,,,3,0,"0,08",ICECREAMMUSIC
5063833643047,Neravioli,THIRTEENKILLA,Яндекс.Музыка,Подписка,,,5,0,"0,17",ICECREAMMUSIC
5063833643047,Neravioli,THIRTEENKILLA,Яндекс.Музыка,Подписка,,,7,0,"0,23",ICECREAMMUSIC
5063833643047,Neravioli,THIRTEENKILLA,Яндекс.Музыка,Подписка,,,25,"0,14",0,ICECREAMMUSIC
5063833652988,New Shaolin,"Ckeabrona, SINA!",vk,Аудиостриминг,,,1,0,"0,02",ICECREAMMUSIC
5063833652988,New Shaolin,"Ckeabrona, SINA!",Яндекс.Музыка,Аудиостриминг,,,1,0,0,ICECREAMMUSIC
5063833652988,New Shaolin,"Ckeabrona, SINA!",Яндекс.Музыка,Аудиостриминг,,,1,0,0,ICECREAMMUSIC
5063833652988,New Shaolin,"Ckeabrona, SINA!",Яндекс.Музыка,Подписка,,,3,0,"0,07",ICECREAMMUSIC
5063833652988,New Shaolin,"Ckeabrona, SINA!",Яндекс.Музыка,Подписка,,,3,0,"0,08",ICECREAMMUSIC
5063833652988,New Shaolin,"Ckeabrona, SINA!",Яндекс.Музыка,Подписка,,,5,"0,03",0,ICECREAMMUSIC
5063635233712,No Limits,BrightSam,Apple Music,Подписка,,,1,0,"0,1",ICECREAMMUSIC
5063635233712,No Limits,BrightSam,КИОН Музыка,Подписка,,,5,0,"0,42",ICECREAMMUSIC
5063635233712,No Limits,BrightSam,КИОН Музыка,Подписка,,,5,"0,09",0,ICECREAMMUSIC
5063635233712,No Limits,BrightSam,Яндекс.Музыка,Аудиостриминг,,,1,0,0,ICECREAMMUSIC
5063635233712,No Limits,BrightSam,Яндекс.Музыка,Подписка,,,1,0,"0,02",ICECREAMMUSIC
5063635233712,No Limits,BrightSam,Яндекс.Музыка,Подписка,,,1,"0,01",0,ICECREAMMUSIC
5063316941530,No More,"NEKKITJ, BuddyBeatz",Яндекс.Музыка,Аудиостриминг,,,1,0,0,ICECREAMMUSIC
5063316941530,No More,"NEKKITJ, BuddyBeatz",Яндекс.Музыка,Подписка,,,2,0,"0,05",ICECREAMMUSIC
5063316941530,No More,"NEKKITJ, BuddyBeatz",Яндекс.Музыка,Подписка,,,4,"0,02",0,ICECREAMMUSIC
5063945423384,OJ STYLE,Ckeabrona,vk,Аудиостриминг,,,3,0,"0,05",ICECREAMMUSIC
5063945423384,OJ STYLE,Ckeabrona,vk,Аудиостриминг,,,3,"0,01",0,ICECREAMMUSIC
5063945423384,OJ STYLE,Ckeabrona,YouTube,Аудио,,,2,0,"0,02",ICECREAMMUSIC
5063945423384,OJ STYLE,Ckeabrona,Яндекс.Музыка,Аудиостриминг,,,1,0,0,ICECREAMMUSIC
5063945423384,OJ STYLE,Ckeabrona,Яндекс.Музыка,Подписка,,,1,0,"0,02",ICECREAMMUSIC
5063316738123,Olimp (Skit),WIZKEY,YouTube,Аудиостриминг,,,2,0,"0,02",ICECREAMMUSIC
5063316738123,Olimp (Skit),WIZKEY,Иная дистрибуция,Видео,,,23,0,"0,01",ICECREAMMUSIC
5063316738123,Olimp (Skit),WIZKEY,Иная дистрибуция,Видео,,,28,0,"0,01",ICECREAMMUSIC
GUT200019,One Top,Yang Kenov,YouTube,Аудио,,,738,0,"8,62",ICECREAMMUSIC
GUT200019,One Top,Yang Kenov,YouTube,Аудио,,,658,0,"8,63",ICECREAMMUSIC
GUT200019,One Top,Yang Kenov,YouTube,Аудиостриминг,,,884,0,"16,84",ICECREAMMUSIC
GUT200019,One Top,Yang Kenov,YouTube Music,Подписка,,,55,0,"6,16",ICECREAMMUSIC
GUT200019,One Top,Yang Kenov,YouTube Premium,Подписка,,,44,0,"3,13",ICECREAMMUSIC
GUT200019,One Top,Yang Kenov,YouTube Premium,Подписка,,,56,0,"4,02",ICECREAMMUSIC
5063466300140,Percieve,NEKKITJ,vk,Аудиостриминг,,,1,0,"0,02",ICECREAMMUSIC
5063466300140,Percieve,NEKKITJ,vk,Аудиостриминг,,,2,0,"0,03",ICECREAMMUSIC
5063466300140,Percieve,NEKKITJ,vk,Аудиостриминг,,,2,"0,01",0,ICECREAMMUSIC
5063466300140,Percieve,NEKKITJ,Яндекс.Музыка,Аудиостриминг,,,1,0,0,ICECREAMMUSIC
5063466300140,Percieve,NEKKITJ,Яндекс.Музыка,Аудиостриминг,,,1,0,0,ICECREAMMUSIC
5063466300140,Percieve,NEKKITJ,Яндекс.Музыка,Подписка,,,1,0,"0,02",ICECREAMMUSIC
5063466300140,Percieve,NEKKITJ,Яндекс.Музыка,Подписка,,,2,0,"0,05",ICECREAMMUSIC
5063466300140,Percieve,NEKKITJ,Яндекс.Музыка,Подписка,,,2,"0,01",0,ICECREAMMUSIC
5063635712392,Power Up LIfe II,WhiteFluffy,TikTok,Видео,,,4,0,"0,09",ICECREAMMUSIC
5063635712392,Power Up LIfe II,WhiteFluffy,vk,Аудиостриминг,,,1,0,"0,02",ICECREAMMUSIC
5063635712392,Power Up LIfe II,WhiteFluffy,Яндекс.Музыка,Аудиостриминг,,,2,0,"0,01",ICECREAMMUSIC
5063635712392,Power Up LIfe II,WhiteFluffy,Яндекс.Музыка,Аудиостриминг,,,2,0,"0,01",ICECREAMMUSIC
5063635712392,Power Up LIfe II,WhiteFluffy,Яндекс.Музыка,Аудиостриминг,,,3,0,"0,01",ICECREAMMUSIC
5063635712392,Power Up LIfe II,WhiteFluffy,Яндекс.Музыка,Подписка,,,7,0,"0,22",ICECREAMMUSIC
5063635712392,Power Up LIfe II,WhiteFluffy,Яндекс.Музыка,Подписка,,,8,0,"0,29",ICECREAMMUSIC
5063635712392,Power Up LIfe II,WhiteFluffy,Яндекс.Музыка,Подписка,,,9,0,"0,34",ICECREAMMUSIC
5063635712392,Power Up LIfe II,WhiteFluffy,Яндекс.Музыка,Подписка,,,20,"0,12",0,ICECREAMMUSIC
5063466037824,PRIVATE PERFOMANCE,Phil Mahart,Spotify,Подписка,,,3,"0,03",0,ICECREAMMUSIC
5063466037824,PRIVATE PERFOMANCE,Phil Mahart,Spotify,Подписка,,,5,"0,06",0,ICECREAMMUSIC
5063466037824,PRIVATE PERFOMANCE,Phil Mahart,vk,Аудиостриминг,,,2,0,"0,03",ICECREAMMUSIC
5063466037824,PRIVATE PERFOMANCE,Phil Mahart,vk,Аудиостриминг,,,4,0,"0,06",ICECREAMMUSIC
5063466037824,PRIVATE PERFOMANCE,Phil Mahart,vk,Аудиостриминг,,,7,0,"0,13",ICECREAMMUSIC
5063466037824,PRIVATE PERFOMANCE,Phil Mahart,vk,Аудиостриминг,,,2,"0,01",0,ICECREAMMUSIC
5063466037824,PRIVATE PERFOMANCE,Phil Mahart,vk,Аудиостриминг,,,4,"0,01",0,ICECREAMMUSIC
5063466037824,PRIVATE PERFOMANCE,Phil Mahart,vk,Аудиостриминг,,,8,"0,02",0,ICECREAMMUSIC
5063466037824,PRIVATE PERFOMANCE,Phil Mahart,КИОН Музыка,Аудиостриминг,,,2,0,"0,04",ICECREAMMUSIC
5063466037824,PRIVATE PERFOMANCE,Phil Mahart,КИОН Музыка,Аудиостриминг,,,2,"0,01",0,ICECREAMMUSIC
5063466037824,PRIVATE PERFOMANCE,Phil Mahart,Яндекс.Музыка,Аудиостриминг,,,1,0,0,ICECREAMMUSIC
5063466037824,PRIVATE PERFOMANCE,Phil Mahart,Яндекс.Музыка,Аудиостриминг,,,1,0,0,ICECREAMMUSIC
5063466037824,PRIVATE PERFOMANCE,Phil Mahart,Яндекс.Музыка,Подписка,,,1,0,"0,02",ICECREAMMUSIC
5063466037824,PRIVATE PERFOMANCE,Phil Mahart,Яндекс.Музыка,Подписка,,,2,0,"0,06",ICECREAMMUSIC
5063466037824,PRIVATE PERFOMANCE,Phil Mahart,Яндекс.Музыка,Аудиостриминг,,,2,"0,01",0,ICECREAMMUSIC
5063466037824,PRIVATE PERFOMANCE,Phil Mahart,Яндекс.Музыка,Подписка,,,4,"0,02",0,ICECREAMMUSIC
5063833469661,pyromania,"WhiteFluffy, s1eepy",vk,Аудиостриминг,,,1,0,"0,02",ICECREAMMUSIC
5063833469661,pyromania,"WhiteFluffy, s1eepy",vk,Аудиостриминг,,,1,0,"0,02",ICECREAMMUSIC
5063833469661,pyromania,"WhiteFluffy, s1eepy",vk,Аудиостриминг,,,2,0,"0,03",ICECREAMMUSIC
5063833469661,pyromania,"WhiteFluffy, s1eepy",vk,Подписка,,,3,0,"0,47",ICECREAMMUSIC
5063833469661,pyromania,"WhiteFluffy, s1eepy",vk,Аудиостриминг,,,2,"0,01",0,ICECREAMMUSIC
5063833469661,pyromania,"WhiteFluffy, s1eepy",vk,Подписка,,,3,"0,11",0,ICECREAMMUSIC
5063833469661,pyromania,"WhiteFluffy, s1eepy",YouTube,Аудио,,,4,0,"0,02",ICECREAMMUSIC
5063833469661,pyromania,"WhiteFluffy, s1eepy",Сервисы АДВ Мьюзик,Аудиостриминг,,,3,0,"0,07",ICECREAMMUSIC
5063833469661,pyromania,"WhiteFluffy, s1eepy",Сервисы АДВ Мьюзик,Аудиостриминг,,,5,0,"0,13",ICECREAMMUSIC
5063833469661,pyromania,"WhiteFluffy, s1eepy",Сервисы АДВ Мьюзик,Аудиостриминг,,,3,"0,02",0,ICECREAMMUSIC
5063833469661,pyromania,"WhiteFluffy, s1eepy",Сервисы АДВ Мьюзик,Аудиостриминг,,,5,"0,03",0,ICECREAMMUSIC
5063833469661,pyromania,"WhiteFluffy, s1eepy",Яндекс.Музыка,Аудиостриминг,,,1,0,0,ICECREAMMUSIC
5063833469661,pyromania,"WhiteFluffy, s1eepy",Яндекс.Музыка,Аудиостриминг,,,1,0,0,ICECREAMMUSIC
5063833469661,pyromania,"WhiteFluffy, s1eepy",Яндекс.Музыка,Аудиостриминг,,,1,0,"0,01",ICECREAMMUSIC
5063833469661,pyromania,"WhiteFluffy, s1eepy",Яндекс.Музыка,Подписка,,,1,0,"0,02",ICECREAMMUSIC
5063833469661,pyromania,"WhiteFluffy, s1eepy",Яндекс.Музыка,Подписка,,,2,0,"0,06",ICECREAMMUSIC
5063833469661,pyromania,"WhiteFluffy, s1eepy",Яндекс.Музыка,Подписка,,,4,0,"0,13",ICECREAMMUSIC
5063833469661,pyromania,"WhiteFluffy, s1eepy",Яндекс.Музыка,Подписка,,,9,"0,06",0,ICECREAMMUSIC
5063833940474,Real One,THIRTEENKILLA,KKBOX,Подписка,,,2,0,"0,2",ICECREAMMUSIC
5063833940474,Real One,THIRTEENKILLA,KKBOX,Подписка,,,3,0,"0,31",ICECREAMMUSIC
5063833940474,Real One,THIRTEENKILLA,TikTok,Видео,,,1,0,"0,02",ICECREAMMUSIC
5063833940474,Real One,THIRTEENKILLA,vk,Аудиостриминг,,,1,0,0,ICECREAMMUSIC
5063833940474,Real One,THIRTEENKILLA,vk,Аудиостриминг,,,1,0,"0,02",ICECREAMMUSIC
5063833940474,Real One,THIRTEENKILLA,vk,Подписка,,,1,0,"0,05",ICECREAMMUSIC
5063833940474,Real One,THIRTEENKILLA,vk,Подписка,,,1,"0,01",0,ICECREAMMUSIC
5063833940474,Real One,THIRTEENKILLA,Иная дистрибуция,Видео,,,59,0,"0,01",ICECREAMMUSIC
5063833940474,Real One,THIRTEENKILLA,КИОН Музыка,Аудиостриминг,,,1,0,"0,02",ICECREAMMUSIC
5063833940474,Real One,THIRTEENKILLA,КИОН Музыка,Аудиостриминг,,,1,"0,01",0,ICECREAMMUSIC
5063833940474,Real One,THIRTEENKILLA,Яндекс.Музыка,Аудиостриминг,,,2,0,"0,01",ICECREAMMUSIC
5063833940474,Real One,THIRTEENKILLA,Яндекс.Музыка,Аудиостриминг,,,2,0,"0,01",ICECREAMMUSIC
5063833940474,Real One,THIRTEENKILLA,Яндекс.Музыка,Аудиостриминг,,,4,0,"0,02",ICECREAMMUSIC
5063833940474,Real One,THIRTEENKILLA,Яндекс.Музыка,Аудиостриминг,,,4,0,"0,04",ICECREAMMUSIC
5063833940474,Real One,THIRTEENKILLA,Яндекс.Музыка,Подписка,,,6,0,"0,2",ICECREAMMUSIC
5063833940474,Real One,THIRTEENKILLA,Яндекс.Музыка,Подписка,,,8,0,"0,28",ICECREAMMUSIC
5063833940474,Real One,THIRTEENKILLA,Яндекс.Музыка,Подписка,,,14,0,"0,51",ICECREAMMUSIC
5063833940474,Real One,THIRTEENKILLA,Яндекс.Музыка,Аудиостриминг,,,5,"0,01",0,ICECREAMMUSIC
5063833940474,Real One,THIRTEENKILLA,Яндекс.Музыка,Подписка,,,17,"0,1",0,ICECREAMMUSIC
5063635487832,reincarnation,HXART,vk,Аудиостриминг,,,1,0,"0,03",ICECREAMMUSIC
5063635487832,reincarnation,HXART,vk,Аудиостриминг,,,2,0,"0,07",ICECREAMMUSIC
5063635487832,reincarnation,HXART,vk,Аудиостриминг,,,16,0,"0,32",ICECREAMMUSIC
5063635487832,reincarnation,HXART,vk,Аудиостриминг,,,17,0,"0,34",ICECREAMMUSIC
5063635487832,reincarnation,HXART,vk,Подписка,,,4,0,"0,64",ICECREAMMUSIC
5063635487832,reincarnation,HXART,vk,Аудиостриминг,,,31,0,"0,66",ICECREAMMUSIC
5063635487832,reincarnation,HXART,vk,Подписка,,,7,0,"1,52",ICECREAMMUSIC
5063635487832,reincarnation,HXART,vk,Аудиостриминг,,,19,"0,06",0,ICECREAMMUSIC
5063635487832,reincarnation,HXART,vk,Аудиостриминг,,,18,"0,06",0,ICECREAMMUSIC
5063635487832,reincarnation,HXART,vk,Аудиостриминг,,,36,"0,12",0,ICECREAMMUSIC
5063635487832,reincarnation,HXART,vk,Подписка,,,4,"0,15",0,ICECREAMMUSIC
5063635487832,reincarnation,HXART,vk,Подписка,,,8,"0,38",0,ICECREAMMUSIC
5063635487832,reincarnation,HXART,Яндекс.Музыка,Аудиостриминг,,,1,0,0,ICECREAMMUSIC
5063635487832,reincarnation,HXART,Яндекс.Музыка,Подписка,,,1,0,"0,02",ICECREAMMUSIC
5063316738123,Rules (DELUXE),WIZKEY,Яндекс.Музыка,Аудиостриминг,,,1,0,0,ICECREAMMUSIC
5063316738123,Rules (DELUXE),WIZKEY,Яндекс.Музыка,Аудиостриминг,,,1,0,0,ICECREAMMUSIC
5063316738123,Rules (DELUXE),WIZKEY,Яндекс.Музыка,Подписка,,,1,0,"0,02",ICECREAMMUSIC
5063316738123,Rules (DELUXE),WIZKEY,Яндекс.Музыка,Подписка,,,2,0,"0,06",ICECREAMMUSIC
5063316738123,Rules (DELUXE),WIZKEY,Яндекс.Музыка,Подписка,,,4,"0,02",0,ICECREAMMUSIC
5063316941530,Sadness,"NEKKITJ, BuddyBeatz",Иная дистрибуция,Видео,,,8,0,"0,01",ICECREAMMUSIC
5063316941530,Sadness,"NEKKITJ, BuddyBeatz",Яндекс.Музыка,Аудиостриминг,,,1,0,0,ICECREAMMUSIC
5063316941530,Sadness,"NEKKITJ, BuddyBeatz",Яндекс.Музыка,Аудиостриминг,,,1,0,0,ICECREAMMUSIC
5063316941530,Sadness,"NEKKITJ, BuddyBeatz",Яндекс.Музыка,Подписка,,,1,0,"0,02",ICECREAMMUSIC
5063316941530,Sadness,"NEKKITJ, BuddyBeatz",Яндекс.Музыка,Подписка,,,1,0,"0,02",ICECREAMMUSIC
5063316941530,Sadness,"NEKKITJ, BuddyBeatz",Яндекс.Музыка,Подписка,,,2,"0,01",0,ICECREAMMUSIC
GUT200192,SATAN LUV MIII,Без слов,Яндекс.Музыка,Аудиостриминг,,,2,0,"0,01",ICECREAMMUSIC
GUT200192,SATAN LUV MIII,Без слов,Яндекс.Музыка,Аудиостриминг,,,2,0,"0,01",ICECREAMMUSIC
GUT200192,SATAN LUV MIII,Без слов,Яндекс.Музыка,Подписка,,,7,0,"0,22",ICECREAMMUSIC
GUT200192,SATAN LUV MIII,Без слов,Яндекс.Музыка,Подписка,,,7,0,"0,26",ICECREAMMUSIC
GUT200136,SATAN TAKE ME,"NEFORMALL, Lingvinii",vk,Аудиостриминг,,,1,0,"0,02",ICECREAMMUSIC
GUT200136,SATAN TAKE ME,"NEFORMALL, Lingvinii",YouTube,Аудио,,,2,0,"0,03",ICECREAMMUSIC
GUT200136,SATAN TAKE ME,"NEFORMALL, Lingvinii",Яндекс.Музыка,Аудиостриминг,,,1,0,0,ICECREAMMUSIC
GUT200136,SATAN TAKE ME,"NEFORMALL, Lingvinii",Яндекс.Музыка,Подписка,,,1,0,"0,02",ICECREAMMUSIC
5063316941530,Shake,"NEKKITJ, BuddyBeatz",vk,Аудиостриминг,,,1,0,"0,01",ICECREAMMUSIC
5063316941530,Shake,"NEKKITJ, BuddyBeatz",vk,Аудиостриминг,,,1,0,"0,01",ICECREAMMUSIC
5063316941530,Shake,"NEKKITJ, BuddyBeatz",vk,Подписка,,,1,0,"0,15",ICECREAMMUSIC
5063316941530,Shake,"NEKKITJ, BuddyBeatz",vk,Подписка,,,2,0,"0,25",ICECREAMMUSIC
5063316941530,Shake,"NEKKITJ, BuddyBeatz",vk,Подписка,,,1,"0,04",0,ICECREAMMUSIC
5063316941530,Shake,"NEKKITJ, BuddyBeatz",vk,Подписка,,,2,"0,06",0,ICECREAMMUSIC
5063316941530,Shake,"NEKKITJ, BuddyBeatz",Яндекс.Музыка,Подписка,,,2,"0,01",0,ICECREAMMUSIC
5063466962928,SHIKAI,2,Netease Cloud Music,Аудиостриминг,,,1,0,"0,01",ICECREAMMUSIC
5063466962928,SHIKAI,2,Netease Cloud Music,Аудиостриминг,,,2,0,"0,02",ICECREAMMUSIC
5063466962928,SHIKAI,2,vk,Аудиостриминг,,,1,0,"0,03",ICECREAMMUSIC
5063466962928,SHIKAI,2,vk,Аудиостриминг,,,2,0,"0,05",ICECREAMMUSIC
5063466962928,SHIKAI,2,vk,Аудиостриминг,,,2,0,"0,05",ICECREAMMUSIC
5063466962928,SHIKAI,2,vk,Аудиостриминг,,,5,0,"0,09",ICECREAMMUSIC
5063466962928,SHIKAI,2,vk,Аудиостриминг,,,13,0,"0,26",ICECREAMMUSIC
5063466962928,SHIKAI,2,vk,Аудиостриминг,,,13,0,"0,26",ICECREAMMUSIC
5063466962928,SHIKAI,2,vk,Подписка,,,4,0,"0,62",ICECREAMMUSIC
5063466962928,SHIKAI,2,vk,Пробная подписка,,,2,0,"0,7",ICECREAMMUSIC
5063466962928,SHIKAI,2,vk,Подписка,,,6,0,"1,12",ICECREAMMUSIC
5063466962928,SHIKAI,2,vk,Подписка,,,7,0,"1,15",ICECREAMMUSIC
5063466962928,SHIKAI,2,vk,Аудиостриминг,,,5,"0,02",0,ICECREAMMUSIC
5063466962928,SHIKAI,2,vk,Аудиостриминг,,,15,"0,05",0,ICECREAMMUSIC
5063466962928,SHIKAI,2,vk,Аудиостриминг,,,15,"0,05",0,ICECREAMMUSIC
5063466962928,SHIKAI,2,vk,Подписка,,,4,"0,15",0,ICECREAMMUSIC
5063466962928,SHIKAI,2,vk,Пробная подписка,,,2,"0,17",0,ICECREAMMUSIC
5063466962928,SHIKAI,2,vk,Подписка,,,7,"0,27",0,ICECREAMMUSIC
5063466962928,SHIKAI,2,vk,Подписка,,,8,"0,29",0,ICECREAMMUSIC
5063466962928,SHIKAI,2,Яндекс.Музыка,Аудиостриминг,,,1,0,0,ICECREAMMUSIC
5063466962928,SHIKAI,2,Яндекс.Музыка,Аудиостриминг,,,1,0,0,ICECREAMMUSIC
5063466962928,SHIKAI,2,Яндекс.Музыка,Подписка,,,1,0,"0,02",ICECREAMMUSIC
5063466962928,SHIKAI,2,Яндекс.Музыка,Подписка,,,1,0,"0,02",ICECREAMMUSIC
5063466962928,SHIKAI,2,Яндекс.Музыка,Подписка,,,4,"0,02",0,ICECREAMMUSIC
5063316506227,ShotBae,Tripowy,Яндекс.Музыка,Аудиостриминг,,,1,0,0,ICECREAMMUSIC
5063316506227,ShotBae,Tripowy,Яндекс.Музыка,Подписка,,,1,0,"0,02",ICECREAMMUSIC
5063833390231,"sing, my wind.",obs1d1an,Netease Cloud Music,Подписка,,,1,0,"0,03",ICECREAMMUSIC
5063833390231,"sing, my wind.",obs1d1an,vk,Аудиостриминг,,,4,0,"0,06",ICECREAMMUSIC
5063833390231,"sing, my wind.",obs1d1an,vk,Аудиостриминг,,,4,0,"0,07",ICECREAMMUSIC
5063833390231,"sing, my wind.",obs1d1an,vk,Аудиостриминг,,,4,"0,01",0,ICECREAMMUSIC
5063833390231,"sing, my wind.",obs1d1an,vk,Аудиостриминг,,,4,"0,01",0,ICECREAMMUSIC
5063833390231,"sing, my wind.",obs1d1an,Звук,Подписка,,,5,0,"1,14",ICECREAMMUSIC
5063833390231,"sing, my wind.",obs1d1an,КИОН Музыка,Подписка,,,1,0,"0,07",ICECREAMMUSIC
5063833390231,"sing, my wind.",obs1d1an,КИОН Музыка,Подписка,,,1,"0,02",0,ICECREAMMUSIC
5063833390231,"sing, my wind.",obs1d1an,Сервисы АДВ Мьюзик,Аудиостриминг,,,3,0,"0,07",ICECREAMMUSIC
5063833390231,"sing, my wind.",obs1d1an,Сервисы АДВ Мьюзик,Аудиостриминг,,,3,"0,02",0,ICECREAMMUSIC
5063833390231,"sing, my wind.",obs1d1an,Яндекс.Музыка,Аудиостриминг,,,2,0,"0,01",ICECREAMMUSIC
5063833390231,"sing, my wind.",obs1d1an,Яндекс.Музыка,Аудиостриминг,,,3,0,"0,01",ICECREAMMUSIC
5063833390231,"sing, my wind.",obs1d1an,Яндекс.Музыка,Аудиостриминг,,,4,0,"0,02",ICECREAMMUSIC
5063833390231,"sing, my wind.",obs1d1an,Яндекс.Музыка,Подписка,,,6,0,"0,2",ICECREAMMUSIC
5063833390231,"sing, my wind.",obs1d1an,Яндекс.Музыка,Подписка,,,10,0,"0,34",ICECREAMMUSIC
5063833390231,"sing, my wind.",obs1d1an,Яндекс.Музыка,Подписка,,,14,0,"0,54",ICECREAMMUSIC
5063833390231,"sing, my wind.",obs1d1an,Яндекс.Музыка,Подписка,,,56,"0,32",0,ICECREAMMUSIC
GUT200397,Smash,TigerGid,Яндекс.Музыка,Аудиостриминг,,,1,0,0,ICECREAMMUSIC
GUT200397,Smash,TigerGid,Яндекс.Музыка,Аудиостриминг,,,1,0,0,ICECREAMMUSIC
GUT200397,Smash,TigerGid,Яндекс.Музыка,Подписка,,,1,0,"0,02",ICECREAMMUSIC
GUT200397,Smash,TigerGid,Яндекс.Музыка,Подписка,,,3,0,"0,08",ICECREAMMUSIC
GUT200397,Smash,TigerGid,Яндекс.Музыка,Подписка,,,2,"0,01",0,ICECREAMMUSIC
5063316775647,SMDAYS,Tripowy,Kugou,Подписка,,,1,0,"0,03",ICECREAMMUSIC
5063316775647,SMDAYS,Tripowy,Яндекс.Музыка,Подписка,,,2,"0,01",0,ICECREAMMUSIC
5063833643047,Smoke slums,THIRTEENKILLA,vk,Аудиостриминг,,,3,0,"0,05",ICECREAMMUSIC
5063833643047,Smoke slums,THIRTEENKILLA,vk,Аудиостриминг,,,5,0,"0,09",ICECREAMMUSIC
5063833643047,Smoke slums,THIRTEENKILLA,vk,Аудиостриминг,,,3,"0,01",0,ICECREAMMUSIC
5063833643047,Smoke slums,THIRTEENKILLA,vk,Аудиостриминг,,,5,"0,02",0,ICECREAMMUSIC
5063833643047,Smoke slums,THIRTEENKILLA,Яндекс.Музыка,Аудиостриминг,,,1,0,0,ICECREAMMUSIC
5063833643047,Smoke slums,THIRTEENKILLA,Яндекс.Музыка,Аудиостриминг,,,2,0,"0,01",ICECREAMMUSIC
5063833643047,Smoke slums,THIRTEENKILLA,Яндекс.Музыка,Аудиостриминг,,,2,0,"0,01",ICECREAMMUSIC
5063833643047,Smoke slums,THIRTEENKILLA,Яндекс.Музыка,Подписка,,,4,0,"0,1",ICECREAMMUSIC
5063833643047,Smoke slums,THIRTEENKILLA,Яндекс.Музыка,Подписка,,,6,0,"0,2",ICECREAMMUSIC
5063833643047,Smoke slums,THIRTEENKILLA,Яндекс.Музыка,Подписка,,,8,0,"0,29",ICECREAMMUSIC
5063833643047,Smoke slums,THIRTEENKILLA,Яндекс.Музыка,Аудиостриминг,,,2,"0,01",0,ICECREAMMUSIC
5063833643047,Smoke slums,THIRTEENKILLA,Яндекс.Музыка,Подписка,,,24,"0,14",0,ICECREAMMUSIC
5063833668132,SO SAGE,"raf1k, Voryb",Яндекс.Музыка,Аудиостриминг,,,1,0,0,ICECREAMMUSIC
5063833668132,SO SAGE,"raf1k, Voryb",Яндекс.Музыка,Аудиостриминг,,,1,0,0,ICECREAMMUSIC
5063833668132,SO SAGE,"raf1k, Voryb",Яндекс.Музыка,Аудиостриминг,,,1,0,"0,01",ICECREAMMUSIC
5063833668132,SO SAGE,"raf1k, Voryb",Яндекс.Музыка,Подписка,,,2,0,"0,06",ICECREAMMUSIC
5063833668132,SO SAGE,"raf1k, Voryb",Яндекс.Музыка,Подписка,,,2,0,"0,06",ICECREAMMUSIC
5063833668132,SO SAGE,"raf1k, Voryb",Яндекс.Музыка,Подписка,,,4,0,"0,13",ICECREAMMUSIC
5063833668132,SO SAGE,"raf1k, Voryb",Яндекс.Музыка,Подписка,,,6,"0,03",0,ICECREAMMUSIC
5063833152624,Soul Seeker,THIRTEENKILLA,QQMusic,Аудиостриминг,,,1,0,"0,01",ICECREAMMUSIC
5063833152624,Soul Seeker,THIRTEENKILLA,QQMusic,Аудиостриминг,,,1,0,"0,01",ICECREAMMUSIC
5063833152624,Soul Seeker,THIRTEENKILLA,QQMusic,Аудиостриминг,,,4,0,"0,05",ICECREAMMUSIC
5063833152624,Soul Seeker,THIRTEENKILLA,QQMusic,Аудиостриминг,,,4,0,"0,05",ICECREAMMUSIC
5063833152624,Soul Seeker,THIRTEENKILLA,QQMusic,Подписка,,,2,0,"0,06",ICECREAMMUSIC
5063833152624,Soul Seeker,THIRTEENKILLA,QQMusic,Подписка,,,4,0,"0,12",ICECREAMMUSIC
5063833152624,Soul Seeker,THIRTEENKILLA,YouTube,Аудиостриминг,,,181,0,"0,23",ICECREAMMUSIC
5063833152624,Soul Seeker,THIRTEENKILLA,Яндекс.Музыка,Аудиостриминг,,,1,0,"0,01",ICECREAMMUSIC
5063833152624,Soul Seeker,THIRTEENKILLA,Яндекс.Музыка,Аудиостриминг,,,1,0,"0,01",ICECREAMMUSIC
5063833152624,Soul Seeker,THIRTEENKILLA,Яндекс.Музыка,Аудиостриминг,,,2,0,"0,01",ICECREAMMUSIC
5063833152624,Soul Seeker,THIRTEENKILLA,Яндекс.Музыка,Подписка,,,4,0,"0,13",ICECREAMMUSIC
5063833152624,Soul Seeker,THIRTEENKILLA,Яндекс.Музыка,Подписка,,,4,0,"0,15",ICECREAMMUSIC
5063833152624,Soul Seeker,THIRTEENKILLA,Яндекс.Музыка,Подписка,,,6,0,"0,2",ICECREAMMUSIC
5063833152624,Soul Seeker,THIRTEENKILLA,Яндекс.Музыка,Подписка,,,12,"0,06",0,ICECREAMMUSIC
5063945424237,SPACE LOVE,Ckeabrona,vk,Аудиостриминг,,,5,0,"0,24",ICECREAMMUSIC
5063945424237,SPACE LOVE,Ckeabrona,vk,Аудиостриминг,,,9,0,"0,4",ICECREAMMUSIC
5063945424237,SPACE LOVE,Ckeabrona,vk,Аудиостриминг,,,39,0,"0,82",ICECREAMMUSIC
5063945424237,SPACE LOVE,Ckeabrona,vk,Подписка,,,24,0,"5,43",ICECREAMMUSIC
5063945424237,SPACE LOVE,Ckeabrona,vk,Подписка,,,50,0,"9,02",ICECREAMMUSIC
5063945424237,SPACE LOVE,Ckeabrona,vk,Аудиостриминг,,,45,"0,15",0,ICECREAMMUSIC
5063945424237,SPACE LOVE,Ckeabrona,vk,Подписка,,,28,"1,34",0,ICECREAMMUSIC
5063945424237,SPACE LOVE,Ckeabrona,vk,Подписка,,,58,"2,23",0,ICECREAMMUSIC
5063945424237,SPACE LOVE,Ckeabrona,Яндекс.Музыка,Аудиостриминг,,,1,0,0,ICECREAMMUSIC
5063945424237,SPACE LOVE,Ckeabrona,Яндекс.Музыка,Аудиостриминг,,,2,0,"0,01",ICECREAMMUSIC
5063945424237,SPACE LOVE,Ckeabrona,Яндекс.Музыка,Подписка,,,1,0,"0,02",ICECREAMMUSIC
5063945424237,SPACE LOVE,Ckeabrona,Яндекс.Музыка,Подписка,,,7,0,"0,26",ICECREAMMUSIC
5063833358514,SPACE LOVE,"ЧИКУРЯЛА, Ckeabrona",Яндекс.Музыка,Аудиостриминг,,,1,0,0,ICECREAMMUSIC
5063833358514,SPACE LOVE,"ЧИКУРЯЛА, Ckeabrona",Яндекс.Музыка,Подписка,,,2,0,"0,06",ICECREAMMUSIC
5063833358514,SPACE LOVE,"ЧИКУРЯЛА, Ckeabrona",Яндекс.Музыка,Подписка,,,1,"0,01",0,ICECREAMMUSIC
5063945423384,SPACE TIME,Ckeabrona,vk,Аудиостриминг,,,2,0,"0,03",ICECREAMMUSIC
5063945423384,SPACE TIME,Ckeabrona,vk,Аудиостриминг,,,2,"0,01",0,ICECREAMMUSIC
5063945423384,SPACE TIME,Ckeabrona,Яндекс.Музыка,Аудиостриминг,,,1,0,0,ICECREAMMUSIC
5063945423384,SPACE TIME,Ckeabrona,Яндекс.Музыка,Подписка,,,3,0,"0,08",ICECREAMMUSIC
5063466476821,Stay,NEKKITJ,Netease Cloud Music,Аудиостриминг,,,2,0,"0,02",ICECREAMMUSIC
5063466476821,Stay,NEKKITJ,Netease Cloud Music,Аудиостриминг,,,4,0,"0,03",ICECREAMMUSIC
5063466476821,Stay,NEKKITJ,Netease Cloud Music,Подписка,,,1,0,"0,03",ICECREAMMUSIC
5063466476821,Stay,NEKKITJ,Netease Cloud Music,Подписка,,,6,0,"0,17",ICECREAMMUSIC
5063466476821,Stay,NEKKITJ,Netease Cloud Music,Подписка,,,14,0,"0,47",ICECREAMMUSIC
5063466476821,Stay,NEKKITJ,vk,Аудиостриминг,,,1,0,"0,02",ICECREAMMUSIC
5063466476821,Stay,NEKKITJ,КИОН Музыка,Подписка,,,2,0,"0,14",ICECREAMMUSIC
5063466476821,Stay,NEKKITJ,КИОН Музыка,Подписка,,,2,"0,03",0,ICECREAMMUSIC
5063466476821,Stay,NEKKITJ,Яндекс.Музыка,Аудиостриминг,,,1,0,0,ICECREAMMUSIC
5063466476821,Stay,NEKKITJ,Яндекс.Музыка,Аудиостриминг,,,1,0,0,ICECREAMMUSIC
5063466476821,Stay,NEKKITJ,Яндекс.Музыка,Подписка,,,1,0,"0,02",ICECREAMMUSIC
5063466476821,Stay,NEKKITJ,Яндекс.Музыка,Подписка,,,1,0,"0,02",ICECREAMMUSIC
5063466476821,Stay,NEKKITJ,Яндекс.Музыка,Подписка,,,1,"0,01",0,ICECREAMMUSIC
5063466403483,"Step, Slap, Cash",OTALOE,Apple Music,Подписка,,,1,0,"0,28",ICECREAMMUSIC
5063466403483,"Step, Slap, Cash",OTALOE,Apple Music,Подписка,,,11,"0,21",0,ICECREAMMUSIC
5063466403483,"Step, Slap, Cash",OTALOE,vk,Аудиостриминг,,,1,0,"0,01",ICECREAMMUSIC
5063466403483,"Step, Slap, Cash",OTALOE,vk,Аудиостриминг,,,1,0,"0,02",ICECREAMMUSIC
5063466403483,"Step, Slap, Cash",OTALOE,vk,Аудиостриминг,,,4,0,"0,06",ICECREAMMUSIC
5063466403483,"Step, Slap, Cash",OTALOE,vk,Аудиостриминг,,,7,0,"0,13",ICECREAMMUSIC
5063466403483,"Step, Slap, Cash",OTALOE,vk,Подписка,,,1,0,"0,15",ICECREAMMUSIC
5063466403483,"Step, Slap, Cash",OTALOE,vk,Аудиостриминг,,,11,0,"0,21",ICECREAMMUSIC
5063466403483,"Step, Slap, Cash",OTALOE,vk,Подписка,,,4,0,"0,51",ICECREAMMUSIC
5063466403483,"Step, Slap, Cash",OTALOE,vk,Аудиостриминг,,,4,"0,01",0,ICECREAMMUSIC
5063466403483,"Step, Slap, Cash",OTALOE,vk,Аудиостриминг,,,8,"0,02",0,ICECREAMMUSIC
5063466403483,"Step, Slap, Cash",OTALOE,vk,Подписка,,,1,"0,04",0,ICECREAMMUSIC
5063466403483,"Step, Slap, Cash",OTALOE,vk,Аудиостриминг,,,12,"0,04",0,ICECREAMMUSIC
5063466403483,"Step, Slap, Cash",OTALOE,vk,Подписка,,,4,"0,13",0,ICECREAMMUSIC
5063466403483,"Step, Slap, Cash",OTALOE,КИОН Музыка,Подписка,,,4,0,"0,28",ICECREAMMUSIC
5063466403483,"Step, Slap, Cash",OTALOE,КИОН Музыка,Подписка,,,4,"0,06",0,ICECREAMMUSIC
5063466403483,"Step, Slap, Cash",OTALOE,Яндекс.Музыка,Аудиостриминг,,,1,0,0,ICECREAMMUSIC
5063466403483,"Step, Slap, Cash",OTALOE,Яндекс.Музыка,Аудиостриминг,,,1,0,"0,01",ICECREAMMUSIC
5063466403483,"Step, Slap, Cash",OTALOE,Яндекс.Музыка,Аудиостриминг,,,6,0,"0,04",ICECREAMMUSIC
5063466403483,"Step, Slap, Cash",OTALOE,Яндекс.Музыка,Подписка,,,2,0,"0,05",ICECREAMMUSIC
5063466403483,"Step, Slap, Cash",OTALOE,Яндекс.Музыка,Аудиостриминг,,,11,0,"0,07",ICECREAMMUSIC
5063466403483,"Step, Slap, Cash",OTALOE,Яндекс.Музыка,Подписка,,,23,0,"0,87",ICECREAMMUSIC
5063466403483,"Step, Slap, Cash",OTALOE,Яндекс.Музыка,Подписка,,,41,0,"1,6",ICECREAMMUSIC
5063466403483,"Step, Slap, Cash",OTALOE,Яндекс.Музыка,Подписка,,,9,"0,06",0,ICECREAMMUSIC
5063833668132,SWAG A LOT,"raf1k, Voryb",Яндекс.Музыка,Аудиостриминг,,,1,0,0,ICECREAMMUSIC
5063833668132,SWAG A LOT,"raf1k, Voryb",Яндекс.Музыка,Подписка,,,1,0,"0,02",ICECREAMMUSIC
5063635614986,SYSTEM,WhiteFluffy,vk,Аудиостриминг,,,1,0,"0,02",ICECREAMMUSIC
5063635614986,SYSTEM,WhiteFluffy,vk,Аудиостриминг,,,2,0,"0,03",ICECREAMMUSIC
5063635614986,SYSTEM,WhiteFluffy,vk,Аудиостриминг,,,2,"0,01",0,ICECREAMMUSIC
5063635614986,SYSTEM,WhiteFluffy,Яндекс.Музыка,Аудиостриминг,,,1,0,0,ICECREAMMUSIC
5063635614986,SYSTEM,WhiteFluffy,Яндекс.Музыка,Подписка,,,4,0,"0,1",ICECREAMMUSIC
5063635614986,SYSTEM,WhiteFluffy,Яндекс.Музыка,Подписка,,,5,"0,03",0,ICECREAMMUSIC
5063945423384,TEAPACK,Ckeabrona,vk,Аудиостриминг,,,1,0,"0,01",ICECREAMMUSIC
5063945423384,TEAPACK,Ckeabrona,vk,Аудиостриминг,,,2,0,"0,03",ICECREAMMUSIC
5063945423384,TEAPACK,Ckeabrona,vk,Аудиостриминг,,,4,0,"0,06",ICECREAMMUSIC
5063945423384,TEAPACK,Ckeabrona,vk,Подписка,,,1,0,"0,13",ICECREAMMUSIC
5063945423384,TEAPACK,Ckeabrona,vk,Аудиостриминг,,,2,"0,01",0,ICECREAMMUSIC
5063945423384,TEAPACK,Ckeabrona,vk,Аудиостриминг,,,4,"0,01",0,ICECREAMMUSIC
5063945423384,TEAPACK,Ckeabrona,vk,Подписка,,,1,"0,03",0,ICECREAMMUSIC
5063945423384,TEAPACK,Ckeabrona,Яндекс.Музыка,Аудиостриминг,,,1,0,0,ICECREAMMUSIC
5063945423384,TEAPACK,Ckeabrona,Яндекс.Музыка,Аудиостриминг,,,1,0,0,ICECREAMMUSIC
5063945423384,TEAPACK,Ckeabrona,Яндекс.Музыка,Подписка,,,2,0,"0,06",ICECREAMMUSIC
5063945423384,TEAPACK,Ckeabrona,Яндекс.Музыка,Подписка,,,2,0,"0,06",ICECREAMMUSIC
5063945256708,The Devil,WhiteFluffy,vk,Аудиостриминг,,,1,0,"0,02",ICECREAMMUSIC
5063945256708,The Devil,WhiteFluffy,vk,Аудиостриминг,,,3,0,"0,05",ICECREAMMUSIC
5063945256708,The Devil,WhiteFluffy,vk,Аудиостриминг,,,25,0,"0,52",ICECREAMMUSIC
5063945256708,The Devil,WhiteFluffy,vk,Подписка,,,4,0,"0,55",ICECREAMMUSIC
5063945256708,The Devil,WhiteFluffy,vk,Пробная подписка,,,4,0,"1,42",ICECREAMMUSIC
5063945256708,The Devil,WhiteFluffy,vk,Пробная подписка,,,5,0,"2,12",ICECREAMMUSIC
5063945256708,The Devil,WhiteFluffy,vk,Аудиостриминг,,,3,"0,01",0,ICECREAMMUSIC
5063945256708,The Devil,WhiteFluffy,vk,Аудиостриминг,,,29,"0,1",0,ICECREAMMUSIC
5063945256708,The Devil,WhiteFluffy,vk,Подписка,,,4,"0,14",0,ICECREAMMUSIC
5063945256708,The Devil,WhiteFluffy,vk,Пробная подписка,,,4,"0,35",0,ICECREAMMUSIC
5063945256708,The Devil,WhiteFluffy,vk,Пробная подписка,,,5,"0,53",0,ICECREAMMUSIC
5063945256708,The Devil,WhiteFluffy,Яндекс.Музыка,Аудиостриминг,,,2,0,"0,01",ICECREAMMUSIC
5063945256708,The Devil,WhiteFluffy,Яндекс.Музыка,Аудиостриминг,,,6,0,"0,04",ICECREAMMUSIC
5063945256708,The Devil,WhiteFluffy,Яндекс.Музыка,Подписка,,,8,0,"0,28",ICECREAMMUSIC
5063945256708,The Devil,WhiteFluffy,Яндекс.Музыка,Подписка,,,23,0,"0,9",ICECREAMMUSIC
5063466293008,The mascot,VALERON,Amazon,Подписка,,,1,0,"0,02",ICECREAMMUSIC
5063466293008,The mascot,VALERON,TIDAL,Подписка,,,1,0,"0,2",ICECREAMMUSIC
5063466293008,The mascot,VALERON,vk,Аудиостриминг,,,1,0,"0,02",ICECREAMMUSIC
5063466293008,The mascot,VALERON,vk,Аудиостриминг,,,1,0,"0,02",ICECREAMMUSIC
5063466293008,The mascot,VALERON,Яндекс.Музыка,Аудиостриминг,,,1,0,0,ICECREAMMUSIC
5063466293008,The mascot,VALERON,Яндекс.Музыка,Подписка,,,4,0,"0,1",ICECREAMMUSIC
5063466293008,The mascot,VALERON,Яндекс.Музыка,Подписка,,,4,"0,02",0,ICECREAMMUSIC
5063466300140,Time,NEKKITJ,vk,Аудиостриминг,,,1,0,"0,02",ICECREAMMUSIC
5063466300140,Time,NEKKITJ,vk,Аудиостриминг,,,2,0,"0,03",ICECREAMMUSIC
5063466300140,Time,NEKKITJ,vk,Аудиостриминг,,,2,"0,01",0,ICECREAMMUSIC
5063466300140,Time,NEKKITJ,Яндекс.Музыка,Аудиостриминг,,,1,0,0,ICECREAMMUSIC
5063466300140,Time,NEKKITJ,Яндекс.Музыка,Подписка,,,1,0,"0,02",ICECREAMMUSIC
5063466300140,Time,NEKKITJ,Яндекс.Музыка,Подписка,,,1,"0,01",0,ICECREAMMUSIC
5063466248206,To Fly,NDanese13,vk,Аудиостриминг,,,1,0,"0,02",ICECREAMMUSIC
5063466248206,To Fly,NDanese13,vk,Аудиостриминг,,,3,0,"0,05",ICECREAMMUSIC
5063466248206,To Fly,NDanese13,vk,Аудиостриминг,,,3,"0,01",0,ICECREAMMUSIC
5063466248206,To Fly,NDanese13,Яндекс.Музыка,Аудиостриминг,,,1,0,0,ICECREAMMUSIC
5063466248206,To Fly,NDanese13,Яндекс.Музыка,Аудиостриминг,,,1,0,0,ICECREAMMUSIC
5063466248206,To Fly,NDanese13,Яндекс.Музыка,Аудиостриминг,,,1,0,"0,01",ICECREAMMUSIC
5063466248206,To Fly,NDanese13,Яндекс.Музыка,Подписка,,,1,0,"0,02",ICECREAMMUSIC
5063466248206,To Fly,NDanese13,Яндекс.Музыка,Подписка,,,2,0,"0,06",ICECREAMMUSIC
5063466248206,To Fly,NDanese13,Яндекс.Музыка,Подписка,,,4,0,"0,13",ICECREAMMUSIC
5063466248206,To Fly,NDanese13,Яндекс.Музыка,Подписка,,,7,"0,04",0,ICECREAMMUSIC
5063833332866,Top Secret,"WhiteFluffy, s1eepy",vk,Аудиостриминг,,,1,0,0,ICECREAMMUSIC
5063833332866,Top Secret,"WhiteFluffy, s1eepy",vk,Аудиостриминг,,,1,0,"0,01",ICECREAMMUSIC
5063833332866,Top Secret,"WhiteFluffy, s1eepy",vk,Аудиостриминг,,,2,0,"0,03",ICECREAMMUSIC
5063833332866,Top Secret,"WhiteFluffy, s1eepy",vk,Аудиостриминг,,,3,0,"0,05",ICECREAMMUSIC
5063833332866,Top Secret,"WhiteFluffy, s1eepy",vk,Подписка,,,1,0,"0,07",ICECREAMMUSIC
5063833332866,Top Secret,"WhiteFluffy, s1eepy",vk,Аудиостриминг,,,6,0,"0,1",ICECREAMMUSIC
5063833332866,Top Secret,"WhiteFluffy, s1eepy",vk,Подписка,,,2,0,"0,13",ICECREAMMUSIC
5063833332866,Top Secret,"WhiteFluffy, s1eepy",vk,Пробная подписка,,,1,0,"0,62",ICECREAMMUSIC
5063833332866,Top Secret,"WhiteFluffy, s1eepy",vk,Пробная подписка,,,3,0,"1,06",ICECREAMMUSIC
5063833332866,Top Secret,"WhiteFluffy, s1eepy",vk,Аудиостриминг,,,3,"0,01",0,ICECREAMMUSIC
5063833332866,Top Secret,"WhiteFluffy, s1eepy",vk,Аудиостриминг,,,2,"0,01",0,ICECREAMMUSIC
5063833332866,Top Secret,"WhiteFluffy, s1eepy",vk,Аудиостриминг,,,6,"0,02",0,ICECREAMMUSIC
5063833332866,Top Secret,"WhiteFluffy, s1eepy",vk,Подписка,,,1,"0,02",0,ICECREAMMUSIC
5063833332866,Top Secret,"WhiteFluffy, s1eepy",vk,Подписка,,,2,"0,03",0,ICECREAMMUSIC
5063833332866,Top Secret,"WhiteFluffy, s1eepy",vk,Пробная подписка,,,1,"0,15",0,ICECREAMMUSIC
5063833332866,Top Secret,"WhiteFluffy, s1eepy",vk,Пробная подписка,,,3,"0,26",0,ICECREAMMUSIC
5063833332866,Top Secret,"WhiteFluffy, s1eepy",Яндекс.Музыка,Аудиостриминг,,,1,0,0,ICECREAMMUSIC
5063833332866,Top Secret,"WhiteFluffy, s1eepy",Яндекс.Музыка,Аудиостриминг,,,1,0,0,ICECREAMMUSIC
5063833332866,Top Secret,"WhiteFluffy, s1eepy",Яндекс.Музыка,Аудиостриминг,,,1,0,"0,01",ICECREAMMUSIC
5063833332866,Top Secret,"WhiteFluffy, s1eepy",Яндекс.Музыка,Подписка,,,1,0,"0,02",ICECREAMMUSIC
5063833332866,Top Secret,"WhiteFluffy, s1eepy",Яндекс.Музыка,Подписка,,,3,0,"0,08",ICECREAMMUSIC
5063833332866,Top Secret,"WhiteFluffy, s1eepy",Яндекс.Музыка,Подписка,,,4,0,"0,13",ICECREAMMUSIC
5063833332866,Top Secret,"WhiteFluffy, s1eepy",Яндекс.Музыка,Подписка,,,12,"0,06",0,ICECREAMMUSIC
5063945018054,Translit,s1eepy,QQMusic,Аудиостриминг,,,1,0,"0,01",ICECREAMMUSIC
5063945018054,Translit,s1eepy,QQMusic,Аудиостриминг,,,3,0,"0,04",ICECREAMMUSIC
5063945018054,Translit,s1eepy,vk,Аудиостриминг,,,1,0,"0,01",ICECREAMMUSIC
5063945018054,Translit,s1eepy,vk,Аудиостриминг,,,3,0,"0,05",ICECREAMMUSIC
5063945018054,Translit,s1eepy,vk,Аудиостриминг,,,3,0,"0,05",ICECREAMMUSIC
5063945018054,Translit,s1eepy,vk,Аудиостриминг,,,3,0,"0,07",ICECREAMMUSIC
5063945018054,Translit,s1eepy,vk,Подписка,,,1,0,"0,13",ICECREAMMUSIC
5063945018054,Translit,s1eepy,vk,Аудиостриминг,,,24,0,"0,51",ICECREAMMUSIC
5063945018054,Translit,s1eepy,vk,Подписка,,,15,0,"1,64",ICECREAMMUSIC
5063945018054,Translit,s1eepy,vk,Аудиостриминг,,,3,"0,01",0,ICECREAMMUSIC
5063945018054,Translit,s1eepy,vk,Аудиостриминг,,,3,"0,01",0,ICECREAMMUSIC
5063945018054,Translit,s1eepy,vk,Подписка,,,1,"0,03",0,ICECREAMMUSIC
5063945018054,Translit,s1eepy,vk,Аудиостриминг,,,28,"0,1",0,ICECREAMMUSIC
5063945018054,Translit,s1eepy,vk,Подписка,,,17,"0,41",0,ICECREAMMUSIC
5063945018054,Translit,s1eepy,Яндекс.Музыка,Аудиостриминг,,,1,0,0,ICECREAMMUSIC
5063945018054,Translit,s1eepy,Яндекс.Музыка,Аудиостриминг,,,2,0,"0,01",ICECREAMMUSIC
5063945018054,Translit,s1eepy,Яндекс.Музыка,Аудиостриминг,,,2,0,"0,01",ICECREAMMUSIC
5063945018054,Translit,s1eepy,Яндекс.Музыка,Подписка,,,1,0,"0,02",ICECREAMMUSIC
5063945018054,Translit,s1eepy,Яндекс.Музыка,Подписка,,,7,0,"0,24",ICECREAMMUSIC
5063945018054,Translit,s1eepy,Яндекс.Музыка,Подписка,,,8,0,"0,3",ICECREAMMUSIC
5063945018054,Translit,s1eepy,Яндекс.Музыка,Подписка,,,8,"0,05",0,ICECREAMMUSIC
5063635870306,TUNDRA GoRIT!,WANDERING FOG,MusixMatch,Тексты песен,,,14,"0,05",0,ICECREAMMUSIC
5063635870306,TUNDRA GoRIT!,WANDERING FOG,Spotify,Подписка,,,1,"0,01",0,ICECREAMMUSIC
5063635870306,TUNDRA GoRIT!,WANDERING FOG,vk,Аудиостриминг,,,1,0,"0,01",ICECREAMMUSIC
5063635870306,TUNDRA GoRIT!,WANDERING FOG,vk,Аудиостриминг,,,1,0,"0,01",ICECREAMMUSIC
5063635870306,TUNDRA GoRIT!,WANDERING FOG,vk,Аудиостриминг,,,1,0,"0,02",ICECREAMMUSIC
5063635870306,TUNDRA GoRIT!,WANDERING FOG,vk,Аудиостриминг,,,3,0,"0,05",ICECREAMMUSIC
5063635870306,TUNDRA GoRIT!,WANDERING FOG,vk,Аудиостриминг,,,6,0,"0,11",ICECREAMMUSIC
5063635870306,TUNDRA GoRIT!,WANDERING FOG,vk,Подписка,,,1,0,"0,15",ICECREAMMUSIC
5063635870306,TUNDRA GoRIT!,WANDERING FOG,vk,Подписка,,,1,0,"0,15",ICECREAMMUSIC
5063635870306,TUNDRA GoRIT!,WANDERING FOG,vk,Аудиостриминг,,,9,0,"0,17",ICECREAMMUSIC
5063635870306,TUNDRA GoRIT!,WANDERING FOG,vk,Подписка,,,4,0,"0,51",ICECREAMMUSIC
5063635870306,TUNDRA GoRIT!,WANDERING FOG,vk,Аудиостриминг,,,3,"0,01",0,ICECREAMMUSIC
5063635870306,TUNDRA GoRIT!,WANDERING FOG,vk,Аудиостриминг,,,7,"0,02",0,ICECREAMMUSIC
5063635870306,TUNDRA GoRIT!,WANDERING FOG,vk,Аудиостриминг,,,10,"0,03",0,ICECREAMMUSIC
5063635870306,TUNDRA GoRIT!,WANDERING FOG,vk,Подписка,,,1,"0,04",0,ICECREAMMUSIC
5063635870306,TUNDRA GoRIT!,WANDERING FOG,vk,Подписка,,,1,"0,04",0,ICECREAMMUSIC
5063635870306,TUNDRA GoRIT!,WANDERING FOG,vk,Тексты песен,,,3,"0,09",0,ICECREAMMUSIC
5063635870306,TUNDRA GoRIT!,WANDERING FOG,vk,Подписка,,,4,"0,13",0,ICECREAMMUSIC
5063635870306,TUNDRA GoRIT!,WANDERING FOG,Яндекс.Музыка,Аудиостриминг,,,1,0,0,ICECREAMMUSIC
5063635870306,TUNDRA GoRIT!,WANDERING FOG,Яндекс.Музыка,Аудиостриминг,,,2,0,"0,01",ICECREAMMUSIC
5063635870306,TUNDRA GoRIT!,WANDERING FOG,Яндекс.Музыка,Подписка,,,1,0,"0,02",ICECREAMMUSIC
5063635870306,TUNDRA GoRIT!,WANDERING FOG,Яндекс.Музыка,Подписка,,,5,0,"0,17",ICECREAMMUSIC
5063635870306,TUNDRA GoRIT!,WANDERING FOG,Яндекс.Музыка,Подписка,,,9,"0,06",0,ICECREAMMUSIC
5063316941530,Turn On,"NEKKITJ, BuddyBeatz",Line,Подписка,,,1,0,"0,17",ICECREAMMUSIC
5063316941530,Turn On,"NEKKITJ, BuddyBeatz",Line,Подписка,,,1,0,"0,17",ICECREAMMUSIC
5063316941530,Turn On,"NEKKITJ, BuddyBeatz",vk,Аудиостриминг,,,1,0,"0,02",ICECREAMMUSIC
5063316941530,Turn On,"NEKKITJ, BuddyBeatz",vk,Аудиостриминг,,,1,0,"0,02",ICECREAMMUSIC
5063316941530,Turn On,"NEKKITJ, BuddyBeatz",vk,Аудиостриминг,,,4,0,"0,07",ICECREAMMUSIC
5063316941530,Turn On,"NEKKITJ, BuddyBeatz",vk,Аудиостриминг,,,4,"0,01",0,ICECREAMMUSIC
5063316941530,Turn On,"NEKKITJ, BuddyBeatz",Яндекс.Музыка,Подписка,,,1,"0,01",0,ICECREAMMUSIC
5063945423292,VELVET,Ckeabrona,Яндекс.Музыка,Аудиостриминг,,,1,0,0,ICECREAMMUSIC
5063945423292,VELVET,Ckeabrona,Яндекс.Музыка,Аудиостриминг,,,1,0,0,ICECREAMMUSIC
5063945423292,VELVET,Ckeabrona,Яндекс.Музыка,Подписка,,,3,0,"0,08",ICECREAMMUSIC
5063945423292,VELVET,Ckeabrona,Яндекс.Музыка,Подписка,,,4,0,"0,1",ICECREAMMUSIC
5063635748292,Walking Dead,WhiteFluffy,Lyric Find,Тексты песен,,,2,"0,05",0,ICECREAMMUSIC
5063635748292,Walking Dead,WhiteFluffy,vk,Аудиостриминг,,,1,0,"0,02",ICECREAMMUSIC
5063635748292,Walking Dead,WhiteFluffy,vk,Аудиостриминг,,,2,0,"0,03",ICECREAMMUSIC
5063635748292,Walking Dead,WhiteFluffy,vk,Аудиостриминг,,,2,"0,01",0,ICECREAMMUSIC
5063635748292,Walking Dead,WhiteFluffy,Яндекс.Музыка,Аудиостриминг,,,1,0,0,ICECREAMMUSIC
5063635748292,Walking Dead,WhiteFluffy,Яндекс.Музыка,Аудиостриминг,,,1,0,0,ICECREAMMUSIC
5063635748292,Walking Dead,WhiteFluffy,Яндекс.Музыка,Аудиостриминг,,,1,0,"0,01",ICECREAMMUSIC
5063635748292,Walking Dead,WhiteFluffy,Яндекс.Музыка,Подписка,,,3,0,"0,08",ICECREAMMUSIC
5063635748292,Walking Dead,WhiteFluffy,Яндекс.Музыка,Подписка,,,3,0,"0,08",ICECREAMMUSIC
5063635748292,Walking Dead,WhiteFluffy,Яндекс.Музыка,Подписка,,,4,0,"0,13",ICECREAMMUSIC
5063635748292,Walking Dead,WhiteFluffy,Яндекс.Музыка,Подписка,,,7,"0,04",0,ICECREAMMUSIC
5063316738123,Wassup,WIZKEY,vk,Аудиостриминг,,,3,0,"0,05",ICECREAMMUSIC
5063316738123,Wassup,WIZKEY,vk,Аудиостриминг,,,3,"0,01",0,ICECREAMMUSIC
5063316738123,Wassup,WIZKEY,КИОН Музыка,Аудиостриминг,,,1,0,"0,02",ICECREAMMUSIC
5063316738123,Wassup,WIZKEY,КИОН Музыка,Подписка,,,1,0,"0,07",ICECREAMMUSIC
5063316738123,Wassup,WIZKEY,КИОН Музыка,Аудиостриминг,,,1,"0,01",0,ICECREAMMUSIC
5063316738123,Wassup,WIZKEY,КИОН Музыка,Подписка,,,1,"0,02",0,ICECREAMMUSIC
5063833332866,WDPV,"WhiteFluffy, s1eepy",vk,Аудиостриминг,,,1,0,"0,01",ICECREAMMUSIC
5063833332866,WDPV,"WhiteFluffy, s1eepy",vk,Аудиостриминг,,,1,0,"0,02",ICECREAMMUSIC
5063833332866,WDPV,"WhiteFluffy, s1eepy",vk,Аудиостриминг,,,4,0,"0,06",ICECREAMMUSIC
5063833332866,WDPV,"WhiteFluffy, s1eepy",vk,Аудиостриминг,,,5,0,"0,09",ICECREAMMUSIC
5063833332866,WDPV,"WhiteFluffy, s1eepy",vk,Подписка,,,1,0,"0,15",ICECREAMMUSIC
5063833332866,WDPV,"WhiteFluffy, s1eepy",vk,Пробная подписка,,,1,0,"0,36",ICECREAMMUSIC
5063833332866,WDPV,"WhiteFluffy, s1eepy",vk,Пробная подписка,,,3,0,"1,06",ICECREAMMUSIC
5063833332866,WDPV,"WhiteFluffy, s1eepy",vk,Аудиостриминг,,,4,"0,01",0,ICECREAMMUSIC
5063833332866,WDPV,"WhiteFluffy, s1eepy",vk,Аудиостриминг,,,5,"0,02",0,ICECREAMMUSIC
5063833332866,WDPV,"WhiteFluffy, s1eepy",vk,Подписка,,,1,"0,04",0,ICECREAMMUSIC
5063833332866,WDPV,"WhiteFluffy, s1eepy",vk,Пробная подписка,,,1,"0,09",0,ICECREAMMUSIC
5063833332866,WDPV,"WhiteFluffy, s1eepy",vk,Пробная подписка,,,3,"0,26",0,ICECREAMMUSIC
5063833332866,WDPV,"WhiteFluffy, s1eepy",YouTube,Аудио,,,23,0,"0,01",ICECREAMMUSIC
5063833332866,WDPV,"WhiteFluffy, s1eepy",YouTube Premium,Подписка,,,5,0,"0,23",ICECREAMMUSIC
5063833332866,WDPV,"WhiteFluffy, s1eepy",YouTube Premium,Подписка,,,7,0,"0,66",ICECREAMMUSIC
5063833332866,WDPV,"WhiteFluffy, s1eepy",Звук,Подписка,,,1,0,"0,18",ICECREAMMUSIC
5063833332866,WDPV,"WhiteFluffy, s1eepy",Звук,Подписка,,,1,"0,03",0,ICECREAMMUSIC
5063833332866,WDPV,"WhiteFluffy, s1eepy",Сервисы АДВ Мьюзик,РБТ,,,3,0,"0,08",ICECREAMMUSIC
5063833332866,WDPV,"WhiteFluffy, s1eepy",Сервисы АДВ Мьюзик,РБТ,,,3,"0,02",0,ICECREAMMUSIC
5063833332866,WDPV,"WhiteFluffy, s1eepy",Яндекс.Музыка,Аудиостриминг,,,1,0,0,ICECREAMMUSIC
5063833332866,WDPV,"WhiteFluffy, s1eepy",Яндекс.Музыка,Аудиостриминг,,,1,0,0,ICECREAMMUSIC
5063833332866,WDPV,"WhiteFluffy, s1eepy",Яндекс.Музыка,Аудиостриминг,,,1,0,0,ICECREAMMUSIC
5063833332866,WDPV,"WhiteFluffy, s1eepy",Яндекс.Музыка,Подписка,,,4,0,"0,1",ICECREAMMUSIC
5063833332866,WDPV,"WhiteFluffy, s1eepy",Яндекс.Музыка,Подписка,,,4,0,"0,1",ICECREAMMUSIC
5063833332866,WDPV,"WhiteFluffy, s1eepy",Яндекс.Музыка,Подписка,,,4,0,"0,1",ICECREAMMUSIC
5063833332866,WDPV,"WhiteFluffy, s1eepy",Яндекс.Музыка,Подписка,,,11,"0,06",0,ICECREAMMUSIC
GUT200137,WE LOVE DEMONS,"NEFORMALL, Lingvinii",Яндекс.Музыка,Аудиостриминг,,,1,0,0,ICECREAMMUSIC
GUT200137,WE LOVE DEMONS,"NEFORMALL, Lingvinii",Яндекс.Музыка,Аудиостриминг,,,1,0,"0,01",ICECREAMMUSIC
GUT200137,WE LOVE DEMONS,"NEFORMALL, Lingvinii",Яндекс.Музыка,Подписка,,,3,0,"0,08",ICECREAMMUSIC
GUT200137,WE LOVE DEMONS,"NEFORMALL, Lingvinii",Яндекс.Музыка,Подписка,,,4,0,"0,13",ICECREAMMUSIC
5063833390224,Welcome,CHEDLY,vk,Аудиостриминг,,,1,0,"0,02",ICECREAMMUSIC
5063833390224,Welcome,CHEDLY,Одноклассники,Аудиостриминг,,,8,0,"0,13",ICECREAMMUSIC
5063833390224,Welcome,CHEDLY,Одноклассники,Аудиостриминг,,,9,0,"0,16",ICECREAMMUSIC
5063833390224,Welcome,CHEDLY,Одноклассники,Аудиостриминг,,,15,0,"0,25",ICECREAMMUSIC
5063833390224,Welcome,CHEDLY,Одноклассники,Аудиостриминг,,,8,"0,02",0,ICECREAMMUSIC
5063833390224,Welcome,CHEDLY,Одноклассники,Аудиостриминг,,,9,"0,03",0,ICECREAMMUSIC
5063833390224,Welcome,CHEDLY,Одноклассники,Аудиостриминг,,,15,"0,05",0,ICECREAMMUSIC
5063833390224,Welcome,CHEDLY,Яндекс.Музыка,Аудиостриминг,,,1,0,0,ICECREAMMUSIC
5063833390224,Welcome,CHEDLY,Яндекс.Музыка,Аудиостриминг,,,1,0,0,ICECREAMMUSIC
5063833390224,Welcome,CHEDLY,Яндекс.Музыка,Аудиостриминг,,,1,0,0,ICECREAMMUSIC
5063833390224,Welcome,CHEDLY,Яндекс.Музыка,Аудиостриминг,,,1,0,"0,01",ICECREAMMUSIC
5063833390224,Welcome,CHEDLY,Яндекс.Музыка,Подписка,,,1,0,"0,02",ICECREAMMUSIC
5063833390224,Welcome,CHEDLY,Яндекс.Музыка,Подписка,,,1,0,"0,02",ICECREAMMUSIC
5063833390224,Welcome,CHEDLY,Яндекс.Музыка,Подписка,,,2,0,"0,06",ICECREAMMUSIC
5063833390224,Welcome,CHEDLY,Яндекс.Музыка,Подписка,,,4,"0,02",0,ICECREAMMUSIC
5063945423292,WEST SIDE,Ckeabrona,vk,Аудиостриминг,,,1,0,"0,02",ICECREAMMUSIC
5063945423292,WEST SIDE,Ckeabrona,Иная дистрибуция,Видео,,,16,0,"0,6",ICECREAMMUSIC
5063945423292,WEST SIDE,Ckeabrona,Яндекс.Музыка,Аудиостриминг,,,1,0,0,ICECREAMMUSIC
5063945423292,WEST SIDE,Ckeabrona,Яндекс.Музыка,Подписка,,,1,0,"0,02",ICECREAMMUSIC
5063466248206,When We Are Saying Goodbye,NDanese13,Яндекс.Музыка,Аудиостриминг,,,1,0,0,ICECREAMMUSIC
5063466248206,When We Are Saying Goodbye,NDanese13,Яндекс.Музыка,Аудиостриминг,,,1,0,0,ICECREAMMUSIC
5063466248206,When We Are Saying Goodbye,NDanese13,Яндекс.Музыка,Аудиостриминг,,,1,0,0,ICECREAMMUSIC
5063466248206,When We Are Saying Goodbye,NDanese13,Яндекс.Музыка,Подписка,,,1,0,"0,02",ICECREAMMUSIC
5063466248206,When We Are Saying Goodbye,NDanese13,Яндекс.Музыка,Подписка,,,1,0,"0,02",ICECREAMMUSIC
5063466248206,When We Are Saying Goodbye,NDanese13,Яндекс.Музыка,Подписка,,,4,0,"0,1",ICECREAMMUSIC
5063466248206,When We Are Saying Goodbye,NDanese13,Яндекс.Музыка,Подписка,,,5,"0,03",0,ICECREAMMUSIC
5063635536103,WhitePunk,WhiteFluffy,vk,Аудиостриминг,,,1,0,"0,02",ICECREAMMUSIC
5063635536103,WhitePunk,WhiteFluffy,vk,Аудиостриминг,,,1,0,"0,02",ICECREAMMUSIC
5063635536103,WhitePunk,WhiteFluffy,vk,Аудиостриминг,,,2,0,"0,03",ICECREAMMUSIC
5063635536103,WhitePunk,WhiteFluffy,vk,Пробная подписка,,,1,0,"0,36",ICECREAMMUSIC
5063635536103,WhitePunk,WhiteFluffy,vk,Пробная подписка,,,4,0,"1,77",ICECREAMMUSIC
5063635536103,WhitePunk,WhiteFluffy,vk,Аудиостриминг,,,2,"0,01",0,ICECREAMMUSIC
5063635536103,WhitePunk,WhiteFluffy,vk,Пробная подписка,,,1,"0,09",0,ICECREAMMUSIC
5063635536103,WhitePunk,WhiteFluffy,vk,Пробная подписка,,,4,"0,44",0,ICECREAMMUSIC
5063635536103,WhitePunk,WhiteFluffy,Яндекс.Музыка,Аудиостриминг,,,1,0,0,ICECREAMMUSIC
5063635536103,WhitePunk,WhiteFluffy,Яндекс.Музыка,Аудиостриминг,,,1,0,"0,01",ICECREAMMUSIC
5063635536103,WhitePunk,WhiteFluffy,Яндекс.Музыка,Аудиостриминг,,,2,0,"0,01",ICECREAMMUSIC
5063635536103,WhitePunk,WhiteFluffy,Яндекс.Музыка,Подписка,,,4,0,"0,1",ICECREAMMUSIC
5063635536103,WhitePunk,WhiteFluffy,Яндекс.Музыка,Подписка,,,4,0,"0,13",ICECREAMMUSIC
5063635536103,WhitePunk,WhiteFluffy,Яндекс.Музыка,Подписка,,,5,0,"0,18",ICECREAMMUSIC
5063635536103,WhitePunk,WhiteFluffy,Яндекс.Музыка,Подписка,,,5,"0,03",0,ICECREAMMUSIC
5063466245335,WHY U HATE ME,"NEFORMALL, Lingvinii",Netease Cloud Music,Подписка,,,4,0,"0,14",ICECREAMMUSIC
5063466245335,WHY U HATE ME,"NEFORMALL, Lingvinii",Яндекс.Музыка,Аудиостриминг,,,1,0,0,ICECREAMMUSIC
5063466245335,WHY U HATE ME,"NEFORMALL, Lingvinii",Яндекс.Музыка,Аудиостриминг,,,3,0,"0,01",ICECREAMMUSIC
5063466245335,WHY U HATE ME,"NEFORMALL, Lingvinii",Яндекс.Музыка,Подписка,,,1,0,"0,02",ICECREAMMUSIC
5063466245335,WHY U HATE ME,"NEFORMALL, Lingvinii",Яндекс.Музыка,Подписка,,,9,0,"0,34",ICECREAMMUSIC
5063316987408,William Lawson’s,Tripowy,MusixMatch,Тексты песен,,,1,"0,01",0,ICECREAMMUSIC
5063316987408,William Lawson’s,Tripowy,vk,Аудиостриминг,,,1,0,"0,01",ICECREAMMUSIC
5063316987408,William Lawson’s,Tripowy,vk,Аудиостриминг,,,1,0,"0,02",ICECREAMMUSIC
5063316987408,William Lawson’s,Tripowy,vk,Аудиостриминг,,,3,0,"0,05",ICECREAMMUSIC
5063316987408,William Lawson’s,Tripowy,vk,Аудиостриминг,,,4,0,"0,07",ICECREAMMUSIC
5063316987408,William Lawson’s,Tripowy,vk,Подписка,,,1,0,"0,15",ICECREAMMUSIC
5063316987408,William Lawson’s,Tripowy,vk,Аудиостриминг,,,3,"0,01",0,ICECREAMMUSIC
5063316987408,William Lawson’s,Tripowy,vk,Аудиостриминг,,,4,"0,01",0,ICECREAMMUSIC
5063316987408,William Lawson’s,Tripowy,vk,Подписка,,,1,"0,04",0,ICECREAMMUSIC
5063316987408,William Lawson’s,Tripowy,Яндекс.Музыка,Аудиостриминг,,,1,0,0,ICECREAMMUSIC
5063316987408,William Lawson’s,Tripowy,Яндекс.Музыка,Аудиостриминг,,,1,0,0,ICECREAMMUSIC
5063316987408,William Lawson’s,Tripowy,Яндекс.Музыка,Аудиостриминг,,,1,0,0,ICECREAMMUSIC
5063316987408,William Lawson’s,Tripowy,Яндекс.Музыка,Подписка,,,1,0,"0,02",ICECREAMMUSIC
5063316987408,William Lawson’s,Tripowy,Яндекс.Музыка,Подписка,,,2,0,"0,06",ICECREAMMUSIC
5063316987408,William Lawson’s,Tripowy,Яндекс.Музыка,Подписка,,,3,0,"0,07",ICECREAMMUSIC
5063316987408,William Lawson’s,Tripowy,Яндекс.Музыка,Подписка,,,5,"0,03",0,ICECREAMMUSIC
5063466931122,Wisdom of the Heavens,BrightSam,Яндекс.Музыка,Аудиостриминг,,,1,0,0,ICECREAMMUSIC
5063466931122,Wisdom of the Heavens,BrightSam,Яндекс.Музыка,Подписка,,,1,0,"0,02",ICECREAMMUSIC
5063833643047,Wqueit,THIRTEENKILLA,vk,Аудиостриминг,,,1,0,0,ICECREAMMUSIC
5063833643047,Wqueit,THIRTEENKILLA,vk,Подписка,,,1,0,"0,05",ICECREAMMUSIC
5063833643047,Wqueit,THIRTEENKILLA,vk,Аудиостриминг,,,6,0,"0,1",ICECREAMMUSIC
5063833643047,Wqueit,THIRTEENKILLA,vk,Аудиостриминг,,,10,0,"0,19",ICECREAMMUSIC
5063833643047,Wqueit,THIRTEENKILLA,vk,Подписка,,,1,"0,01",0,ICECREAMMUSIC
5063833643047,Wqueit,THIRTEENKILLA,vk,Аудиостриминг,,,6,"0,02",0,ICECREAMMUSIC
5063833643047,Wqueit,THIRTEENKILLA,vk,Аудиостриминг,,,11,"0,04",0,ICECREAMMUSIC
5063833643047,Wqueit,THIRTEENKILLA,YouTube Premium,Подписка,,,5,0,"0,01",ICECREAMMUSIC
5063833643047,Wqueit,THIRTEENKILLA,Яндекс.Музыка,Аудиостриминг,,,2,0,"0,01",ICECREAMMUSIC
5063833643047,Wqueit,THIRTEENKILLA,Яндекс.Музыка,Аудиостриминг,,,2,0,"0,01",ICECREAMMUSIC
5063833643047,Wqueit,THIRTEENKILLA,Яндекс.Музыка,Аудиостриминг,,,2,0,"0,01",ICECREAMMUSIC
5063833643047,Wqueit,THIRTEENKILLA,Яндекс.Музыка,Подписка,,,5,0,"0,18",ICECREAMMUSIC
5063833643047,Wqueit,THIRTEENKILLA,Яндекс.Музыка,Подписка,,,7,0,"0,22",ICECREAMMUSIC
5063833643047,Wqueit,THIRTEENKILLA,Яндекс.Музыка,Подписка,,,8,0,"0,3",ICECREAMMUSIC
5063833643047,Wqueit,THIRTEENKILLA,Яндекс.Музыка,Подписка,,,24,"0,14",0,ICECREAMMUSIC
5063635748292,You Are Ready?,WhiteFluffy,MusixMatch,Тексты песен,,,1,"0,01",0,ICECREAMMUSIC
5063635748292,You Are Ready?,WhiteFluffy,QQMusic,Подписка,,,1,0,"0,03",ICECREAMMUSIC
5063635748292,You Are Ready?,WhiteFluffy,vk,Аудиостриминг,,,1,0,"0,02",ICECREAMMUSIC
5063635748292,You Are Ready?,WhiteFluffy,Иная дистрибуция,Видео,,,4,0,"0,25",ICECREAMMUSIC
5063635748292,You Are Ready?,WhiteFluffy,Яндекс.Музыка,Аудиостриминг,,,1,0,0,ICECREAMMUSIC
5063635748292,You Are Ready?,WhiteFluffy,Яндекс.Музыка,Аудиостриминг,,,1,0,0,ICECREAMMUSIC
5063635748292,You Are Ready?,WhiteFluffy,Яндекс.Музыка,Подписка,,,1,0,"0,02",ICECREAMMUSIC
5063635748292,You Are Ready?,WhiteFluffy,Яндекс.Музыка,Подписка,,,3,0,"0,07",ICECREAMMUSIC
5063635748292,You Are Ready?,WhiteFluffy,Яндекс.Музыка,Подписка,,,7,"0,04",0,ICECREAMMUSIC
5063635477161,zabud`,HXART,vk,Аудиостриминг,,,1,0,0,ICECREAMMUSIC
5063635477161,zabud`,HXART,vk,Аудиостриминг,,,1,0,"0,01",ICECREAMMUSIC
5063635477161,zabud`,HXART,vk,Подписка,,,1,0,"0,07",ICECREAMMUSIC
5063635477161,zabud`,HXART,vk,Подписка,,,1,0,"0,13",ICECREAMMUSIC
5063635477161,zabud`,HXART,vk,Аудиостриминг,,,18,0,"0,38",ICECREAMMUSIC
5063635477161,zabud`,HXART,vk,Аудиостриминг,,,19,0,"0,4",ICECREAMMUSIC
5063635477161,zabud`,HXART,vk,Аудиостриминг,,,27,0,"0,55",ICECREAMMUSIC
5063635477161,zabud`,HXART,vk,Подписка,,,1,"0,02",0,ICECREAMMUSIC
5063635477161,zabud`,HXART,vk,Подписка,,,1,"0,03",0,ICECREAMMUSIC
5063635477161,zabud`,HXART,vk,Аудиостриминг,,,22,"0,07",0,ICECREAMMUSIC
5063635477161,zabud`,HXART,vk,Аудиостриминг,,,21,"0,07",0,ICECREAMMUSIC
5063635477161,zabud`,HXART,vk,Аудиостриминг,,,31,"0,1",0,ICECREAMMUSIC
5063635477161,zabud`,HXART,YouTube,Аудио,,,2,0,"0,02",ICECREAMMUSIC
5063635477161,zabud`,HXART,Яндекс.Музыка,Аудиостриминг,,,1,0,0,ICECREAMMUSIC
5063635477161,zabud`,HXART,Яндекс.Музыка,Подписка,,,1,0,"0,02",ICECREAMMUSIC
5063833035323,zero,"WhiteFluffy, s1eepy",Spotify,Подписка,,,4,0,"0,12",ICECREAMMUSIC
5063833035323,zero,"WhiteFluffy, s1eepy",Spotify,Подписка,,,12,0,"0,59",ICECREAMMUSIC
5063833035323,zero,"WhiteFluffy, s1eepy",Spotify,Аудиостриминг,,,79,0,"1,57",ICECREAMMUSIC
5063833035323,zero,"WhiteFluffy, s1eepy",Spotify,Аудиостриминг,,,1508,0,"22,05",ICECREAMMUSIC
5063833035323,zero,"WhiteFluffy, s1eepy",Spotify,Аудиостриминг,,,48,"0,01",0,ICECREAMMUSIC
5063833035323,zero,"WhiteFluffy, s1eepy",Spotify,Подписка,,,4,"0,06",0,ICECREAMMUSIC
5063833035323,zero,"WhiteFluffy, s1eepy",vk,Аудиостриминг,,,2,0,"0,03",ICECREAMMUSIC
5063833035323,zero,"WhiteFluffy, s1eepy",vk,Аудиостриминг,,,4,0,"0,06",ICECREAMMUSIC
5063833035323,zero,"WhiteFluffy, s1eepy",vk,Аудиостриминг,,,5,0,"0,09",ICECREAMMUSIC
5063833035323,zero,"WhiteFluffy, s1eepy",vk,Аудиостриминг,,,2,"0,01",0,ICECREAMMUSIC
5063833035323,zero,"WhiteFluffy, s1eepy",vk,Аудиостриминг,,,4,"0,01",0,ICECREAMMUSIC
5063833035323,zero,"WhiteFluffy, s1eepy",vk,Аудиостриминг,,,5,"0,02",0,ICECREAMMUSIC
5063833035323,zero,"WhiteFluffy, s1eepy",Звук,Подписка,,,1,0,"0,18",ICECREAMMUSIC
5063833035323,zero,"WhiteFluffy, s1eepy",Звук,Подписка,,,1,"0,03",0,ICECREAMMUSIC
5063833035323,zero,"WhiteFluffy, s1eepy",Яндекс.Музыка,Аудиостриминг,,,4,0,"0,02",ICECREAMMUSIC
5063833035323,zero,"WhiteFluffy, s1eepy",Яндекс.Музыка,Аудиостриминг,,,5,0,"0,03",ICECREAMMUSIC
5063833035323,zero,"WhiteFluffy, s1eepy",Яндекс.Музыка,Аудиостриминг,,,6,0,"0,03",ICECREAMMUSIC
5063833035323,zero,"WhiteFluffy, s1eepy",Яндекс.Музыка,Подписка,,,13,0,"0,49",ICECREAMMUSIC
5063833035323,zero,"WhiteFluffy, s1eepy",Яндекс.Музыка,Подписка,,,18,0,"0,66",ICECREAMMUSIC
5063833035323,zero,"WhiteFluffy, s1eepy",Яндекс.Музыка,Подписка,,,21,0,"0,81",ICECREAMMUSIC
5063833035323,zero,"WhiteFluffy, s1eepy",Яндекс.Музыка,Подписка,,,56,"0,32",0,ICECREAMMUSIC
5063945256708,ZywOo,"WhiteFluffy, shanx",Kugou,Подписка,,,2,0,"0,06",ICECREAMMUSIC
5063945256708,ZywOo,"WhiteFluffy, shanx",vk,Аудиостриминг,,,1,0,"0,01",ICECREAMMUSIC
5063945256708,ZywOo,"WhiteFluffy, shanx",vk,Аудиостриминг,,,3,0,"0,05",ICECREAMMUSIC
5063945256708,ZywOo,"WhiteFluffy, shanx",vk,Подписка,,,2,0,"0,19",ICECREAMMUSIC
5063945256708,ZywOo,"WhiteFluffy, shanx",vk,Аудиостриминг,,,14,0,"0,27",ICECREAMMUSIC
5063945256708,ZywOo,"WhiteFluffy, shanx",vk,Пробная подписка,,,3,0,"1,06",ICECREAMMUSIC
5063945256708,ZywOo,"WhiteFluffy, shanx",vk,Пробная подписка,,,6,0,"2,83",ICECREAMMUSIC
5063945256708,ZywOo,"WhiteFluffy, shanx",vk,Аудиостриминг,,,3,"0,01",0,ICECREAMMUSIC
5063945256708,ZywOo,"WhiteFluffy, shanx",vk,Подписка,,,2,"0,05",0,ICECREAMMUSIC
5063945256708,ZywOo,"WhiteFluffy, shanx",vk,Аудиостриминг,,,16,"0,06",0,ICECREAMMUSIC
5063945256708,ZywOo,"WhiteFluffy, shanx",vk,Пробная подписка,,,3,"0,26",0,ICECREAMMUSIC
5063945256708,ZywOo,"WhiteFluffy, shanx",vk,Пробная подписка,,,7,"0,69",0,ICECREAMMUSIC
5063945256708,ZywOo,"WhiteFluffy, shanx",Яндекс.Музыка,Аудиостриминг,,,4,0,"0,02",ICECREAMMUSIC
5063945256708,ZywOo,"WhiteFluffy, shanx",Яндекс.Музыка,Аудиостриминг,,,9,0,"0,06",ICECREAMMUSIC
5063945256708,ZywOo,"WhiteFluffy, shanx",Яндекс.Музыка,Аудиостриминг,,,50,0,"0,5",ICECREAMMUSIC
5063945256708,ZywOo,"WhiteFluffy, shanx",Яндекс.Музыка,Подписка,,,13,0,"0,51",ICECREAMMUSIC
5063945256708,ZywOo,"WhiteFluffy, shanx",Яндекс.Музыка,Подписка,,,33,0,"1,3",ICECREAMMUSIC
5063833699105,Алтай,"Albi Mirza, NАГИМ",TikTok,Видео,,,1,0,"0,02",ICECREAMMUSIC
5063833699105,Алтай,"Albi Mirza, NАГИМ",vk,Аудиостриминг,,,1,0,0,ICECREAMMUSIC
5063833699105,Алтай,"Albi Mirza, NАГИМ",vk,Аудиостриминг,,,1,0,"0,01",ICECREAMMUSIC
5063833699105,Алтай,"Albi Mirza, NАГИМ",vk,Аудиостриминг,,,4,0,"0,06",ICECREAMMUSIC
5063833699105,Алтай,"Albi Mirza, NАГИМ",vk,Подписка,,,1,0,"0,07",ICECREAMMUSIC
5063833699105,Алтай,"Albi Mirza, NАГИМ",vk,Аудиостриминг,,,6,0,"0,11",ICECREAMMUSIC
5063833699105,Алтай,"Albi Mirza, NАГИМ",vk,Подписка,,,2,0,"0,23",ICECREAMMUSIC
5063833699105,Алтай,"Albi Mirza, NАГИМ",vk,Аудиостриминг,,,4,"0,01",0,ICECREAMMUSIC
5063833699105,Алтай,"Albi Mirza, NАГИМ",vk,Аудиостриминг,,,7,"0,02",0,ICECREAMMUSIC
5063833699105,Алтай,"Albi Mirza, NАГИМ",vk,Подписка,,,1,"0,02",0,ICECREAMMUSIC
5063833699105,Алтай,"Albi Mirza, NАГИМ",vk,Подписка,,,2,"0,06",0,ICECREAMMUSIC
5063833699105,Алтай,"Albi Mirza, NАГИМ",vk,Тексты песен,,,5,"0,18",0,ICECREAMMUSIC
5063833699105,Алтай,"Albi Mirza, NАГИМ",Звук,Подписка,,,1,0,"0,2",ICECREAMMUSIC
5063833699105,Алтай,"Albi Mirza, NАГИМ",Звук,Подписка,,,2,0,"0,37",ICECREAMMUSIC
5063833699105,Алтай,"Albi Mirza, NАГИМ",Звук,Подписка,,,4,"0,13",0,ICECREAMMUSIC
5063833699105,Алтай,"Albi Mirza, NАГИМ",КИОН Музыка,Аудиостриминг,,,7,0,"0,17",ICECREAMMUSIC
5063833699105,Алтай,"Albi Mirza, NАГИМ",КИОН Музыка,Подписка,,,44,0,"3,82",ICECREAMMUSIC
5063833699105,Алтай,"Albi Mirza, NАГИМ",КИОН Музыка,Аудиостриминг,,,7,"0,04",0,ICECREAMMUSIC
5063833699105,Алтай,"Albi Mirza, NАГИМ",КИОН Музыка,Подписка,,,44,"0,83",0,ICECREAMMUSIC
5063833699105,Алтай,"Albi Mirza, NАГИМ",Одноклассники,Тексты песен,,,3,"0,08",0,ICECREAMMUSIC
5063833699105,Алтай,"Albi Mirza, NАГИМ",Сервисы АДВ Мьюзик,РБТ,,,4,0,"0,1",ICECREAMMUSIC
5063833699105,Алтай,"Albi Mirza, NАГИМ",Сервисы АДВ Мьюзик,РБТ,,,4,"0,03",0,ICECREAMMUSIC
5063833699105,Алтай,"Albi Mirza, NАГИМ",Яндекс.Музыка,Аудиостриминг,,,2,0,"0,01",ICECREAMMUSIC
5063833699105,Алтай,"Albi Mirza, NАГИМ",Яндекс.Музыка,Аудиостриминг,,,3,0,"0,02",ICECREAMMUSIC
5063833699105,Алтай,"Albi Mirza, NАГИМ",Яндекс.Музыка,Аудиостриминг,,,3,0,"0,02",ICECREAMMUSIC
5063833699105,Алтай,"Albi Mirza, NАГИМ",Яндекс.Музыка,Аудиостриминг,,,5,0,"0,03",ICECREAMMUSIC
5063833699105,Алтай,"Albi Mirza, NАГИМ",Яндекс.Музыка,Аудиостриминг,,,6,0,"0,06",ICECREAMMUSIC
5063833699105,Алтай,"Albi Mirza, NАГИМ",Яндекс.Музыка,Подписка,,,8,0,"0,28",ICECREAMMUSIC
5063833699105,Алтай,"Albi Mirza, NАГИМ",Яндекс.Музыка,Подписка,,,12,0,"0,46",ICECREAMMUSIC
5063833699105,Алтай,"Albi Mirza, NАГИМ",Яндекс.Музыка,Подписка,,,19,0,"0,69",ICECREAMMUSIC
5063833699105,Алтай,"Albi Mirza, NАГИМ",Яндекс.Музыка,Аудиостриминг,,,16,"0,04",0,ICECREAMMUSIC
5063833699105,Алтай,"Albi Mirza, NАГИМ",Яндекс.Музыка,Подписка,,,168,"0,97",0,ICECREAMMUSIC
5063316738123,Апарт,WIZKEY,vk,Аудиостриминг,,,1,0,"0,02",ICECREAMMUSIC
5063316738123,Апарт,WIZKEY,КИОН Музыка,Аудиостриминг,,,1,0,"0,02",ICECREAMMUSIC
5063316738123,Апарт,WIZKEY,КИОН Музыка,Аудиостриминг,,,1,"0,01",0,ICECREAMMUSIC
5063316738123,Апарт,WIZKEY,Яндекс.Музыка,Подписка,,,1,"0,01",0,ICECREAMMUSIC
5063833135832,Ау,Phil Mahart,vk,Аудиостриминг,,,1,0,"0,01",ICECREAMMUSIC
5063833135832,Ау,Phil Mahart,vk,Аудиостриминг,,,1,0,"0,01",ICECREAMMUSIC
5063833135832,Ау,Phil Mahart,vk,Аудиостриминг,,,5,0,"0,09",ICECREAMMUSIC
5063833135832,Ау,Phil Mahart,vk,Подписка,,,1,0,"0,15",ICECREAMMUSIC
5063833135832,Ау,Phil Mahart,vk,Аудиостриминг,,,4,0,"0,2",ICECREAMMUSIC
5063833135832,Ау,Phil Mahart,vk,Аудиостриминг,,,12,0,"0,25",ICECREAMMUSIC
5063833135832,Ау,Phil Mahart,vk,Аудиостриминг,,,13,0,"0,26",ICECREAMMUSIC
5063833135832,Ау,Phil Mahart,vk,Подписка,,,3,0,"0,26",ICECREAMMUSIC
5063833135832,Ау,Phil Mahart,vk,Подписка,,,21,0,"4,56",ICECREAMMUSIC
5063833135832,Ау,Phil Mahart,vk,Аудиостриминг,,,5,"0,02",0,ICECREAMMUSIC
5063833135832,Ау,Phil Mahart,vk,Подписка,,,1,"0,04",0,ICECREAMMUSIC
5063833135832,Ау,Phil Mahart,vk,Аудиостриминг,,,15,"0,05",0,ICECREAMMUSIC
5063833135832,Ау,Phil Mahart,vk,Аудиостриминг,,,14,"0,05",0,ICECREAMMUSIC
5063833135832,Ау,Phil Mahart,vk,Подписка,,,3,"0,06",0,ICECREAMMUSIC
5063833135832,Ау,Phil Mahart,vk,Подписка,,,24,"1,13",0,ICECREAMMUSIC
5063833135832,Ау,Phil Mahart,КИОН Музыка,Подписка,,,92,0,"8,13",ICECREAMMUSIC
5063833135832,Ау,Phil Mahart,КИОН Музыка,Подписка,,,92,"1,77",0,ICECREAMMUSIC
5063833135832,Ау,Phil Mahart,Яндекс.Музыка,Аудиостриминг,,,2,0,"0,01",ICECREAMMUSIC
5063833135832,Ау,Phil Mahart,Яндекс.Музыка,Аудиостриминг,,,3,0,"0,02",ICECREAMMUSIC
5063833135832,Ау,Phil Mahart,Яндекс.Музыка,Аудиостриминг,,,4,0,"0,04",ICECREAMMUSIC
5063833135832,Ау,Phil Mahart,Яндекс.Музыка,Аудиостриминг,,,9,0,"0,06",ICECREAMMUSIC
5063833135832,Ау,Phil Mahart,Яндекс.Музыка,Аудиостриминг,,,13,0,"0,09",ICECREAMMUSIC
5063833135832,Ау,Phil Mahart,Яндекс.Музыка,Аудиостриминг,,,16,0,"0,1",ICECREAMMUSIC
5063833135832,Ау,Phil Mahart,Яндекс.Музыка,Подписка,,,33,0,"1,3",ICECREAMMUSIC
5063833135832,Ау,Phil Mahart,Яндекс.Музыка,Подписка,,,52,0,"2,06",ICECREAMMUSIC
5063833135832,Ау,Phil Mahart,Яндекс.Музыка,Подписка,,,61,0,"2,32",ICECREAMMUSIC
5063833135832,Ау,Phil Mahart,Яндекс.Музыка,Аудиостриминг,,,12,"0,03",0,ICECREAMMUSIC
5063833135832,Ау,Phil Mahart,Яндекс.Музыка,Подписка,,,274,"1,59",0,ICECREAMMUSIC
5063833698689,БАР,"Malyshkin, ninetwofive",vk,Аудиостриминг,,,1,0,0,ICECREAMMUSIC
5063833698689,БАР,"Malyshkin, ninetwofive",vk,Аудиостриминг,,,1,0,"0,02",ICECREAMMUSIC
5063833698689,БАР,"Malyshkin, ninetwofive",vk,Аудиостриминг,,,1,0,"0,02",ICECREAMMUSIC
5063833698689,БАР,"Malyshkin, ninetwofive",vk,Аудиостриминг,,,4,0,"0,06",ICECREAMMUSIC
5063833698689,БАР,"Malyshkin, ninetwofive",vk,Подписка,,,1,0,"0,06",ICECREAMMUSIC
5063833698689,БАР,"Malyshkin, ninetwofive",vk,Подписка,,,3,0,"0,38",ICECREAMMUSIC
5063833698689,БАР,"Malyshkin, ninetwofive",vk,Подписка,,,3,0,"0,46",ICECREAMMUSIC
5063833698689,БАР,"Malyshkin, ninetwofive",vk,Аудиостриминг,,,4,"0,01",0,ICECREAMMUSIC
5063833698689,БАР,"Malyshkin, ninetwofive",vk,Подписка,,,1,"0,01",0,ICECREAMMUSIC
5063833698689,БАР,"Malyshkin, ninetwofive",vk,Подписка,,,3,"0,1",0,ICECREAMMUSIC
5063833698689,БАР,"Malyshkin, ninetwofive",vk,Подписка,,,3,"0,11",0,ICECREAMMUSIC
5063833698689,БАР,"Malyshkin, ninetwofive",Яндекс.Музыка,Аудиостриминг,,,1,0,"0,01",ICECREAMMUSIC
5063833698689,БАР,"Malyshkin, ninetwofive",Яндекс.Музыка,Аудиостриминг,,,2,0,"0,01",ICECREAMMUSIC
5063833698689,БАР,"Malyshkin, ninetwofive",Яндекс.Музыка,Аудиостриминг,,,2,0,"0,01",ICECREAMMUSIC
5063833698689,БАР,"Malyshkin, ninetwofive",Яндекс.Музыка,Подписка,,,4,0,"0,13",ICECREAMMUSIC
5063833698689,БАР,"Malyshkin, ninetwofive",Яндекс.Музыка,Подписка,,,7,0,"0,22",ICECREAMMUSIC
5063833698689,БАР,"Malyshkin, ninetwofive",Яндекс.Музыка,Подписка,,,7,0,"0,24",ICECREAMMUSIC
5063833698689,БАР,"Malyshkin, ninetwofive",Яндекс.Музыка,Подписка,,,92,"0,53",0,ICECREAMMUSIC
5063466537072,Безумный азарт,"LUNABAY, Феникс, PRAVDA",Apple Music,Подписка,,,4,0,"0,15",ICECREAMMUSIC
5063466537072,Безумный азарт,"LUNABAY, Феникс, PRAVDA",Apple Music,Подписка,,,6,0,"0,42",ICECREAMMUSIC
5063466537072,Безумный азарт,"LUNABAY, Феникс, PRAVDA",Apple Music,Подписка,,,6,0,"0,68",ICECREAMMUSIC
5063466537072,Безумный азарт,"LUNABAY, Феникс, PRAVDA",Apple Music,Подписка,,,28,"0,5",0,ICECREAMMUSIC
5063466537072,Безумный азарт,"LUNABAY, Феникс, PRAVDA",Deezer,Подписка,,,1,0,"0,1",ICECREAMMUSIC
5063466537072,Безумный азарт,"LUNABAY, Феникс, PRAVDA",Deezer,Подписка,,,1,0,"0,4",ICECREAMMUSIC
5063466537072,Безумный азарт,"LUNABAY, Феникс, PRAVDA",MusixMatch,Тексты песен,,,48,"0,13",0,ICECREAMMUSIC
5063466537072,Безумный азарт,"LUNABAY, Феникс, PRAVDA",Netease Cloud Music,Аудиостриминг,,,2,0,"0,02",ICECREAMMUSIC
5063466537072,Безумный азарт,"LUNABAY, Феникс, PRAVDA",Netease Cloud Music,Подписка,,,3,0,"0,07",ICECREAMMUSIC
5063466537072,Безумный азарт,"LUNABAY, Феникс, PRAVDA",Netease Cloud Music,Аудиостриминг,,,18,0,"0,19",ICECREAMMUSIC
5063466537072,Безумный азарт,"LUNABAY, Феникс, PRAVDA",Netease Cloud Music,Подписка,,,30,0,"0,89",ICECREAMMUSIC
5063466537072,Безумный азарт,"LUNABAY, Феникс, PRAVDA",SoundCloud,Аудиостриминг,,,1,0,"0,03",ICECREAMMUSIC
5063466537072,Безумный азарт,"LUNABAY, Феникс, PRAVDA",SoundCloud,Аудиостриминг,,,3,0,"0,11",ICECREAMMUSIC
5063466537072,Безумный азарт,"LUNABAY, Феникс, PRAVDA",vk,Аудиостриминг,,,1,0,"0,01",ICECREAMMUSIC
5063466537072,Безумный азарт,"LUNABAY, Феникс, PRAVDA",vk,Аудиостриминг,,,1,0,"0,02",ICECREAMMUSIC
5063466537072,Безумный азарт,"LUNABAY, Феникс, PRAVDA",vk,Аудиостриминг,,,1,0,"0,02",ICECREAMMUSIC
5063466537072,Безумный азарт,"LUNABAY, Феникс, PRAVDA",vk,Аудиостриминг,,,4,0,"0,06",ICECREAMMUSIC
5063466537072,Безумный азарт,"LUNABAY, Феникс, PRAVDA",vk,Аудиостриминг,,,8,0,"0,16",ICECREAMMUSIC
5063466537072,Безумный азарт,"LUNABAY, Феникс, PRAVDA",vk,Подписка,,,2,0,"0,3",ICECREAMMUSIC
5063466537072,Безумный азарт,"LUNABAY, Феникс, PRAVDA",vk,Аудиостриминг,,,21,0,"0,44",ICECREAMMUSIC
5063466537072,Безумный азарт,"LUNABAY, Феникс, PRAVDA",vk,Подписка,,,4,0,"0,51",ICECREAMMUSIC
5063466537072,Безумный азарт,"LUNABAY, Феникс, PRAVDA",vk,Подписка,,,4,0,"0,54",ICECREAMMUSIC
5063466537072,Безумный азарт,"LUNABAY, Феникс, PRAVDA",vk,Аудиостриминг,,,4,"0,01",0,ICECREAMMUSIC
5063466537072,Безумный азарт,"LUNABAY, Феникс, PRAVDA",vk,Аудиостриминг,,,9,"0,03",0,ICECREAMMUSIC
5063466537072,Безумный азарт,"LUNABAY, Феникс, PRAVDA",vk,Подписка,,,2,"0,08",0,ICECREAMMUSIC
5063466537072,Безумный азарт,"LUNABAY, Феникс, PRAVDA",vk,Аудиостриминг,,,24,"0,08",0,ICECREAMMUSIC
5063466537072,Безумный азарт,"LUNABAY, Феникс, PRAVDA",vk,Тексты песен,,,3,"0,09",0,ICECREAMMUSIC
5063466537072,Безумный азарт,"LUNABAY, Феникс, PRAVDA",vk,Подписка,,,4,"0,13",0,ICECREAMMUSIC
5063466537072,Безумный азарт,"LUNABAY, Феникс, PRAVDA",vk,Подписка,,,4,"0,13",0,ICECREAMMUSIC
5063466537072,Безумный азарт,"LUNABAY, Феникс, PRAVDA",YouTube,Аудио,,,1,0,"0,01",ICECREAMMUSIC
5063466537072,Безумный азарт,"LUNABAY, Феникс, PRAVDA",YouTube,Аудио,,,2,0,"0,01",ICECREAMMUSIC
5063466537072,Безумный азарт,"LUNABAY, Феникс, PRAVDA",YouTube Premium,Подписка,,,2,0,"0,4",ICECREAMMUSIC
5063466537072,Безумный азарт,"LUNABAY, Феникс, PRAVDA",Звук,Подписка,,,2,"0,06",0,ICECREAMMUSIC
5063466537072,Безумный азарт,"LUNABAY, Феникс, PRAVDA",КИОН Музыка,Подписка,,,6,0,"0,5",ICECREAMMUSIC
5063466537072,Безумный азарт,"LUNABAY, Феникс, PRAVDA",КИОН Музыка,Подписка,,,6,"0,11",0,ICECREAMMUSIC
5063466537072,Безумный азарт,"LUNABAY, Феникс, PRAVDA",Одноклассники,Аудиостриминг,,,1,0,"0,02",ICECREAMMUSIC
5063466537072,Безумный азарт,"LUNABAY, Феникс, PRAVDA",Одноклассники,Аудиостриминг,,,3,0,"0,05",ICECREAMMUSIC
5063466537072,Безумный азарт,"LUNABAY, Феникс, PRAVDA",Одноклассники,Аудиостриминг,,,3,0,"0,05",ICECREAMMUSIC
5063466537072,Безумный азарт,"LUNABAY, Феникс, PRAVDA",Одноклассники,Аудиостриминг,,,3,"0,01",0,ICECREAMMUSIC
5063466537072,Безумный азарт,"LUNABAY, Феникс, PRAVDA",Одноклассники,Аудиостриминг,,,3,"0,01",0,ICECREAMMUSIC
5063466537072,Безумный азарт,"LUNABAY, Феникс, PRAVDA",Яндекс.Музыка,Аудиостриминг,,,1,0,"0,01",ICECREAMMUSIC
5063466537072,Безумный азарт,"LUNABAY, Феникс, PRAVDA",Яндекс.Музыка,Аудиостриминг,,,4,0,"0,02",ICECREAMMUSIC
5063466537072,Безумный азарт,"LUNABAY, Феникс, PRAVDA",Яндекс.Музыка,Аудиостриминг,,,5,0,"0,03",ICECREAMMUSIC
5063466537072,Безумный азарт,"LUNABAY, Феникс, PRAVDA",Яндекс.Музыка,Аудиостриминг,,,5,0,"0,03",ICECREAMMUSIC
5063466537072,Безумный азарт,"LUNABAY, Феникс, PRAVDA",Яндекс.Музыка,Подписка,,,13,0,"0,51",ICECREAMMUSIC
5063466537072,Безумный азарт,"LUNABAY, Феникс, PRAVDA",Яндекс.Музыка,Подписка,,,19,0,"0,69",ICECREAMMUSIC
5063466537072,Безумный азарт,"LUNABAY, Феникс, PRAVDA",Яндекс.Музыка,Подписка,,,19,0,"0,71",ICECREAMMUSIC
5063466537072,Безумный азарт,"LUNABAY, Феникс, PRAVDA",Яндекс.Музыка,Подписка,,,66,"0,38",0,ICECREAMMUSIC
5063833484718,белая гранта,obs1d1an,KKBOX,Подписка,,,1,0,"0,17",ICECREAMMUSIC
5063833484718,белая гранта,obs1d1an,vk,Аудиостриминг,,,2,0,"0,05",ICECREAMMUSIC
5063833484718,белая гранта,obs1d1an,vk,Аудиостриминг,,,2,0,"0,1",ICECREAMMUSIC
5063833484718,белая гранта,obs1d1an,vk,Аудиостриминг,,,4,0,"0,21",ICECREAMMUSIC
5063833484718,белая гранта,obs1d1an,vk,Аудиостриминг,,,34,0,"0,73",ICECREAMMUSIC
5063833484718,белая гранта,obs1d1an,vk,Аудиостриминг,,,39,0,"0,82",ICECREAMMUSIC
5063833484718,белая гранта,obs1d1an,vk,Подписка,,,6,0,"1,02",ICECREAMMUSIC
5063833484718,белая гранта,obs1d1an,vk,Аудиостриминг,,,56,0,"1,18",ICECREAMMUSIC
5063833484718,белая гранта,obs1d1an,vk,Подписка,,,11,0,"2,12",ICECREAMMUSIC
5063833484718,белая гранта,obs1d1an,vk,Подписка,,,23,0,"4,7",ICECREAMMUSIC
5063833484718,белая гранта,obs1d1an,vk,Аудиостриминг,,,40,"0,14",0,ICECREAMMUSIC
5063833484718,белая гранта,obs1d1an,vk,Аудиостриминг,,,45,"0,15",0,ICECREAMMUSIC
5063833484718,белая гранта,obs1d1an,vk,Аудиостриминг,,,65,"0,22",0,ICECREAMMUSIC
5063833484718,белая гранта,obs1d1an,vk,Подписка,,,7,"0,25",0,ICECREAMMUSIC
5063833484718,белая гранта,obs1d1an,vk,Подписка,,,12,"0,53",0,ICECREAMMUSIC
5063833484718,белая гранта,obs1d1an,vk,Тексты песен,,,15,"0,55",0,ICECREAMMUSIC
5063833484718,белая гранта,obs1d1an,vk,Подписка,,,26,"1,16",0,ICECREAMMUSIC
5063833484718,белая гранта,obs1d1an,YouTube,Аудио,,,2,0,"0,13",ICECREAMMUSIC
5063833484718,белая гранта,obs1d1an,Звук,Подписка,,,3,0,"0,55",ICECREAMMUSIC
5063833484718,белая гранта,obs1d1an,Звук,Подписка,,,4,0,"0,78",ICECREAMMUSIC
5063833484718,белая гранта,obs1d1an,Звук,Подписка,,,9,0,"2,1",ICECREAMMUSIC
5063833484718,белая гранта,obs1d1an,Звук,Подписка,,,7,"0,21",0,ICECREAMMUSIC
5063833484718,белая гранта,obs1d1an,Иная дистрибуция,Видео,,,104,0,"0,03",ICECREAMMUSIC
5063833484718,белая гранта,obs1d1an,Иная дистрибуция,Видео,,,283,0,"0,06",ICECREAMMUSIC
5063833484718,белая гранта,obs1d1an,Иная дистрибуция,Видео,,,76,0,"0,16",ICECREAMMUSIC
5063833484718,белая гранта,obs1d1an,КИОН Музыка,Подписка,,,2,0,"0,14",ICECREAMMUSIC
5063833484718,белая гранта,obs1d1an,КИОН Музыка,Аудиостриминг,,,10,0,"0,24",ICECREAMMUSIC
5063833484718,белая гранта,obs1d1an,КИОН Музыка,Подписка,,,2,"0,03",0,ICECREAMMUSIC
5063833484718,белая гранта,obs1d1an,КИОН Музыка,Аудиостриминг,,,10,"0,06",0,ICECREAMMUSIC
5063833484718,белая гранта,obs1d1an,Одноклассники,Аудиостриминг,,,1,0,"0,02",ICECREAMMUSIC
5063833484718,белая гранта,obs1d1an,Яндекс.Музыка,Аудиостриминг,,,1,0,"0,01",ICECREAMMUSIC
5063833484718,белая гранта,obs1d1an,Яндекс.Музыка,Аудиостриминг,,,4,0,"0,03",ICECREAMMUSIC
5063833484718,белая гранта,obs1d1an,Яндекс.Музыка,Аудиостриминг,,,5,0,"0,03",ICECREAMMUSIC
5063833484718,белая гранта,obs1d1an,Яндекс.Музыка,Аудиостриминг,,,6,0,"0,03",ICECREAMMUSIC
5063833484718,белая гранта,obs1d1an,Яндекс.Музыка,Подписка,,,16,0,"0,62",ICECREAMMUSIC
5063833484718,белая гранта,obs1d1an,Яндекс.Музыка,Подписка,,,18,0,"0,69",ICECREAMMUSIC
5063833484718,белая гранта,obs1d1an,Яндекс.Музыка,Подписка,,,22,0,"0,81",ICECREAMMUSIC
5063833484718,белая гранта,obs1d1an,Яндекс.Музыка,Аудиостриминг,,,4,"0,01",0,ICECREAMMUSIC
5063833484718,белая гранта,obs1d1an,Яндекс.Музыка,Подписка,,,72,"0,42",0,ICECREAMMUSIC
5063635748292,Бирки,WhiteFluffy,MusixMatch,Тексты песен,,,5,"0,02",0,ICECREAMMUSIC
5063635748292,Бирки,WhiteFluffy,vk,Аудиостриминг,,,1,0,"0,02",ICECREAMMUSIC
5063635748292,Бирки,WhiteFluffy,vk,Аудиостриминг,,,1,0,"0,02",ICECREAMMUSIC
5063635748292,Бирки,WhiteFluffy,vk,Аудиостриминг,,,3,0,"0,05",ICECREAMMUSIC
5063635748292,Бирки,WhiteFluffy,vk,Пробная подписка,,,1,0,"0,62",ICECREAMMUSIC
5063635748292,Бирки,WhiteFluffy,vk,Пробная подписка,,,2,0,"0,7",ICECREAMMUSIC
5063635748292,Бирки,WhiteFluffy,vk,Пробная подписка,,,4,0,"1,42",ICECREAMMUSIC
5063635748292,Бирки,WhiteFluffy,vk,Аудиостриминг,,,3,"0,01",0,ICECREAMMUSIC
5063635748292,Бирки,WhiteFluffy,vk,Пробная подписка,,,1,"0,15",0,ICECREAMMUSIC
5063635748292,Бирки,WhiteFluffy,vk,Пробная подписка,,,2,"0,17",0,ICECREAMMUSIC
5063635748292,Бирки,WhiteFluffy,vk,Пробная подписка,,,4,"0,35",0,ICECREAMMUSIC
5063635748292,Бирки,WhiteFluffy,Яндекс.Музыка,Аудиостриминг,,,1,0,0,ICECREAMMUSIC
5063635748292,Бирки,WhiteFluffy,Яндекс.Музыка,Аудиостриминг,,,1,0,0,ICECREAMMUSIC
5063635748292,Бирки,WhiteFluffy,Яндекс.Музыка,Аудиостриминг,,,1,0,0,ICECREAMMUSIC
5063635748292,Бирки,WhiteFluffy,Яндекс.Музыка,Подписка,,,1,0,"0,02",ICECREAMMUSIC
5063635748292,Бирки,WhiteFluffy,Яндекс.Музыка,Подписка,,,1,0,"0,02",ICECREAMMUSIC
5063635748292,Бирки,WhiteFluffy,Яндекс.Музыка,Подписка,,,3,0,"0,08",ICECREAMMUSIC
5063635748292,Бирки,WhiteFluffy,Яндекс.Музыка,Подписка,,,4,"0,02",0,ICECREAMMUSIC
5063635925167,БОЛЕН,WANDERING FOG,vk,Аудиостриминг,,,1,0,"0,02",ICECREAMMUSIC
5063635925167,БОЛЕН,WANDERING FOG,vk,Аудиостриминг,,,9,0,"0,17",ICECREAMMUSIC
5063635925167,БОЛЕН,WANDERING FOG,vk,Аудиостриминг,,,10,"0,03",0,ICECREAMMUSIC
5063635925167,БОЛЕН,WANDERING FOG,vk,Тексты песен,,,3,"0,09",0,ICECREAMMUSIC
5063635925167,БОЛЕН,WANDERING FOG,Яндекс.Музыка,Аудиостриминг,,,1,0,0,ICECREAMMUSIC
5063635925167,БОЛЕН,WANDERING FOG,Яндекс.Музыка,Аудиостриминг,,,2,0,"0,01",ICECREAMMUSIC
5063635925167,БОЛЕН,WANDERING FOG,Яндекс.Музыка,Подписка,,,1,0,"0,02",ICECREAMMUSIC
5063635925167,БОЛЕН,WANDERING FOG,Яндекс.Музыка,Подписка,,,7,0,"0,24",ICECREAMMUSIC
5063635925167,БОЛЕН,WANDERING FOG,Яндекс.Музыка,Подписка,,,12,"0,07",0,ICECREAMMUSIC
5063466582287,Большой зал,Eir T,vk,Аудиостриминг,,,3,0,"0,05",ICECREAMMUSIC
5063466582287,Большой зал,Eir T,vk,Аудиостриминг,,,3,"0,01",0,ICECREAMMUSIC
5063466582287,Большой зал,Eir T,Яндекс.Музыка,Аудиостриминг,,,1,0,0,ICECREAMMUSIC
5063466582287,Большой зал,Eir T,Яндекс.Музыка,Аудиостриминг,,,1,0,0,ICECREAMMUSIC
5063466582287,Большой зал,Eir T,Яндекс.Музыка,Подписка,,,1,0,"0,02",ICECREAMMUSIC
5063466582287,Большой зал,Eir T,Яндекс.Музыка,Подписка,,,1,0,"0,02",ICECREAMMUSIC
5063466582287,Большой зал,Eir T,Яндекс.Музыка,Подписка,,,4,"0,02",0,ICECREAMMUSIC
GUT200003,БУДУ,Yang Kenov,vk,Аудиостриминг,,,2,"0,01",0,ICECREAMMUSIC
GUT200003,БУДУ,Yang Kenov,vk,Аудиостриминг,,,2,"0,01",0,ICECREAMMUSIC
5063833323949,Бункер,Shagly,vk,Аудиостриминг,,,1,0,"0,01",ICECREAMMUSIC
5063833323949,Бункер,Shagly,vk,Аудиостриминг,,,1,0,"0,01",ICECREAMMUSIC
5063833323949,Бункер,Shagly,vk,Аудиостриминг,,,4,0,"0,06",ICECREAMMUSIC
5063833323949,Бункер,Shagly,vk,Аудиостриминг,,,3,0,"0,13",ICECREAMMUSIC
5063833323949,Бункер,Shagly,vk,Аудиостриминг,,,7,0,"0,13",ICECREAMMUSIC
5063833323949,Бункер,Shagly,vk,Подписка,,,2,0,"0,25",ICECREAMMUSIC
5063833323949,Бункер,Shagly,vk,Подписка,,,2,0,"0,3",ICECREAMMUSIC
5063833323949,Бункер,Shagly,vk,Подписка,,,13,0,"2,79",ICECREAMMUSIC
5063833323949,Бункер,Shagly,vk,Аудиостриминг,,,4,"0,01",0,ICECREAMMUSIC
5063833323949,Бункер,Shagly,vk,Аудиостриминг,,,8,"0,02",0,ICECREAMMUSIC
5063833323949,Бункер,Shagly,vk,Подписка,,,2,"0,06",0,ICECREAMMUSIC
5063833323949,Бункер,Shagly,vk,Подписка,,,2,"0,08",0,ICECREAMMUSIC
5063833323949,Бункер,Shagly,vk,Подписка,,,15,"0,69",0,ICECREAMMUSIC
5063833323949,Бункер,Shagly,YouTube,Аудио,,,16,0,"0,01",ICECREAMMUSIC
5063833323949,Бункер,Shagly,Иная дистрибуция,Видео,,,85,0,"0,02",ICECREAMMUSIC
5063833323949,Бункер,Shagly,Иная дистрибуция,Видео,,,201,0,"0,06",ICECREAMMUSIC
5063833323949,Бункер,Shagly,КИОН Музыка,Подписка,,,2,0,"0,14",ICECREAMMUSIC
5063833323949,Бункер,Shagly,КИОН Музыка,Подписка,,,2,"0,03",0,ICECREAMMUSIC
5063833323949,Бункер,Shagly,Яндекс.Музыка,Аудиостриминг,,,2,0,"0,01",ICECREAMMUSIC
5063833323949,Бункер,Shagly,Яндекс.Музыка,Аудиостриминг,,,2,0,"0,01",ICECREAMMUSIC
5063833323949,Бункер,Shagly,Яндекс.Музыка,Аудиостриминг,,,4,0,"0,02",ICECREAMMUSIC
5063833323949,Бункер,Shagly,Яндекс.Музыка,Подписка,,,5,0,"0,18",ICECREAMMUSIC
5063833323949,Бункер,Shagly,Яндекс.Музыка,Подписка,,,8,0,"0,28",ICECREAMMUSIC
5063833323949,Бункер,Shagly,Яндекс.Музыка,Подписка,,,16,0,"0,57",ICECREAMMUSIC
5063833323949,Бункер,Shagly,Яндекс.Музыка,Подписка,,,62,"0,36",0,ICECREAMMUSIC
5063635748292,В золотой карете,WhiteFluffy,vk,Аудиостриминг,,,1,0,"0,02",ICECREAMMUSIC
5063635748292,В золотой карете,WhiteFluffy,vk,Аудиостриминг,,,1,0,"0,02",ICECREAMMUSIC
5063635748292,В золотой карете,WhiteFluffy,vk,Аудиостриминг,,,4,0,"0,06",ICECREAMMUSIC
5063635748292,В золотой карете,WhiteFluffy,vk,Пробная подписка,,,4,0,"1,77",ICECREAMMUSIC
5063635748292,В золотой карете,WhiteFluffy,vk,Пробная подписка,,,3,0,"1,84",ICECREAMMUSIC
5063635748292,В золотой карете,WhiteFluffy,vk,Пробная подписка,,,5,0,"2,12",ICECREAMMUSIC
5063635748292,В золотой карете,WhiteFluffy,vk,Аудиостриминг,,,4,"0,01",0,ICECREAMMUSIC
5063635748292,В золотой карете,WhiteFluffy,vk,Пробная подписка,,,4,"0,43",0,ICECREAMMUSIC
5063635748292,В золотой карете,WhiteFluffy,vk,Пробная подписка,,,3,"0,46",0,ICECREAMMUSIC
5063635748292,В золотой карете,WhiteFluffy,vk,Пробная подписка,,,5,"0,53",0,ICECREAMMUSIC
5063635748292,В золотой карете,WhiteFluffy,КИОН Музыка,Подписка,,,2,0,"0,14",ICECREAMMUSIC
5063635748292,В золотой карете,WhiteFluffy,КИОН Музыка,Подписка,,,2,"0,03",0,ICECREAMMUSIC
5063635748292,В золотой карете,WhiteFluffy,Одноклассники,Аудиостриминг,,,1,0,"0,02",ICECREAMMUSIC
5063635748292,В золотой карете,WhiteFluffy,Яндекс.Музыка,Аудиостриминг,,,1,0,0,ICECREAMMUSIC
5063635748292,В золотой карете,WhiteFluffy,Яндекс.Музыка,Подписка,,,1,0,"0,02",ICECREAMMUSIC
5063635748292,В золотой карете,WhiteFluffy,Яндекс.Музыка,Подписка,,,1,"0,01",0,ICECREAMMUSIC
GUT200319,В лабиринте грёз,Alen M,Яндекс.Музыка,Аудиостриминг,,,1,0,0,ICECREAMMUSIC
GUT200319,В лабиринте грёз,Alen M,Яндекс.Музыка,Аудиостриминг,,,1,0,"0,01",ICECREAMMUSIC
GUT200319,В лабиринте грёз,Alen M,Яндекс.Музыка,Аудиостриминг,,,3,0,"0,02",ICECREAMMUSIC
GUT200319,В лабиринте грёз,Alen M,Яндекс.Музыка,Подписка,,,1,0,"0,02",ICECREAMMUSIC
GUT200319,В лабиринте грёз,Alen M,Яндекс.Музыка,Подписка,,,4,0,"0,15",ICECREAMMUSIC
GUT200319,В лабиринте грёз,Alen M,Яндекс.Музыка,Подписка,,,12,0,"0,42",ICECREAMMUSIC
GUT200319,В лабиринте грёз,Alen M,Яндекс.Музыка,Подписка,,,26,"0,15",0,ICECREAMMUSIC
5063466195142,В ОБЛАКА,Tripowy,vk,Аудиостриминг,,,1,0,0,ICECREAMMUSIC
5063466195142,В ОБЛАКА,Tripowy,vk,Аудиостриминг,,,1,0,"0,02",ICECREAMMUSIC
5063466195142,В ОБЛАКА,Tripowy,vk,Аудиостриминг,,,2,0,"0,03",ICECREAMMUSIC
5063466195142,В ОБЛАКА,Tripowy,vk,Подписка,,,1,0,"0,06",ICECREAMMUSIC
5063466195142,В ОБЛАКА,Tripowy,vk,Аудиостриминг,,,4,0,"0,06",ICECREAMMUSIC
5063466195142,В ОБЛАКА,Tripowy,vk,Аудиостриминг,,,2,"0,01",0,ICECREAMMUSIC
5063466195142,В ОБЛАКА,Tripowy,vk,Аудиостриминг,,,4,"0,01",0,ICECREAMMUSIC
5063466195142,В ОБЛАКА,Tripowy,vk,Подписка,,,1,"0,02",0,ICECREAMMUSIC
5063466195142,В ОБЛАКА,Tripowy,Яндекс.Музыка,Аудиостриминг,,,1,0,0,ICECREAMMUSIC
5063466195142,В ОБЛАКА,Tripowy,Яндекс.Музыка,Аудиостриминг,,,1,0,0,ICECREAMMUSIC
5063466195142,В ОБЛАКА,Tripowy,Яндекс.Музыка,Подписка,,,1,0,"0,02",ICECREAMMUSIC
5063466195142,В ОБЛАКА,Tripowy,Яндекс.Музыка,Подписка,,,2,0,"0,06",ICECREAMMUSIC
5063316820880,В покое,Час До Полуночи,vk,Аудиостриминг,,,1,0,"0,01",ICECREAMMUSIC
5063316820880,В покое,Час До Полуночи,vk,Аудиостриминг,,,1,0,"0,01",ICECREAMMUSIC
5063316820880,В покое,Час До Полуночи,vk,Аудиостриминг,,,1,0,"0,02",ICECREAMMUSIC
5063316820880,В покое,Час До Полуночи,vk,Аудиостриминг,,,1,0,"0,02",ICECREAMMUSIC
5063316820880,В покое,Час До Полуночи,vk,Аудиостриминг,,,1,0,"0,02",ICECREAMMUSIC
5063316820880,В покое,Час До Полуночи,vk,Подписка,,,1,0,"0,15",ICECREAMMUSIC
5063316820880,В покое,Час До Полуночи,vk,Подписка,,,2,0,"0,3",ICECREAMMUSIC
5063316820880,В покое,Час До Полуночи,vk,Подписка,,,4,0,"0,51",ICECREAMMUSIC
5063316820880,В покое,Час До Полуночи,vk,Подписка,,,1,"0,04",0,ICECREAMMUSIC
5063316820880,В покое,Час До Полуночи,vk,Подписка,,,2,"0,08",0,ICECREAMMUSIC
5063316820880,В покое,Час До Полуночи,vk,Подписка,,,4,"0,13",0,ICECREAMMUSIC
5063316820880,В покое,Час До Полуночи,Звук,Подписка,,,1,"0,03",0,ICECREAMMUSIC
5063316820880,В покое,Час До Полуночи,Сервисы АДВ Мьюзик,РБТ,,,4,0,"0,1",ICECREAMMUSIC
5063316820880,В покое,Час До Полуночи,Сервисы АДВ Мьюзик,РБТ,,,4,"0,03",0,ICECREAMMUSIC
5063316820880,В покое,Час До Полуночи,Яндекс.Музыка,Аудиостриминг,,,1,0,0,ICECREAMMUSIC
5063316820880,В покое,Час До Полуночи,Яндекс.Музыка,Аудиостриминг,,,1,0,0,ICECREAMMUSIC
5063316820880,В покое,Час До Полуночи,Яндекс.Музыка,Подписка,,,1,0,"0,02",ICECREAMMUSIC
5063316820880,В покое,Час До Полуночи,Яндекс.Музыка,Подписка,,,4,0,"0,1",ICECREAMMUSIC
5063316820880,В покое,Час До Полуночи,Яндекс.Музыка,Подписка,,,4,"0,02",0,ICECREAMMUSIC
5063833779944,В порядке,THIRTEENKILLA,TikTok,Видео,,,1,0,"0,02",ICECREAMMUSIC
5063833779944,В порядке,THIRTEENKILLA,vk,Аудиостриминг,,,3,0,"0,05",ICECREAMMUSIC
5063833779944,В порядке,THIRTEENKILLA,vk,Аудиостриминг,,,3,0,"0,05",ICECREAMMUSIC
5063833779944,В порядке,THIRTEENKILLA,vk,Аудиостриминг,,,3,"0,01",0,ICECREAMMUSIC
5063833779944,В порядке,THIRTEENKILLA,vk,Аудиостриминг,,,3,"0,01",0,ICECREAMMUSIC
5063833779944,В порядке,THIRTEENKILLA,vk,Тексты песен,,,3,"0,09",0,ICECREAMMUSIC
5063833779944,В порядке,THIRTEENKILLA,Иная дистрибуция,Видео,,,31,0,"0,01",ICECREAMMUSIC
5063833779944,В порядке,THIRTEENKILLA,КИОН Музыка,Подписка,,,1,0,"0,07",ICECREAMMUSIC
5063833779944,В порядке,THIRTEENKILLA,КИОН Музыка,Аудиостриминг,,,5,0,"0,12",ICECREAMMUSIC
5063833779944,В порядке,THIRTEENKILLA,КИОН Музыка,Подписка,,,1,"0,02",0,ICECREAMMUSIC
5063833779944,В порядке,THIRTEENKILLA,КИОН Музыка,Аудиостриминг,,,5,"0,03",0,ICECREAMMUSIC
5063833779944,В порядке,THIRTEENKILLA,Яндекс.Музыка,Аудиостриминг,,,1,0,0,ICECREAMMUSIC
5063833779944,В порядке,THIRTEENKILLA,Яндекс.Музыка,Аудиостриминг,,,1,0,"0,01",ICECREAMMUSIC
5063833779944,В порядке,THIRTEENKILLA,Яндекс.Музыка,Аудиостриминг,,,2,0,"0,01",ICECREAMMUSIC
5063833779944,В порядке,THIRTEENKILLA,Яндекс.Музыка,Подписка,,,3,0,"0,08",ICECREAMMUSIC
5063833779944,В порядке,THIRTEENKILLA,Яндекс.Музыка,Подписка,,,4,0,"0,13",ICECREAMMUSIC
5063833779944,В порядке,THIRTEENKILLA,Яндекс.Музыка,Подписка,,,8,0,"0,27",ICECREAMMUSIC
5063833779944,В порядке,THIRTEENKILLA,Яндекс.Музыка,Аудиостриминг,,,37,"0,09",0,ICECREAMMUSIC
5063833779944,В порядке,THIRTEENKILLA,Яндекс.Музыка,Подписка,,,41,"0,24",0,ICECREAMMUSIC
5063635188999,В последний раз,CHEDLY,MusixMatch,Тексты песен,,,32,"0,06",0,ICECREAMMUSIC
5063635188999,В последний раз,CHEDLY,vk,Аудиостриминг,,,2,0,"0,03",ICECREAMMUSIC
5063635188999,В последний раз,CHEDLY,vk,Аудиостриминг,,,4,0,"0,07",ICECREAMMUSIC
5063635188999,В последний раз,CHEDLY,vk,Аудиостриминг,,,2,"0,01",0,ICECREAMMUSIC
5063635188999,В последний раз,CHEDLY,vk,Аудиостриминг,,,4,"0,01",0,ICECREAMMUSIC
5063635188999,В последний раз,CHEDLY,Звук,Подписка,,,1,"0,03",0,ICECREAMMUSIC
5063635188999,В последний раз,CHEDLY,КИОН Музыка,Подписка,,,1,0,"0,07",ICECREAMMUSIC
5063635188999,В последний раз,CHEDLY,КИОН Музыка,Аудиостриминг,,,8,0,"0,18",ICECREAMMUSIC
5063635188999,В последний раз,CHEDLY,КИОН Музыка,Подписка,,,1,"0,02",0,ICECREAMMUSIC
5063635188999,В последний раз,CHEDLY,КИОН Музыка,Аудиостриминг,,,8,"0,05",0,ICECREAMMUSIC
5063635188999,В последний раз,CHEDLY,Одноклассники,Аудиостриминг,,,1,0,"0,02",ICECREAMMUSIC
5063635188999,В последний раз,CHEDLY,Одноклассники,Аудиостриминг,,,1,0,"0,02",ICECREAMMUSIC
5063635188999,В последний раз,CHEDLY,Одноклассники,Аудиостриминг,,,5,0,"0,08",ICECREAMMUSIC
5063635188999,В последний раз,CHEDLY,Одноклассники,Аудиостриминг,,,5,"0,02",0,ICECREAMMUSIC
5063635188999,В последний раз,CHEDLY,Яндекс.Музыка,Аудиостриминг,,,1,0,0,ICECREAMMUSIC
5063635188999,В последний раз,CHEDLY,Яндекс.Музыка,Аудиостриминг,,,1,0,"0,01",ICECREAMMUSIC
5063635188999,В последний раз,CHEDLY,Яндекс.Музыка,Аудиостриминг,,,2,0,"0,01",ICECREAMMUSIC
5063635188999,В последний раз,CHEDLY,Яндекс.Музыка,Подписка,,,4,0,"0,1",ICECREAMMUSIC
5063635188999,В последний раз,CHEDLY,Яндекс.Музыка,Подписка,,,4,0,"0,15",ICECREAMMUSIC
5063635188999,В последний раз,CHEDLY,Яндекс.Музыка,Подписка,,,5,0,"0,18",ICECREAMMUSIC
5063635188999,В последний раз,CHEDLY,Яндекс.Музыка,Подписка,,,16,"0,09",0,ICECREAMMUSIC
5063635530064,В ТЕМНОТЕ,YUNG$HVED,vk,Аудиостриминг,,,1,0,"0,01",ICECREAMMUSIC
5063635530064,В ТЕМНОТЕ,YUNG$HVED,vk,Аудиостриминг,,,2,0,"0,03",ICECREAMMUSIC
5063635530064,В ТЕМНОТЕ,YUNG$HVED,vk,Аудиостриминг,,,2,0,"0,03",ICECREAMMUSIC
5063635530064,В ТЕМНОТЕ,YUNG$HVED,vk,Аудиостриминг,,,2,0,"0,03",ICECREAMMUSIC
5063635530064,В ТЕМНОТЕ,YUNG$HVED,vk,Подписка,,,1,0,"0,15",ICECREAMMUSIC
5063635530064,В ТЕМНОТЕ,YUNG$HVED,vk,Аудиостриминг,,,2,"0,01",0,ICECREAMMUSIC
5063635530064,В ТЕМНОТЕ,YUNG$HVED,vk,Аудиостриминг,,,2,"0,01",0,ICECREAMMUSIC
5063635530064,В ТЕМНОТЕ,YUNG$HVED,vk,Аудиостриминг,,,2,"0,01",0,ICECREAMMUSIC
5063635530064,В ТЕМНОТЕ,YUNG$HVED,vk,Подписка,,,1,"0,04",0,ICECREAMMUSIC
5063635530064,В ТЕМНОТЕ,YUNG$HVED,Яндекс.Музыка,Подписка,,,4,"0,02",0,ICECREAMMUSIC
5063316884974,Ва-банк,Gar Mony,Apple Music,Подписка,,,1,0,"0,07",ICECREAMMUSIC
5063316884974,Ва-банк,Gar Mony,MusixMatch,Тексты песен,,,4,"0,01",0,ICECREAMMUSIC
5063316884974,Ва-банк,Gar Mony,vk,Аудиостриминг,,,2,0,"0,03",ICECREAMMUSIC
5063316884974,Ва-банк,Gar Mony,vk,Аудиостриминг,,,2,"0,01",0,ICECREAMMUSIC
5063316884974,Ва-банк,Gar Mony,Яндекс.Музыка,Аудиостриминг,,,1,0,0,ICECREAMMUSIC
5063316884974,Ва-банк,Gar Mony,Яндекс.Музыка,Аудиостриминг,,,1,0,0,ICECREAMMUSIC
5063316884974,Ва-банк,Gar Mony,Яндекс.Музыка,Аудиостриминг,,,1,0,"0,01",ICECREAMMUSIC
5063316884974,Ва-банк,Gar Mony,Яндекс.Музыка,Подписка,,,2,0,"0,06",ICECREAMMUSIC
5063316884974,Ва-банк,Gar Mony,Яндекс.Музыка,Подписка,,,2,0,"0,06",ICECREAMMUSIC
5063316884974,Ва-банк,Gar Mony,Яндекс.Музыка,Подписка,,,4,0,"0,13",ICECREAMMUSIC
5063316884974,Ва-банк,Gar Mony,Яндекс.Музыка,Подписка,,,11,"0,06",0,ICECREAMMUSIC
5063635214261,вечный взгляд,BARCETON,MusixMatch,Тексты песен,,,12,"0,06",0,ICECREAMMUSIC
5063635214261,вечный взгляд,BARCETON,Иная дистрибуция,Видео,,,11,0,"0,01",ICECREAMMUSIC
5063635214261,вечный взгляд,BARCETON,Иная дистрибуция,Видео,,,16,0,"0,01",ICECREAMMUSIC
5063635214261,вечный взгляд,BARCETON,Яндекс.Музыка,Аудиостриминг,,,1,0,0,ICECREAMMUSIC
5063635214261,вечный взгляд,BARCETON,Яндекс.Музыка,Аудиостриминг,,,1,0,0,ICECREAMMUSIC
5063635214261,вечный взгляд,BARCETON,Яндекс.Музыка,Аудиостриминг,,,1,0,0,ICECREAMMUSIC
5063635214261,вечный взгляд,BARCETON,Яндекс.Музыка,Подписка,,,1,0,"0,02",ICECREAMMUSIC
5063635214261,вечный взгляд,BARCETON,Яндекс.Музыка,Подписка,,,3,0,"0,08",ICECREAMMUSIC
5063635214261,вечный взгляд,BARCETON,Яндекс.Музыка,Подписка,,,4,0,"0,1",ICECREAMMUSIC
5063635214261,вечный взгляд,BARCETON,Яндекс.Музыка,Подписка,,,6,"0,03",0,ICECREAMMUSIC
5063466394705,Вино и кровь,Руменец Константин Юрьевич,Netease Cloud Music,Аудиостриминг,,,2,0,"0,02",ICECREAMMUSIC
5063466394705,Вино и кровь,Руменец Константин Юрьевич,Netease Cloud Music,Аудиостриминг,,,2,0,"0,02",ICECREAMMUSIC
5063466394705,Вино и кровь,Руменец Константин Юрьевич,Netease Cloud Music,Подписка,,,5,0,"0,17",ICECREAMMUSIC
5063466394705,Вино и кровь,Руменец Константин Юрьевич,Netease Cloud Music,Подписка,,,6,0,"0,2",ICECREAMMUSIC
5063466394705,Вино и кровь,Руменец Константин Юрьевич,vk,Аудиостриминг,,,1,0,"0,01",ICECREAMMUSIC
5063466394705,Вино и кровь,Руменец Константин Юрьевич,vk,Аудиостриминг,,,1,0,"0,01",ICECREAMMUSIC
5063466394705,Вино и кровь,Руменец Константин Юрьевич,vk,Аудиостриминг,,,2,0,"0,03",ICECREAMMUSIC
5063466394705,Вино и кровь,Руменец Константин Юрьевич,vk,Аудиостриминг,,,1,0,"0,03",ICECREAMMUSIC
5063466394705,Вино и кровь,Руменец Константин Юрьевич,vk,Аудиостриминг,,,5,0,"0,09",ICECREAMMUSIC
5063466394705,Вино и кровь,Руменец Константин Юрьевич,vk,Аудиостриминг,,,5,0,"0,09",ICECREAMMUSIC
5063466394705,Вино и кровь,Руменец Константин Юрьевич,vk,Подписка,,,1,0,"0,13",ICECREAMMUSIC
5063466394705,Вино и кровь,Руменец Константин Юрьевич,vk,Подписка,,,2,0,"0,3",ICECREAMMUSIC
5063466394705,Вино и кровь,Руменец Константин Юрьевич,vk,Подписка,,,4,0,"0,62",ICECREAMMUSIC
5063466394705,Вино и кровь,Руменец Константин Юрьевич,vk,Аудиостриминг,,,2,"0,01",0,ICECREAMMUSIC
5063466394705,Вино и кровь,Руменец Константин Юрьевич,vk,Аудиостриминг,,,5,"0,02",0,ICECREAMMUSIC
5063466394705,Вино и кровь,Руменец Константин Юрьевич,vk,Аудиостриминг,,,5,"0,02",0,ICECREAMMUSIC
5063466394705,Вино и кровь,Руменец Константин Юрьевич,vk,Подписка,,,1,"0,03",0,ICECREAMMUSIC
5063466394705,Вино и кровь,Руменец Константин Юрьевич,vk,Подписка,,,2,"0,08",0,ICECREAMMUSIC
5063466394705,Вино и кровь,Руменец Константин Юрьевич,vk,Подписка,,,4,"0,15",0,ICECREAMMUSIC
5063466394705,Вино и кровь,Руменец Константин Юрьевич,Звук,Подписка,,,1,"0,03",0,ICECREAMMUSIC
5063466394705,Вино и кровь,Руменец Константин Юрьевич,Яндекс.Музыка,Аудиостриминг,,,1,0,0,ICECREAMMUSIC
5063466394705,Вино и кровь,Руменец Константин Юрьевич,Яндекс.Музыка,Аудиостриминг,,,1,0,0,ICECREAMMUSIC
5063466394705,Вино и кровь,Руменец Константин Юрьевич,Яндекс.Музыка,Подписка,,,1,0,"0,02",ICECREAMMUSIC
5063466394705,Вино и кровь,Руменец Константин Юрьевич,Яндекс.Музыка,Подписка,,,1,0,"0,02",ICECREAMMUSIC
5063833877305,Влюбить тебя (Москва),ФЕНИКС,TikTok,Видео,,,1,0,"0,02",ICECREAMMUSIC
5063833877305,Влюбить тебя (Москва),ФЕНИКС,vk,Аудиостриминг,,,1,0,"0,01",ICECREAMMUSIC
5063833877305,Влюбить тебя (Москва),ФЕНИКС,vk,Аудиостриминг,,,1,0,"0,02",ICECREAMMUSIC
5063833877305,Влюбить тебя (Москва),ФЕНИКС,vk,Аудиостриминг,,,1,0,"0,04",ICECREAMMUSIC
5063833877305,Влюбить тебя (Москва),ФЕНИКС,vk,Аудиостриминг,,,4,0,"0,06",ICECREAMMUSIC
5063833877305,Влюбить тебя (Москва),ФЕНИКС,vk,Аудиостриминг,,,7,0,"0,13",ICECREAMMUSIC
5063833877305,Влюбить тебя (Москва),ФЕНИКС,vk,Подписка,,,2,0,"0,25",ICECREAMMUSIC
5063833877305,Влюбить тебя (Москва),ФЕНИКС,vk,Подписка,,,5,0,"0,91",ICECREAMMUSIC
5063833877305,Влюбить тебя (Москва),ФЕНИКС,vk,Аудиостриминг,,,4,"0,01",0,ICECREAMMUSIC
5063833877305,Влюбить тебя (Москва),ФЕНИКС,vk,Аудиостриминг,,,8,"0,02",0,ICECREAMMUSIC
5063833877305,Влюбить тебя (Москва),ФЕНИКС,vk,Подписка,,,2,"0,06",0,ICECREAMMUSIC
5063833877305,Влюбить тебя (Москва),ФЕНИКС,vk,Тексты песен,,,4,"0,12",0,ICECREAMMUSIC
5063833877305,Влюбить тебя (Москва),ФЕНИКС,vk,Подписка,,,5,"0,22",0,ICECREAMMUSIC
5063833877305,Влюбить тебя (Москва),ФЕНИКС,КИОН Музыка,Аудиостриминг,,,4,0,"0,08",ICECREAMMUSIC
5063833877305,Влюбить тебя (Москва),ФЕНИКС,КИОН Музыка,Подписка,,,2,0,"0,14",ICECREAMMUSIC
5063833877305,Влюбить тебя (Москва),ФЕНИКС,КИОН Музыка,Аудиостриминг,,,4,"0,02",0,ICECREAMMUSIC
5063833877305,Влюбить тебя (Москва),ФЕНИКС,КИОН Музыка,Подписка,,,2,"0,03",0,ICECREAMMUSIC
5063833877305,Влюбить тебя (Москва),ФЕНИКС,Одноклассники,Аудиостриминг,,,2,0,"0,03",ICECREAMMUSIC
5063833877305,Влюбить тебя (Москва),ФЕНИКС,Одноклассники,Аудиостриминг,,,2,"0,01",0,ICECREAMMUSIC
5063833877305,Влюбить тебя (Москва),ФЕНИКС,Яндекс.Музыка,Аудиостриминг,,,1,0,"0,01",ICECREAMMUSIC
5063833877305,Влюбить тебя (Москва),ФЕНИКС,Яндекс.Музыка,Аудиостриминг,,,2,0,"0,01",ICECREAMMUSIC
5063833877305,Влюбить тебя (Москва),ФЕНИКС,Яндекс.Музыка,Аудиостриминг,,,3,0,"0,02",ICECREAMMUSIC
5063833877305,Влюбить тебя (Москва),ФЕНИКС,Яндекс.Музыка,Подписка,,,4,0,"0,13",ICECREAMMUSIC
5063833877305,Влюбить тебя (Москва),ФЕНИКС,Яндекс.Музыка,Подписка,,,8,0,"0,28",ICECREAMMUSIC
5063833877305,Влюбить тебя (Москва),ФЕНИКС,Яндекс.Музыка,Подписка,,,11,0,"0,39",ICECREAMMUSIC
5063833877305,Влюбить тебя (Москва),ФЕНИКС,Яндекс.Музыка,Аудиостриминг,,,35,"0,08",0,ICECREAMMUSIC
5063833877305,Влюбить тебя (Москва),ФЕНИКС,Яндекс.Музыка,Подписка,,,41,"0,24",0,ICECREAMMUSIC
GUT200287,Время,Alen M,Apple Music,Подписка,,,1,0,"0,02",ICECREAMMUSIC
GUT200287,Время,Alen M,Apple Music,Подписка,,,73,"1,35",0,ICECREAMMUSIC
GUT200287,Время,Alen M,MusixMatch,Тексты песен,,,15,"0,03",0,ICECREAMMUSIC
GUT200287,Время,Alen M,vk,Аудиостриминг,,,1,0,"0,01",ICECREAMMUSIC
GUT200287,Время,Alen M,vk,Аудиостриминг,,,1,0,"0,01",ICECREAMMUSIC
GUT200287,Время,Alen M,vk,Аудиостриминг,,,1,0,"0,02",ICECREAMMUSIC
GUT200287,Время,Alen M,vk,Аудиостриминг,,,2,0,"0,03",ICECREAMMUSIC
GUT200287,Время,Alen M,vk,Аудиостриминг,,,2,0,"0,03",ICECREAMMUSIC
GUT200287,Время,Alen M,vk,Аудиостриминг,,,1,0,"0,03",ICECREAMMUSIC
GUT200287,Время,Alen M,vk,Подписка,,,1,0,"0,13",ICECREAMMUSIC
GUT200287,Время,Alen M,vk,Подписка,,,2,0,"0,31",ICECREAMMUSIC
GUT200287,Время,Alen M,vk,Подписка,,,4,0,"0,61",ICECREAMMUSIC
GUT200287,Время,Alen M,vk,Аудиостриминг,,,2,"0,01",0,ICECREAMMUSIC
GUT200287,Время,Alen M,vk,Аудиостриминг,,,2,"0,01",0,ICECREAMMUSIC
GUT200287,Время,Alen M,vk,Подписка,,,1,"0,03",0,ICECREAMMUSIC
GUT200287,Время,Alen M,vk,Подписка,,,2,"0,08",0,ICECREAMMUSIC
GUT200287,Время,Alen M,vk,Подписка,,,4,"0,15",0,ICECREAMMUSIC
GUT200287,Время,Alen M,Иная дистрибуция,Видео,,,22,0,"0,01",ICECREAMMUSIC
GUT200287,Время,Alen M,Яндекс.Музыка,Аудиостриминг,,,3,0,"0,02",ICECREAMMUSIC
GUT200287,Время,Alen M,Яндекс.Музыка,Аудиостриминг,,,8,0,"0,05",ICECREAMMUSIC
GUT200287,Время,Alen M,Яндекс.Музыка,Аудиостриминг,,,11,0,"0,07",ICECREAMMUSIC
GUT200287,Время,Alen M,Яндекс.Музыка,Подписка,,,10,0,"0,38",ICECREAMMUSIC
GUT200287,Время,Alen M,Яндекс.Музыка,Подписка,,,32,0,"1,23",ICECREAMMUSIC
GUT200287,Время,Alen M,Яндекс.Музыка,Подписка,,,44,0,"1,65",ICECREAMMUSIC
GUT200287,Время,Alen M,Яндекс.Музыка,Подписка,,,74,"0,43",0,ICECREAMMUSIC
5063316738123,Время,WIZKEY,vk,Аудиостриминг,,,1,0,"0,02",ICECREAMMUSIC
5063316738123,Время,WIZKEY,vk,Аудиостриминг,,,1,0,"0,02",ICECREAMMUSIC
5063316738123,Время,WIZKEY,Одноклассники,Аудиостриминг,,,1,0,"0,02",ICECREAMMUSIC
5063316738123,Время,WIZKEY,Яндекс.Музыка,Аудиостриминг,,,1,0,0,ICECREAMMUSIC
5063316738123,Время,WIZKEY,Яндекс.Музыка,Подписка,,,3,0,"0,08",ICECREAMMUSIC
5063466363084,Время,Барцевич Антон Андреевич,vk,Аудиостриминг,,,1,0,"0,02",ICECREAMMUSIC
5063466363084,Время,Барцевич Антон Андреевич,vk,Аудиостриминг,,,2,0,"0,03",ICECREAMMUSIC
5063466363084,Время,Барцевич Антон Андреевич,vk,Аудиостриминг,,,1,0,"0,03",ICECREAMMUSIC
5063466363084,Время,Барцевич Антон Андреевич,vk,Подписка,,,4,0,"0,76",ICECREAMMUSIC
5063466363084,Время,Барцевич Антон Андреевич,vk,Аудиостриминг,,,2,"0,01",0,ICECREAMMUSIC
5063466363084,Время,Барцевич Антон Андреевич,vk,Подписка,,,4,"0,19",0,ICECREAMMUSIC
5063466363084,Время,Барцевич Антон Андреевич,Яндекс.Музыка,Аудиостриминг,,,1,0,0,ICECREAMMUSIC
5063466363084,Время,Барцевич Антон Андреевич,Яндекс.Музыка,Аудиостриминг,,,1,0,0,ICECREAMMUSIC
5063466363084,Время,Барцевич Антон Андреевич,Яндекс.Музыка,Подписка,,,3,0,"0,08",ICECREAMMUSIC
5063466363084,Время,Барцевич Антон Андреевич,Яндекс.Музыка,Подписка,,,4,0,"0,1",ICECREAMMUSIC
5063466363084,Время,Барцевич Антон Андреевич,Яндекс.Музыка,Подписка,,,1,"0,01",0,ICECREAMMUSIC
5063833940450,ВС РФ,Spirit Glam,Snap,Видео,,,12,0,"0,06",ICECREAMMUSIC
5063833940450,ВС РФ,Spirit Glam,Snap,Видео,,,88,0,"0,2",ICECREAMMUSIC
5063833940450,ВС РФ,Spirit Glam,SoundCloud,Аудиостриминг,,,1,0,"0,02",ICECREAMMUSIC
5063833940450,ВС РФ,Spirit Glam,SoundCloud,Аудиостриминг,,,1,0,"0,03",ICECREAMMUSIC
5063833940450,ВС РФ,Spirit Glam,vk,Пробная подписка,,,1,0,"0,36",ICECREAMMUSIC
5063833940450,ВС РФ,Spirit Glam,vk,Аудиостриминг,,,9,0,"0,47",ICECREAMMUSIC
5063833940450,ВС РФ,Spirit Glam,vk,Пробная подписка,,,1,0,"0,62",ICECREAMMUSIC
5063833940450,ВС РФ,Spirit Glam,vk,Аудиостриминг,,,23,0,"1,04",ICECREAMMUSIC
5063833940450,ВС РФ,Spirit Glam,vk,Аудиостриминг,,,32,0,"1,67",ICECREAMMUSIC
5063833940450,ВС РФ,Spirit Glam,vk,Аудиостриминг,,,276,0,"5,87",ICECREAMMUSIC
5063833940450,ВС РФ,Spirit Glam,vk,Аудиостриминг,,,296,0,"6,32",ICECREAMMUSIC
5063833940450,ВС РФ,Spirit Glam,vk,Аудиостриминг,,,455,0,"9,7",ICECREAMMUSIC
5063833940450,ВС РФ,Spirit Glam,vk,Подписка,,,50,0,"10,44",ICECREAMMUSIC
5063833940450,ВС РФ,Spirit Glam,vk,Подписка,,,130,0,"23,34",ICECREAMMUSIC
5063833940450,ВС РФ,Spirit Glam,vk,Подписка,,,177,0,"37,41",ICECREAMMUSIC
5063833940450,ВС РФ,Spirit Glam,vk,Пробная подписка,,,1,"0,09",0,ICECREAMMUSIC
5063833940450,ВС РФ,Spirit Glam,vk,Пробная подписка,,,1,"0,15",0,ICECREAMMUSIC
5063833940450,ВС РФ,Spirit Glam,vk,Аудиостриминг,,,324,"1,08",0,ICECREAMMUSIC
5063833940450,ВС РФ,Spirit Glam,vk,Аудиостриминг,,,348,"1,17",0,ICECREAMMUSIC
5063833940450,ВС РФ,Spirit Glam,vk,Тексты песен,,,37,"1,36",0,ICECREAMMUSIC
5063833940450,ВС РФ,Spirit Glam,vk,Аудиостриминг,,,535,"1,79",0,ICECREAMMUSIC
5063833940450,ВС РФ,Spirit Glam,vk,Подписка,,,58,"2,58",0,ICECREAMMUSIC
5063833940450,ВС РФ,Spirit Glam,vk,Подписка,,,152,"5,77",0,ICECREAMMUSIC
5063833940450,ВС РФ,Spirit Glam,vk,Подписка,,,208,"9,23",0,ICECREAMMUSIC
5063833940450,ВС РФ,Spirit Glam,vk клипы,Видео,,,48,0,"0,02",ICECREAMMUSIC
5063833940450,ВС РФ,Spirit Glam,vk клипы,Видео,,,48,"0,02",0,ICECREAMMUSIC
5063833940450,ВС РФ,Spirit Glam,YouTube Premium,Подписка,,,5,0,"0,94",ICECREAMMUSIC
5063833940450,ВС РФ,Spirit Glam,YouTube Premium,Подписка,,,7,0,"1,06",ICECREAMMUSIC
5063833940450,ВС РФ,Spirit Glam,Звук,Подписка,,,12,0,"2,86",ICECREAMMUSIC
5063833940450,ВС РФ,Spirit Glam,Иная дистрибуция,Видео,,,100,0,"0,03",ICECREAMMUSIC
5063833940450,ВС РФ,Spirit Glam,Иная дистрибуция,Видео,,,192,0,"0,04",ICECREAMMUSIC
5063833940450,ВС РФ,Spirit Glam,Иная дистрибуция,Видео,,,692,0,"0,17",ICECREAMMUSIC
5063833940450,ВС РФ,Spirit Glam,КИОН Музыка,Аудиостриминг,,,4,0,"0,08",ICECREAMMUSIC
5063833940450,ВС РФ,Spirit Glam,КИОН Музыка,Подписка,,,3,0,"0,21",ICECREAMMUSIC
5063833940450,ВС РФ,Spirit Glam,КИОН Музыка,Аудиостриминг,,,4,"0,02",0,ICECREAMMUSIC
5063833940450,ВС РФ,Spirit Glam,КИОН Музыка,Подписка,,,3,"0,05",0,ICECREAMMUSIC
5063833940450,ВС РФ,Spirit Glam,Одноклассники,Аудиостриминг,,,1,0,"0,02",ICECREAMMUSIC
5063833940450,ВС РФ,Spirit Glam,Одноклассники,Аудиостриминг,,,6,0,"0,1",ICECREAMMUSIC
5063833940450,ВС РФ,Spirit Glam,Одноклассники,Аудиостриминг,,,6,"0,02",0,ICECREAMMUSIC
5063833940450,ВС РФ,Spirit Glam,Сервисы АДВ Мьюзик,Аудиостриминг,,,2,0,"0,05",ICECREAMMUSIC
5063833940450,ВС РФ,Spirit Glam,Сервисы АДВ Мьюзик,РБТ,,,4,0,"0,13",ICECREAMMUSIC
5063833940450,ВС РФ,Spirit Glam,Сервисы АДВ Мьюзик,Аудиостриминг,,,10,0,"0,27",ICECREAMMUSIC
5063833940450,ВС РФ,Spirit Glam,Сервисы АДВ Мьюзик,Аудиостриминг,,,2,"0,01",0,ICECREAMMUSIC
5063833940450,ВС РФ,Spirit Glam,Сервисы АДВ Мьюзик,РБТ,,,4,"0,03",0,ICECREAMMUSIC
5063833940450,ВС РФ,Spirit Glam,Сервисы АДВ Мьюзик,Аудиостриминг,,,10,"0,07",0,ICECREAMMUSIC
5063833940450,ВС РФ,Spirit Glam,Яндекс.Музыка,Аудиостриминг,,,1,0,"0,01",ICECREAMMUSIC
5063833940450,ВС РФ,Spirit Glam,Яндекс.Музыка,Аудиостриминг,,,2,0,"0,01",ICECREAMMUSIC
5063833940450,ВС РФ,Spirit Glam,Яндекс.Музыка,Аудиостриминг,,,7,0,"0,06",ICECREAMMUSIC
5063833940450,ВС РФ,Spirit Glam,Яндекс.Музыка,Аудиостриминг,,,112,0,"0,76",ICECREAMMUSIC
5063833940450,ВС РФ,Spirit Glam,Яндекс.Музыка,Аудиостриминг,,,124,0,"0,84",ICECREAMMUSIC
5063833940450,ВС РФ,Spirit Glam,Яндекс.Музыка,Аудиостриминг,,,251,0,"1,64",ICECREAMMUSIC
5063833940450,ВС РФ,Spirit Glam,Яндекс.Музыка,Подписка,,,448,0,"17,76",ICECREAMMUSIC
5063833940450,ВС РФ,Spirit Glam,Яндекс.Музыка,Подписка,,,493,0,"19,64",ICECREAMMUSIC
5063833940450,ВС РФ,Spirit Glam,Яндекс.Музыка,Подписка,,,1001,0,"38,26",ICECREAMMUSIC
5063833940450,ВС РФ,Spirit Glam,Яндекс.Музыка,Аудиостриминг,,,9,"0,02",0,ICECREAMMUSIC
5063833940450,ВС РФ,Spirit Glam,Яндекс.Музыка,Подписка,,,1842,"10,69",0,ICECREAMMUSIC
5063466168412,Все недоступны,VYSHUTIN,vk,Аудиостриминг,,,1,0,"0,01",ICECREAMMUSIC
5063466168412,Все недоступны,VYSHUTIN,vk,Аудиостриминг,,,1,0,"0,02",ICECREAMMUSIC
5063466168412,Все недоступны,VYSHUTIN,vk,Аудиостриминг,,,1,0,"0,02",ICECREAMMUSIC
5063466168412,Все недоступны,VYSHUTIN,vk,Аудиостриминг,,,2,0,"0,03",ICECREAMMUSIC
5063466168412,Все недоступны,VYSHUTIN,vk,Аудиостриминг,,,4,0,"0,06",ICECREAMMUSIC
5063466168412,Все недоступны,VYSHUTIN,vk,Подписка,,,3,0,"0,32",ICECREAMMUSIC
5063466168412,Все недоступны,VYSHUTIN,vk,Подписка,,,5,0,"0,45",ICECREAMMUSIC
5063466168412,Все недоступны,VYSHUTIN,vk,Подписка,,,5,0,"0,45",ICECREAMMUSIC
5063466168412,Все недоступны,VYSHUTIN,vk,Аудиостриминг,,,2,"0,01",0,ICECREAMMUSIC
5063466168412,Все недоступны,VYSHUTIN,vk,Аудиостриминг,,,4,"0,01",0,ICECREAMMUSIC
5063466168412,Все недоступны,VYSHUTIN,vk,Подписка,,,3,"0,08",0,ICECREAMMUSIC
5063466168412,Все недоступны,VYSHUTIN,vk,Подписка,,,5,"0,11",0,ICECREAMMUSIC
5063466168412,Все недоступны,VYSHUTIN,vk,Подписка,,,5,"0,11",0,ICECREAMMUSIC
5063466168412,Все недоступны,VYSHUTIN,КИОН Музыка,Подписка,,,7,0,"0,57",ICECREAMMUSIC
5063466168412,Все недоступны,VYSHUTIN,КИОН Музыка,Подписка,,,7,"0,12",0,ICECREAMMUSIC
5063466168412,Все недоступны,VYSHUTIN,Яндекс.Музыка,Аудиостриминг,,,1,0,0,ICECREAMMUSIC
5063466168412,Все недоступны,VYSHUTIN,Яндекс.Музыка,Аудиостриминг,,,1,0,0,ICECREAMMUSIC
5063466168412,Все недоступны,VYSHUTIN,Яндекс.Музыка,Аудиостриминг,,,1,0,"0,01",ICECREAMMUSIC
5063466168412,Все недоступны,VYSHUTIN,Яндекс.Музыка,Подписка,,,2,0,"0,06",ICECREAMMUSIC
5063466168412,Все недоступны,VYSHUTIN,Яндекс.Музыка,Подписка,,,3,0,"0,08",ICECREAMMUSIC
5063466168412,Все недоступны,VYSHUTIN,Яндекс.Музыка,Подписка,,,3,"0,01",0,ICECREAMMUSIC
5063466827463,Всем бывшим салам,FATAL',Amazon,Подписка,,,1,0,"0,02",ICECREAMMUSIC
5063466827463,Всем бывшим салам,FATAL',vk,Аудиостриминг,,,2,0,"0,05",ICECREAMMUSIC
5063466827463,Всем бывшим салам,FATAL',vk,Аудиостриминг,,,2,0,"0,08",ICECREAMMUSIC
5063466827463,Всем бывшим салам,FATAL',vk,Аудиостриминг,,,3,0,"0,12",ICECREAMMUSIC
5063466827463,Всем бывшим салам,FATAL',vk,Аудиостриминг,,,15,0,"0,31",ICECREAMMUSIC
5063466827463,Всем бывшим салам,FATAL',vk,Аудиостриминг,,,23,0,"0,48",ICECREAMMUSIC
5063466827463,Всем бывшим салам,FATAL',vk,Аудиостриминг,,,37,0,"0,77",ICECREAMMUSIC
5063466827463,Всем бывшим салам,FATAL',vk,Подписка,,,6,0,"1,16",ICECREAMMUSIC
5063466827463,Всем бывшим салам,FATAL',vk,Подписка,,,11,0,"1,72",ICECREAMMUSIC
5063466827463,Всем бывшим салам,FATAL',vk,Подписка,,,13,0,"2,58",ICECREAMMUSIC
5063466827463,Всем бывшим салам,FATAL',vk,Аудиостриминг,,,17,"0,06",0,ICECREAMMUSIC
5063466827463,Всем бывшим салам,FATAL',vk,Аудиостриминг,,,27,"0,09",0,ICECREAMMUSIC
5063466827463,Всем бывшим салам,FATAL',vk,Аудиостриминг,,,43,"0,14",0,ICECREAMMUSIC
5063466827463,Всем бывшим салам,FATAL',vk,Тексты песен,,,8,"0,27",0,ICECREAMMUSIC
5063466827463,Всем бывшим салам,FATAL',vk,Подписка,,,7,"0,29",0,ICECREAMMUSIC
5063466827463,Всем бывшим салам,FATAL',vk,Подписка,,,12,"0,42",0,ICECREAMMUSIC
5063466827463,Всем бывшим салам,FATAL',vk,Подписка,,,15,"0,64",0,ICECREAMMUSIC
5063466827463,Всем бывшим салам,FATAL',Иная дистрибуция,Видео,,,4,0,"0,57",ICECREAMMUSIC
5063466827463,Всем бывшим салам,FATAL',КИОН Музыка,Подписка,,,2,0,"0,14",ICECREAMMUSIC
5063466827463,Всем бывшим салам,FATAL',КИОН Музыка,Подписка,,,2,"0,03",0,ICECREAMMUSIC
5063466827463,Всем бывшим салам,FATAL',Яндекс.Музыка,Аудиостриминг,,,2,0,"0,01",ICECREAMMUSIC
5063466827463,Всем бывшим салам,FATAL',Яндекс.Музыка,Аудиостриминг,,,2,0,"0,01",ICECREAMMUSIC
5063466827463,Всем бывшим салам,FATAL',Яндекс.Музыка,Аудиостриминг,,,4,0,"0,02",ICECREAMMUSIC
5063466827463,Всем бывшим салам,FATAL',Яндекс.Музыка,Подписка,,,7,0,"0,22",ICECREAMMUSIC
5063466827463,Всем бывшим салам,FATAL',Яндекс.Музыка,Подписка,,,7,0,"0,26",ICECREAMMUSIC
5063466827463,Всем бывшим салам,FATAL',Яндекс.Музыка,Подписка,,,14,0,"0,54",ICECREAMMUSIC
5063466827463,Всем бывшим салам,FATAL',Яндекс.Музыка,Подписка,,,31,"0,18",0,ICECREAMMUSIC
5063466403483,Всё для тебя,OTALOE,Apple Music,Подписка,,,1,0,"0,28",ICECREAMMUSIC
5063466403483,Всё для тебя,OTALOE,Apple Music,Подписка,,,15,"0,24",0,ICECREAMMUSIC
5063466403483,Всё для тебя,OTALOE,MusixMatch,Тексты песен,,,1,"0,01",0,ICECREAMMUSIC
5063466403483,Всё для тебя,OTALOE,vk,Аудиостриминг,,,1,0,"0,01",ICECREAMMUSIC
5063466403483,Всё для тебя,OTALOE,vk,Аудиостриминг,,,1,0,"0,02",ICECREAMMUSIC
5063466403483,Всё для тебя,OTALOE,vk,Аудиостриминг,,,1,0,"0,02",ICECREAMMUSIC
5063466403483,Всё для тебя,OTALOE,vk,Аудиостриминг,,,2,0,"0,06",ICECREAMMUSIC
5063466403483,Всё для тебя,OTALOE,vk,Аудиостриминг,,,7,0,"0,15",ICECREAMMUSIC
5063466403483,Всё для тебя,OTALOE,vk,Аудиостриминг,,,13,0,"0,26",ICECREAMMUSIC
5063466403483,Всё для тебя,OTALOE,vk,Подписка,,,2,0,"0,31",ICECREAMMUSIC
5063466403483,Всё для тебя,OTALOE,vk,Подписка,,,3,0,"0,46",ICECREAMMUSIC
5063466403483,Всё для тебя,OTALOE,vk,Подписка,,,8,0,"1,4",ICECREAMMUSIC
5063466403483,Всё для тебя,OTALOE,vk,Аудиостриминг,,,8,"0,03",0,ICECREAMMUSIC
5063466403483,Всё для тебя,OTALOE,vk,Аудиостриминг,,,15,"0,05",0,ICECREAMMUSIC
5063466403483,Всё для тебя,OTALOE,vk,Подписка,,,2,"0,08",0,ICECREAMMUSIC
5063466403483,Всё для тебя,OTALOE,vk,Тексты песен,,,3,"0,09",0,ICECREAMMUSIC
5063466403483,Всё для тебя,OTALOE,vk,Подписка,,,3,"0,11",0,ICECREAMMUSIC
5063466403483,Всё для тебя,OTALOE,vk,Подписка,,,9,"0,34",0,ICECREAMMUSIC
5063466403483,Всё для тебя,OTALOE,Яндекс.Музыка,Аудиостриминг,,,5,0,"0,03",ICECREAMMUSIC
5063466403483,Всё для тебя,OTALOE,Яндекс.Музыка,Аудиостриминг,,,12,0,"0,08",ICECREAMMUSIC
5063466403483,Всё для тебя,OTALOE,Яндекс.Музыка,Подписка,,,20,0,"0,77",ICECREAMMUSIC
5063466403483,Всё для тебя,OTALOE,Яндекс.Музыка,Подписка,,,45,0,"1,76",ICECREAMMUSIC
5063466403483,Всё для тебя,OTALOE,Яндекс.Музыка,Подписка,,,4,"0,02",0,ICECREAMMUSIC
5063635941402,Всё Ещё,WANDERING FOG,vk,Аудиостриминг,,,1,0,"0,02",ICECREAMMUSIC
5063635941402,Всё Ещё,WANDERING FOG,vk,Аудиостриминг,,,5,0,"0,09",ICECREAMMUSIC
5063635941402,Всё Ещё,WANDERING FOG,vk,Аудиостриминг,,,10,0,"0,19",ICECREAMMUSIC
5063635941402,Всё Ещё,WANDERING FOG,vk,Аудиостриминг,,,5,"0,02",0,ICECREAMMUSIC
5063635941402,Всё Ещё,WANDERING FOG,vk,Аудиостриминг,,,11,"0,04",0,ICECREAMMUSIC
5063635941402,Всё Ещё,WANDERING FOG,vk,Тексты песен,,,5,"0,18",0,ICECREAMMUSIC
5063635941402,Всё Ещё,WANDERING FOG,Яндекс.Музыка,Аудиостриминг,,,1,0,0,ICECREAMMUSIC
5063635941402,Всё Ещё,WANDERING FOG,Яндекс.Музыка,Аудиостриминг,,,1,0,0,ICECREAMMUSIC
5063635941402,Всё Ещё,WANDERING FOG,Яндекс.Музыка,Подписка,,,2,0,"0,06",ICECREAMMUSIC
5063635941402,Всё Ещё,WANDERING FOG,Яндекс.Музыка,Подписка,,,4,0,"0,1",ICECREAMMUSIC
5063635941402,Всё Ещё,WANDERING FOG,Яндекс.Музыка,Подписка,,,15,"0,08",0,ICECREAMMUSIC
5063466678690,Всё потерял,Spirit Glam,vk,Аудиостриминг,,,1,0,"0,02",ICECREAMMUSIC
5063466678690,Всё потерял,Spirit Glam,vk,Аудиостриминг,,,1,0,"0,02",ICECREAMMUSIC
5063466678690,Всё потерял,Spirit Glam,vk,Аудиостриминг,,,3,0,"0,05",ICECREAMMUSIC
5063466678690,Всё потерял,Spirit Glam,vk,Аудиостриминг,,,3,"0,01",0,ICECREAMMUSIC
5063466678690,Всё потерял,Spirit Glam,КИОН Музыка,Подписка,,,2,0,"0,14",ICECREAMMUSIC
5063466678690,Всё потерял,Spirit Glam,КИОН Музыка,Подписка,,,2,"0,03",0,ICECREAMMUSIC
5063466678690,Всё потерял,Spirit Glam,Яндекс.Музыка,Аудиостриминг,,,3,0,"0,02",ICECREAMMUSIC
5063466678690,Всё потерял,Spirit Glam,Яндекс.Музыка,Аудиостриминг,,,3,0,"0,02",ICECREAMMUSIC
5063466678690,Всё потерял,Spirit Glam,Яндекс.Музыка,Аудиостриминг,,,4,0,"0,02",ICECREAMMUSIC
5063466678690,Всё потерял,Spirit Glam,Яндекс.Музыка,Подписка,,,10,0,"0,36",ICECREAMMUSIC
5063466678690,Всё потерял,Spirit Glam,Яндекс.Музыка,Подписка,,,11,0,"0,41",ICECREAMMUSIC
5063466678690,Всё потерял,Spirit Glam,Яндекс.Музыка,Подписка,,,14,0,"0,51",ICECREAMMUSIC
5063466678690,Всё потерял,Spirit Glam,Яндекс.Музыка,Подписка,,,45,"0,26",0,ICECREAMMUSIC
5063833332866,ВТОРЖЕНИЕ,"WhiteFluffy, s1eepy",vk,Аудиостриминг,,,1,0,"0,02",ICECREAMMUSIC
5063833332866,ВТОРЖЕНИЕ,"WhiteFluffy, s1eepy",YouTube,Аудио,,,2008,0,"13,04",ICECREAMMUSIC
5063833332866,ВТОРЖЕНИЕ,"WhiteFluffy, s1eepy",YouTube,Аудио,,,2002,0,"23,8",ICECREAMMUSIC
5063833332866,ВТОРЖЕНИЕ,"WhiteFluffy, s1eepy",YouTube Music,Подписка,,,120,0,"7,2",ICECREAMMUSIC
5063833332866,ВТОРЖЕНИЕ,"WhiteFluffy, s1eepy",YouTube Premium,Подписка,,,103,0,"9,15",ICECREAMMUSIC
5063833332866,ВТОРЖЕНИЕ,"WhiteFluffy, s1eepy",Иная дистрибуция,Видео,,,4,0,"0,12",ICECREAMMUSIC
5063833332866,ВТОРЖЕНИЕ,"WhiteFluffy, s1eepy",Иная дистрибуция,Видео,,,1164,0,"2,08",ICECREAMMUSIC
5063833332866,ВТОРЖЕНИЕ,"WhiteFluffy, s1eepy",Иная дистрибуция,Видео,,,24,0,"3,5",ICECREAMMUSIC
5063833332866,ВТОРЖЕНИЕ,"WhiteFluffy, s1eepy",Яндекс.Музыка,Аудиостриминг,,,1,0,0,ICECREAMMUSIC
5063833332866,ВТОРЖЕНИЕ,"WhiteFluffy, s1eepy",Яндекс.Музыка,Аудиостриминг,,,1,0,0,ICECREAMMUSIC
5063833332866,ВТОРЖЕНИЕ,"WhiteFluffy, s1eepy",Яндекс.Музыка,Аудиостриминг,,,1,0,0,ICECREAMMUSIC
5063833332866,ВТОРЖЕНИЕ,"WhiteFluffy, s1eepy",Яндекс.Музыка,Подписка,,,2,0,"0,06",ICECREAMMUSIC
5063833332866,ВТОРЖЕНИЕ,"WhiteFluffy, s1eepy",Яндекс.Музыка,Подписка,,,3,0,"0,07",ICECREAMMUSIC
5063833332866,ВТОРЖЕНИЕ,"WhiteFluffy, s1eepy",Яндекс.Музыка,Подписка,,,4,0,"0,1",ICECREAMMUSIC
5063833332866,ВТОРЖЕНИЕ,"WhiteFluffy, s1eepy",Яндекс.Музыка,Подписка,,,16,"0,09",0,ICECREAMMUSIC
5063635188999,Где светит луна,CHEDLY,MusixMatch,Тексты песен,,,28,"0,16",0,ICECREAMMUSIC
5063635188999,Где светит луна,CHEDLY,vk,Аудиостриминг,,,1,0,"0,02",ICECREAMMUSIC
5063635188999,Где светит луна,CHEDLY,vk,Аудиостриминг,,,2,0,"0,03",ICECREAMMUSIC
5063635188999,Где светит луна,CHEDLY,vk,Аудиостриминг,,,2,"0,01",0,ICECREAMMUSIC
5063635188999,Где светит луна,CHEDLY,Иная дистрибуция,Видео,,,16,0,"0,08",ICECREAMMUSIC
5063635188999,Где светит луна,CHEDLY,КИОН Музыка,Подписка,,,1,0,"0,07",ICECREAMMUSIC
5063635188999,Где светит луна,CHEDLY,КИОН Музыка,Подписка,,,1,"0,02",0,ICECREAMMUSIC
5063635188999,Где светит луна,CHEDLY,Яндекс.Музыка,Аудиостриминг,,,2,0,"0,01",ICECREAMMUSIC
5063635188999,Где светит луна,CHEDLY,Яндекс.Музыка,Аудиостриминг,,,3,0,"0,02",ICECREAMMUSIC
5063635188999,Где светит луна,CHEDLY,Яндекс.Музыка,Аудиостриминг,,,4,0,"0,02",ICECREAMMUSIC
5063635188999,Где светит луна,CHEDLY,Яндекс.Музыка,Подписка,,,8,0,"0,27",ICECREAMMUSIC
5063635188999,Где светит луна,CHEDLY,Яндекс.Музыка,Подписка,,,12,0,"0,43",ICECREAMMUSIC
5063635188999,Где светит луна,CHEDLY,Яндекс.Музыка,Подписка,,,13,0,"0,49",ICECREAMMUSIC
5063635188999,Где светит луна,CHEDLY,Яндекс.Музыка,Подписка,,,17,"0,1",0,ICECREAMMUSIC
5063635506441,Где ты,FATAL',vk,Аудиостриминг,,,1,0,"0,02",ICECREAMMUSIC
5063635506441,Где ты,FATAL',vk,Аудиостриминг,,,1,0,"0,02",ICECREAMMUSIC
5063635506441,Где ты,FATAL',vk,Аудиостриминг,,,2,0,"0,03",ICECREAMMUSIC
5063635506441,Где ты,FATAL',vk,Аудиостриминг,,,6,0,"0,1",ICECREAMMUSIC
5063635506441,Где ты,FATAL',vk,Аудиостриминг,,,6,0,"0,11",ICECREAMMUSIC
5063635506441,Где ты,FATAL',vk,Подписка,,,3,0,"0,38",ICECREAMMUSIC
5063635506441,Где ты,FATAL',vk,Подписка,,,4,0,"0,54",ICECREAMMUSIC
5063635506441,Где ты,FATAL',vk,Аудиостриминг,,,2,"0,01",0,ICECREAMMUSIC
5063635506441,Где ты,FATAL',vk,Аудиостриминг,,,7,"0,02",0,ICECREAMMUSIC
5063635506441,Где ты,FATAL',vk,Аудиостриминг,,,6,"0,02",0,ICECREAMMUSIC
5063635506441,Где ты,FATAL',vk,Подписка,,,3,"0,1",0,ICECREAMMUSIC
5063635506441,Где ты,FATAL',vk,Подписка,,,4,"0,13",0,ICECREAMMUSIC
5063635506441,Где ты,FATAL',Одноклассники,Аудиостриминг,,,3,0,"0,05",ICECREAMMUSIC
5063635506441,Где ты,FATAL',Одноклассники,Аудиостриминг,,,4,0,"0,06",ICECREAMMUSIC
5063635506441,Где ты,FATAL',Одноклассники,Аудиостриминг,,,10,0,"0,17",ICECREAMMUSIC
5063635506441,Где ты,FATAL',Одноклассники,Подписка,,,1,0,"0,35",ICECREAMMUSIC
5063635506441,Где ты,FATAL',Одноклассники,Аудиостриминг,,,3,"0,01",0,ICECREAMMUSIC
5063635506441,Где ты,FATAL',Одноклассники,Аудиостриминг,,,4,"0,01",0,ICECREAMMUSIC
5063635506441,Где ты,FATAL',Одноклассники,Аудиостриминг,,,10,"0,03",0,ICECREAMMUSIC
5063635506441,Где ты,FATAL',Одноклассники,Подписка,,,1,"0,08",0,ICECREAMMUSIC
5063635506441,Где ты,FATAL',Яндекс.Музыка,Аудиостриминг,,,1,0,0,ICECREAMMUSIC
5063635506441,Где ты,FATAL',Яндекс.Музыка,Аудиостриминг,,,1,0,0,ICECREAMMUSIC
5063635506441,Где ты,FATAL',Яндекс.Музыка,Подписка,,,2,0,"0,05",ICECREAMMUSIC
5063635506441,Где ты,FATAL',Яндекс.Музыка,Подписка,,,3,0,"0,08",ICECREAMMUSIC
5063635506441,Где ты,FATAL',Яндекс.Музыка,Подписка,,,3,"0,01",0,ICECREAMMUSIC
5063466725790,Гори со мной,CANDYL,vk,Аудиостриминг,,,1,0,"0,02",ICECREAMMUSIC
5063466725790,Гори со мной,CANDYL,Яндекс.Музыка,Аудиостриминг,,,1,0,0,ICECREAMMUSIC
5063466725790,Гори со мной,CANDYL,Яндекс.Музыка,Аудиостриминг,,,1,0,0,ICECREAMMUSIC
5063466725790,Гори со мной,CANDYL,Яндекс.Музыка,Подписка,,,1,0,"0,02",ICECREAMMUSIC
5063466725790,Гори со мной,CANDYL,Яндекс.Музыка,Подписка,,,1,0,"0,02",ICECREAMMUSIC
5063466725790,Гори со мной,CANDYL,Яндекс.Музыка,Подписка,,,4,"0,02",0,ICECREAMMUSIC
GUT200354,Город,Крюк,YouTube,Аудио,,,2,0,"0,05",ICECREAMMUSIC
GUT200354,Город,Крюк,Звук,Подписка,,,1,"0,03",0,ICECREAMMUSIC
GUT200354,Город,Крюк,Яндекс.Музыка,Аудиостриминг,,,2,0,"0,01",ICECREAMMUSIC
GUT200354,Город,Крюк,Яндекс.Музыка,Аудиостриминг,,,4,0,"0,02",ICECREAMMUSIC
GUT200354,Город,Крюк,Яндекс.Музыка,Аудиостриминг,,,4,0,"0,02",ICECREAMMUSIC
GUT200354,Город,Крюк,Яндекс.Музыка,Аудиостриминг,,,4,0,"0,02",ICECREAMMUSIC
GUT200354,Город,Крюк,Яндекс.Музыка,Подписка,,,14,0,"0,51",ICECREAMMUSIC
GUT200354,Город,Крюк,Яндекс.Музыка,Подписка,,,15,0,"0,56",ICECREAMMUSIC
GUT200354,Город,Крюк,Яндекс.Музыка,Подписка,,,16,0,"0,58",ICECREAMMUSIC
GUT200354,Город,Крюк,Яндекс.Музыка,Подписка,,,44,"0,26",0,ICECREAMMUSIC
5063316521190,Город засыпал,DIONLY,vk,Аудиостриминг,,,1,0,"0,01",Ckeabrona Beats
5063316521190,Город засыпал,DIONLY,vk,Аудиостриминг,,,1,0,"0,02",Ckeabrona Beats
5063316521190,Город засыпал,DIONLY,vk,Аудиостриминг,,,3,0,"0,05",Ckeabrona Beats
5063316521190,Город засыпал,DIONLY,vk,Аудиостриминг,,,4,0,"0,07",Ckeabrona Beats
5063316521190,Город засыпал,DIONLY,vk,Подписка,,,1,0,"0,15",Ckeabrona Beats
5063316521190,Город засыпал,DIONLY,vk,Аудиостриминг,,,3,"0,01",0,Ckeabrona Beats
5063316521190,Город засыпал,DIONLY,vk,Аудиостриминг,,,4,"0,01",0,Ckeabrona Beats
5063316521190,Город засыпал,DIONLY,vk,Подписка,,,1,"0,04",0,Ckeabrona Beats
5063316521190,Город засыпал,DIONLY,YouTube,Аудиостриминг,,,21,0,"0,64",Ckeabrona Beats
5063316521190,Город засыпал,DIONLY,YouTube,Аудио,,,18,0,"0,77",Ckeabrona Beats
5063316521190,Город засыпал,DIONLY,YouTube,Аудио,,,16,0,"1,18",Ckeabrona Beats
5063316521190,Город засыпал,DIONLY,YouTube Premium,Подписка,,,2,0,"0,03",Ckeabrona Beats
5063316521190,Город засыпал,DIONLY,YouTube Premium,Подписка,,,2,0,"0,07",Ckeabrona Beats
5063316521190,Город засыпал,DIONLY,YouTube Premium,Подписка,,,4,0,"0,17",Ckeabrona Beats
5063316521190,Город засыпал,DIONLY,Яндекс.Музыка,Аудиостриминг,,,6,0,"0,04",Ckeabrona Beats
5063316521190,Город засыпал,DIONLY,Яндекс.Музыка,Аудиостриминг,,,7,0,"0,04",Ckeabrona Beats
5063316521190,Город засыпал,DIONLY,Яндекс.Музыка,Подписка,,,24,0,"0,94",Ckeabrona Beats
5063316521190,Город засыпал,DIONLY,Яндекс.Музыка,Подписка,,,28,0,"1,03",Ckeabrona Beats
5063316521190,Город засыпал,DIONLY,Яндекс.Музыка,Подписка,,,104,"0,6",0,Ckeabrona Beats
5063945578527,губы,павший ангел,vk,Аудиостриминг,,,2,0,"0,1",ICECREAMMUSIC
5063945578527,губы,павший ангел,vk,Аудиостриминг,,,21,0,"0,42",ICECREAMMUSIC
5063945578527,губы,павший ангел,vk,Подписка,,,11,0,"2,33",ICECREAMMUSIC
5063945578527,губы,павший ангел,vk,Аудиостриминг,,,24,"0,08",0,ICECREAMMUSIC
5063945578527,губы,павший ангел,vk,Подписка,,,12,"0,57",0,ICECREAMMUSIC
5063945578527,губы,павший ангел,YouTube,Аудио,,,1,0,"0,15",ICECREAMMUSIC
5063945578527,губы,павший ангел,Яндекс.Музыка,Аудиостриминг,,,1,0,"0,01",ICECREAMMUSIC
5063945578527,губы,павший ангел,Яндекс.Музыка,Аудиостриминг,,,6,0,"0,04",ICECREAMMUSIC
5063945578527,губы,павший ангел,Яндекс.Музыка,Подписка,,,22,0,"0,84",ICECREAMMUSIC
5063945392710,дай мне сил,"rinmelari, obs1d1an",vk,Аудиостриминг,,,1,0,"0,02",ICECREAMMUSIC
5063945392710,дай мне сил,"rinmelari, obs1d1an",vk,Аудиостриминг,,,1,0,"0,03",ICECREAMMUSIC
5063945392710,дай мне сил,"rinmelari, obs1d1an",vk,Аудиостриминг,,,11,0,"0,21",ICECREAMMUSIC
5063945392710,дай мне сил,"rinmelari, obs1d1an",vk,Аудиостриминг,,,17,0,"0,34",ICECREAMMUSIC
5063945392710,дай мне сил,"rinmelari, obs1d1an",vk,Пробная подписка,,,1,0,"0,36",ICECREAMMUSIC
5063945392710,дай мне сил,"rinmelari, obs1d1an",vk,Подписка,,,4,0,"0,38",ICECREAMMUSIC
5063945392710,дай мне сил,"rinmelari, obs1d1an",vk,Подписка,,,6,0,"0,77",ICECREAMMUSIC
5063945392710,дай мне сил,"rinmelari, obs1d1an",vk,Аудиостриминг,,,12,"0,04",0,ICECREAMMUSIC
5063945392710,дай мне сил,"rinmelari, obs1d1an",vk,Аудиостриминг,,,19,"0,06",0,ICECREAMMUSIC
5063945392710,дай мне сил,"rinmelari, obs1d1an",vk,Пробная подписка,,,1,"0,09",0,ICECREAMMUSIC
5063945392710,дай мне сил,"rinmelari, obs1d1an",vk,Подписка,,,4,"0,1",0,ICECREAMMUSIC
5063945392710,дай мне сил,"rinmelari, obs1d1an",vk,Подписка,,,6,"0,19",0,ICECREAMMUSIC
5063945392710,дай мне сил,"rinmelari, obs1d1an",YouTube,Аудио,,,52,0,"0,42",ICECREAMMUSIC
5063945392710,дай мне сил,"rinmelari, obs1d1an",YouTube Premium,Подписка,,,7,0,"0,55",ICECREAMMUSIC
5063945392710,дай мне сил,"rinmelari, obs1d1an",Звук,Подписка,,,4,0,"0,96",ICECREAMMUSIC
5063945392710,дай мне сил,"rinmelari, obs1d1an",Яндекс.Музыка,Аудиостриминг,,,3,0,"0,02",ICECREAMMUSIC
5063945392710,дай мне сил,"rinmelari, obs1d1an",Яндекс.Музыка,Аудиостриминг,,,8,0,"0,05",ICECREAMMUSIC
5063945392710,дай мне сил,"rinmelari, obs1d1an",Яндекс.Музыка,Подписка,,,12,0,"0,43",ICECREAMMUSIC
5063945392710,дай мне сил,"rinmelari, obs1d1an",Яндекс.Музыка,Подписка,,,29,0,"1,13",ICECREAMMUSIC
5063833652940,далеко,obs1d1an,vk,Аудиостриминг,,,1,0,"0,01",ICECREAMMUSIC
5063833652940,далеко,obs1d1an,vk,Аудиостриминг,,,1,0,"0,02",ICECREAMMUSIC
5063833652940,далеко,obs1d1an,vk,Подписка,,,1,0,"0,15",ICECREAMMUSIC
5063833652940,далеко,obs1d1an,vk,Подписка,,,1,"0,04",0,ICECREAMMUSIC
5063833652940,далеко,obs1d1an,Звук,Подписка,,,4,0,"0,96",ICECREAMMUSIC
5063833652940,далеко,obs1d1an,Одноклассники,Аудиостриминг,,,1,0,"0,02",ICECREAMMUSIC
5063833652940,далеко,obs1d1an,Яндекс.Музыка,Аудиостриминг,,,1,0,"0,01",ICECREAMMUSIC
5063833652940,далеко,obs1d1an,Яндекс.Музыка,Аудиостриминг,,,2,0,"0,01",ICECREAMMUSIC
5063833652940,далеко,obs1d1an,Яндекс.Музыка,Аудиостриминг,,,5,0,"0,03",ICECREAMMUSIC
5063833652940,далеко,obs1d1an,Яндекс.Музыка,Подписка,,,4,0,"0,15",ICECREAMMUSIC
5063833652940,далеко,obs1d1an,Яндекс.Музыка,Подписка,,,7,0,"0,22",ICECREAMMUSIC
5063833652940,далеко,obs1d1an,Яндекс.Музыка,Подписка,,,20,0,"0,76",ICECREAMMUSIC
5063833652940,далеко,obs1d1an,Яндекс.Музыка,Подписка,,,28,"0,16",0,ICECREAMMUSIC
5063833652940,далеко,obs1d1an,Яндекс.Музыка,Аудиостриминг,,,1,0,0,ICECREAMMUSIC
5063833652940,далеко,obs1d1an,Яндекс.Музыка,Аудиостриминг,,,1,0,0,ICECREAMMUSIC
5063833652940,далеко,obs1d1an,Яндекс.Музыка,Подписка,,,2,0,"0,06",ICECREAMMUSIC
5063833652940,далеко,obs1d1an,Яндекс.Музыка,Подписка,,,3,0,"0,08",ICECREAMMUSIC
5063833652940,далеко,obs1d1an,Яндекс.Музыка,Подписка,,,9,"0,06",0,ICECREAMMUSIC
5063635024112,Девочка RISK,FATAL',vk,Аудиостриминг,,,1,0,"0,02",ICECREAMMUSIC
5063635024112,Девочка RISK,FATAL',vk,Аудиостриминг,,,1,0,"0,02",ICECREAMMUSIC
5063635024112,Девочка RISK,FATAL',Яндекс.Музыка,Аудиостриминг,,,1,0,0,ICECREAMMUSIC
5063635024112,Девочка RISK,FATAL',Яндекс.Музыка,Подписка,,,1,0,"0,02",ICECREAMMUSIC
5063635024112,Девочка RISK,FATAL',Яндекс.Музыка,Подписка,,,2,"0,01",0,ICECREAMMUSIC
5063466409034,Демоны,Ростовцев Максим Андреевич,Kugou,Аудиостриминг,,,2,0,"0,02",ICECREAMMUSIC
5063466409034,Демоны,Ростовцев Максим Андреевич,vk,Аудиостриминг,,,1,0,"0,02",ICECREAMMUSIC
5063466409034,Демоны,Ростовцев Максим Андреевич,Яндекс.Музыка,Аудиостриминг,,,1,0,0,ICECREAMMUSIC
5063466409034,Демоны,Ростовцев Максим Андреевич,Яндекс.Музыка,Аудиостриминг,,,1,0,0,ICECREAMMUSIC
5063466409034,Демоны,Ростовцев Максим Андреевич,Яндекс.Музыка,Аудиостриминг,,,1,0,"0,01",ICECREAMMUSIC
5063466409034,Демоны,Ростовцев Максим Андреевич,Яндекс.Музыка,Подписка,,,1,0,"0,02",ICECREAMMUSIC
5063466409034,Демоны,Ростовцев Максим Андреевич,Яндекс.Музыка,Подписка,,,2,0,"0,06",ICECREAMMUSIC
5063466409034,Демоны,Ростовцев Максим Андреевич,Яндекс.Музыка,Подписка,,,4,0,"0,13",ICECREAMMUSIC
5063466409034,Демоны,Ростовцев Максим Андреевич,Яндекс.Музыка,Подписка,,,5,"0,03",0,ICECREAMMUSIC
5063833162241,ДЕТКА ЗА РУЛЁМ,"Malyshkin, ninetwofive",TikTok,Видео,,,1,0,"0,02",ICECREAMMUSIC
5063833162241,ДЕТКА ЗА РУЛЁМ,"Malyshkin, ninetwofive",vk,Аудиостриминг,,,1,0,"0,01",ICECREAMMUSIC
5063833162241,ДЕТКА ЗА РУЛЁМ,"Malyshkin, ninetwofive",vk,Аудиостриминг,,,2,0,"0,05",ICECREAMMUSIC
5063833162241,ДЕТКА ЗА РУЛЁМ,"Malyshkin, ninetwofive",vk,Аудиостриминг,,,2,0,"0,07",ICECREAMMUSIC
5063833162241,ДЕТКА ЗА РУЛЁМ,"Malyshkin, ninetwofive",vk,Аудиостриминг,,,9,0,"0,17",ICECREAMMUSIC
5063833162241,ДЕТКА ЗА РУЛЁМ,"Malyshkin, ninetwofive",vk,Аудиостриминг,,,12,0,"0,23",ICECREAMMUSIC
5063833162241,ДЕТКА ЗА РУЛЁМ,"Malyshkin, ninetwofive",vk,Подписка,,,4,0,"0,31",ICECREAMMUSIC
5063833162241,ДЕТКА ЗА РУЛЁМ,"Malyshkin, ninetwofive",vk,Аудиостриминг,,,27,0,"0,55",ICECREAMMUSIC
5063833162241,ДЕТКА ЗА РУЛЁМ,"Malyshkin, ninetwofive",vk,Подписка,,,7,0,"1,1",ICECREAMMUSIC
5063833162241,ДЕТКА ЗА РУЛЁМ,"Malyshkin, ninetwofive",vk,Подписка,,,8,0,"1,47",ICECREAMMUSIC
5063833162241,ДЕТКА ЗА РУЛЁМ,"Malyshkin, ninetwofive",vk,Аудиостриминг,,,10,"0,03",0,ICECREAMMUSIC
5063833162241,ДЕТКА ЗА РУЛЁМ,"Malyshkin, ninetwofive",vk,Аудиостриминг,,,13,"0,04",0,ICECREAMMUSIC
5063833162241,ДЕТКА ЗА РУЛЁМ,"Malyshkin, ninetwofive",vk,Подписка,,,4,"0,08",0,ICECREAMMUSIC
5063833162241,ДЕТКА ЗА РУЛЁМ,"Malyshkin, ninetwofive",vk,Аудиостриминг,,,31,"0,1",0,ICECREAMMUSIC
5063833162241,ДЕТКА ЗА РУЛЁМ,"Malyshkin, ninetwofive",vk,Подписка,,,8,"0,27",0,ICECREAMMUSIC
5063833162241,ДЕТКА ЗА РУЛЁМ,"Malyshkin, ninetwofive",vk,Подписка,,,9,"0,36",0,ICECREAMMUSIC
5063833162241,ДЕТКА ЗА РУЛЁМ,"Malyshkin, ninetwofive",YouTube,Аудио,,,15,0,"0,01",ICECREAMMUSIC
5063833162241,ДЕТКА ЗА РУЛЁМ,"Malyshkin, ninetwofive",YouTube,Аудиостриминг,,,23,0,"0,02",ICECREAMMUSIC
5063833162241,ДЕТКА ЗА РУЛЁМ,"Malyshkin, ninetwofive",YouTube Music,Подписка,,,5,0,"0,12",ICECREAMMUSIC
5063833162241,ДЕТКА ЗА РУЛЁМ,"Malyshkin, ninetwofive",YouTube Premium,Подписка,,,2,0,"0,02",ICECREAMMUSIC
5063833162241,ДЕТКА ЗА РУЛЁМ,"Malyshkin, ninetwofive",Звук,Аудиостриминг,,,1,0,"0,01",ICECREAMMUSIC
5063833162241,ДЕТКА ЗА РУЛЁМ,"Malyshkin, ninetwofive",Звук,Подписка,,,2,0,"0,37",ICECREAMMUSIC
5063833162241,ДЕТКА ЗА РУЛЁМ,"Malyshkin, ninetwofive",Звук,Подписка,,,2,0,"0,39",ICECREAMMUSIC
5063833162241,ДЕТКА ЗА РУЛЁМ,"Malyshkin, ninetwofive",Звук,Подписка,,,3,"0,08",0,ICECREAMMUSIC
5063833162241,ДЕТКА ЗА РУЛЁМ,"Malyshkin, ninetwofive",Иная дистрибуция,Видео,,,64,0,"0,02",ICECREAMMUSIC
5063833162241,ДЕТКА ЗА РУЛЁМ,"Malyshkin, ninetwofive",Одноклассники,Аудиостриминг,,,1,0,"0,02",ICECREAMMUSIC
5063833162241,ДЕТКА ЗА РУЛЁМ,"Malyshkin, ninetwofive",Одноклассники,Подписка,,,1,0,"0,35",ICECREAMMUSIC
5063833162241,ДЕТКА ЗА РУЛЁМ,"Malyshkin, ninetwofive",Одноклассники,Подписка,,,1,"0,08",0,ICECREAMMUSIC
5063833162241,ДЕТКА ЗА РУЛЁМ,"Malyshkin, ninetwofive",Яндекс.Музыка,Аудиостриминг,,,4,0,"0,03",ICECREAMMUSIC
5063833162241,ДЕТКА ЗА РУЛЁМ,"Malyshkin, ninetwofive",Яндекс.Музыка,Аудиостриминг,,,5,0,"0,03",ICECREAMMUSIC
5063833162241,ДЕТКА ЗА РУЛЁМ,"Malyshkin, ninetwofive",Яндекс.Музыка,Аудиостриминг,,,5,0,"0,03",ICECREAMMUSIC
5063833162241,ДЕТКА ЗА РУЛЁМ,"Malyshkin, ninetwofive",Яндекс.Музыка,Подписка,,,16,0,"0,62",ICECREAMMUSIC
5063833162241,ДЕТКА ЗА РУЛЁМ,"Malyshkin, ninetwofive",Яндекс.Музыка,Подписка,,,17,0,"0,64",ICECREAMMUSIC
5063833162241,ДЕТКА ЗА РУЛЁМ,"Malyshkin, ninetwofive",Яндекс.Музыка,Подписка,,,19,0,"0,71",ICECREAMMUSIC
5063833162241,ДЕТКА ЗА РУЛЁМ,"Malyshkin, ninetwofive",Яндекс.Музыка,Подписка,,,112,"0,65",0,ICECREAMMUSIC
5063833906814,До дна,Laxon,vk,Аудиостриминг,,,1,0,"0,01",ICECREAMMUSIC
5063833906814,До дна,Laxon,vk,Аудиостриминг,,,1,0,"0,01",ICECREAMMUSIC
5063833906814,До дна,Laxon,vk,Аудиостриминг,,,5,0,"0,09",ICECREAMMUSIC
5063833906814,До дна,Laxon,vk,Подписка,,,1,0,"0,15",ICECREAMMUSIC
5063833906814,До дна,Laxon,vk,Подписка,,,4,0,"0,31",ICECREAMMUSIC
5063833906814,До дна,Laxon,vk,Пробная подписка,,,1,0,"0,36",ICECREAMMUSIC
5063833906814,До дна,Laxon,vk,Аудиостриминг,,,5,"0,02",0,ICECREAMMUSIC
5063833906814,До дна,Laxon,vk,Подписка,,,1,"0,04",0,ICECREAMMUSIC
5063833906814,До дна,Laxon,vk,Подписка,,,4,"0,08",0,ICECREAMMUSIC
5063833906814,До дна,Laxon,vk,Пробная подписка,,,1,"0,09",0,ICECREAMMUSIC
5063833906814,До дна,Laxon,vk,Аудиостриминг,,,5,0,"0,09",ICECREAMMUSIC
5063833906814,До дна,Laxon,vk,Аудиостриминг,,,5,"0,02",0,ICECREAMMUSIC
5063833906814,До дна,Laxon,Сервисы АДВ Мьюзик,РБТ,,,3,0,"0,08",ICECREAMMUSIC
5063833906814,До дна,Laxon,Сервисы АДВ Мьюзик,РБТ,,,3,"0,02",0,ICECREAMMUSIC
5063833906814,До дна,Laxon,Яндекс.Музыка,Аудиостриминг,,,2,0,"0,01",ICECREAMMUSIC
5063833906814,До дна,Laxon,Яндекс.Музыка,Аудиостриминг,,,4,0,"0,02",ICECREAMMUSIC
5063833906814,До дна,Laxon,Яндекс.Музыка,Аудиостриминг,,,8,0,"0,05",ICECREAMMUSIC
5063833906814,До дна,Laxon,Яндекс.Музыка,Подписка,,,7,0,"0,26",ICECREAMMUSIC
5063833906814,До дна,Laxon,Яндекс.Музыка,Подписка,,,14,0,"0,54",ICECREAMMUSIC
5063833906814,До дна,Laxon,Яндекс.Музыка,Подписка,,,30,0,"1,13",ICECREAMMUSIC
5063833906814,До дна,Laxon,Яндекс.Музыка,Подписка,,,48,"0,27",0,ICECREAMMUSIC
5063833906814,До дна,Laxon,Яндекс.Музыка,Аудиостриминг,,,2,0,"0,01",ICECREAMMUSIC
5063833906814,До дна,Laxon,Яндекс.Музыка,Аудиостриминг,,,3,0,"0,02",ICECREAMMUSIC
5063833906814,До дна,Laxon,Яндекс.Музыка,Подписка,,,5,0,"0,18",ICECREAMMUSIC
5063833906814,До дна,Laxon,Яндекс.Музыка,Подписка,,,10,0,"0,37",ICECREAMMUSIC
5063833906814,До дна,Laxon,Яндекс.Музыка,Подписка,,,16,"0,1",0,ICECREAMMUSIC
5063635625586,До утра,"BARCETON, Safi",MusixMatch,Тексты песен,,,44,"0,14",0,ICECREAMMUSIC
5063635625586,До утра,"BARCETON, Safi",vk,Аудиостриминг,,,1,0,"0,01",ICECREAMMUSIC
5063635625586,До утра,"BARCETON, Safi",vk,Аудиостриминг,,,7,0,"0,15",ICECREAMMUSIC
5063635625586,До утра,"BARCETON, Safi",vk,Аудиостриминг,,,8,0,"0,16",ICECREAMMUSIC
5063635625586,До утра,"BARCETON, Safi",vk,Аудиостриминг,,,8,0,"0,16",ICECREAMMUSIC
5063635625586,До утра,"BARCETON, Safi",vk,Подписка,,,3,0,"0,24",ICECREAMMUSIC
5063635625586,До утра,"BARCETON, Safi",vk,Аудиостриминг,,,9,"0,03",0,ICECREAMMUSIC
5063635625586,До утра,"BARCETON, Safi",vk,Аудиостриминг,,,9,"0,03",0,ICECREAMMUSIC
5063635625586,До утра,"BARCETON, Safi",vk,Аудиостриминг,,,8,"0,03",0,ICECREAMMUSIC
5063635625586,До утра,"BARCETON, Safi",vk,Подписка,,,3,"0,06",0,ICECREAMMUSIC
5063635625586,До утра,"BARCETON, Safi",vk,Аудиостриминг,,,3,0,"0,1",ICECREAMMUSIC
5063635625586,До утра,"BARCETON, Safi",vk,Аудиостриминг,,,3,0,"0,13",ICECREAMMUSIC
5063635625586,До утра,"BARCETON, Safi",vk,Аудиостриминг,,,5,0,"0,18",ICECREAMMUSIC
5063635625586,До утра,"BARCETON, Safi",vk,Аудиостриминг,,,31,0,"0,64",ICECREAMMUSIC
5063635625586,До утра,"BARCETON, Safi",vk,Аудиостриминг,,,47,0,"0,98",ICECREAMMUSIC
5063635625586,До утра,"BARCETON, Safi",vk,Аудиостриминг,,,57,0,"1,19",ICECREAMMUSIC
5063635625586,До утра,"BARCETON, Safi",vk,Подписка,,,15,0,"2,18",ICECREAMMUSIC
5063635625586,До утра,"BARCETON, Safi",vk,Подписка,,,16,0,"2,98",ICECREAMMUSIC
5063635625586,До утра,"BARCETON, Safi",vk,Подписка,,,23,0,"4,03",ICECREAMMUSIC
5063635625586,До утра,"BARCETON, Safi",vk,Тексты песен,,,3,"0,09",0,ICECREAMMUSIC
5063635625586,До утра,"BARCETON, Safi",vk,Аудиостриминг,,,36,"0,12",0,ICECREAMMUSIC
5063635625586,До утра,"BARCETON, Safi",vk,Аудиостриминг,,,55,"0,18",0,ICECREAMMUSIC
5063635625586,До утра,"BARCETON, Safi",vk,Аудиостриминг,,,66,"0,22",0,ICECREAMMUSIC
5063635625586,До утра,"BARCETON, Safi",vk,Подписка,,,17,"0,54",0,ICECREAMMUSIC
5063635625586,До утра,"BARCETON, Safi",vk,Подписка,,,18,"0,73",0,ICECREAMMUSIC
5063635625586,До утра,"BARCETON, Safi",vk,Подписка,,,27,"0,99",0,ICECREAMMUSIC
5063635625586,До утра,"BARCETON, Safi",КИОН Музыка,Подписка,,,2,0,"0,14",ICECREAMMUSIC
5063635625586,До утра,"BARCETON, Safi",КИОН Музыка,Подписка,,,2,"0,03",0,ICECREAMMUSIC
5063635625586,До утра,"BARCETON, Safi",КИОН Музыка,Подписка,,,1,0,"0,07",ICECREAMMUSIC
5063635625586,До утра,"BARCETON, Safi",КИОН Музыка,Подписка,,,1,"0,02",0,ICECREAMMUSIC
5063635625586,До утра,"BARCETON, Safi",Яндекс.Музыка,Аудиостриминг,,,4,0,"0,02",ICECREAMMUSIC
5063635625586,До утра,"BARCETON, Safi",Яндекс.Музыка,Аудиостриминг,,,4,0,"0,02",ICECREAMMUSIC
5063635625586,До утра,"BARCETON, Safi",Яндекс.Музыка,Аудиостриминг,,,4,0,"0,03",ICECREAMMUSIC
5063635625586,До утра,"BARCETON, Safi",Яндекс.Музыка,Подписка,,,13,0,"0,49",ICECREAMMUSIC
5063635625586,До утра,"BARCETON, Safi",Яндекс.Музыка,Подписка,,,14,0,"0,51",ICECREAMMUSIC
5063635625586,До утра,"BARCETON, Safi",Яндекс.Музыка,Подписка,,,16,0,"0,62",ICECREAMMUSIC
5063635625586,До утра,"BARCETON, Safi",Яндекс.Музыка,Подписка,,,55,"0,32",0,ICECREAMMUSIC
5063635625586,До утра,"BARCETON, Safi",Яндекс.Музыка,Аудиостриминг,,,3,0,"0,02",ICECREAMMUSIC
5063635625586,До утра,"BARCETON, Safi",Яндекс.Музыка,Аудиостриминг,,,9,0,"0,06",ICECREAMMUSIC
5063635625586,До утра,"BARCETON, Safi",Яндекс.Музыка,Аудиостриминг,,,10,0,"0,06",ICECREAMMUSIC
5063635625586,До утра,"BARCETON, Safi",Яндекс.Музыка,Подписка,,,11,0,"0,41",ICECREAMMUSIC
5063635625586,До утра,"BARCETON, Safi",Яндекс.Музыка,Подписка,,,33,0,"1,3",ICECREAMMUSIC
5063635625586,До утра,"BARCETON, Safi",Яндекс.Музыка,Подписка,,,38,0,"1,42",ICECREAMMUSIC
5063635625586,До утра,"BARCETON, Safi",Яндекс.Музыка,Подписка,,,52,"0,3",0,ICECREAMMUSIC
5063466465818,ДО УТРА,CANDYL,Apple Music,Подписка,,,3,0,"0,2",ICECREAMMUSIC
5063466465818,ДО УТРА,CANDYL,vk,Аудиостриминг,,,2,0,"0,03",ICECREAMMUSIC
5063466465818,ДО УТРА,CANDYL,vk,Аудиостриминг,,,2,0,"0,03",ICECREAMMUSIC
5063466465818,ДО УТРА,CANDYL,vk,Аудиостриминг,,,4,0,"0,06",ICECREAMMUSIC
5063466465818,ДО УТРА,CANDYL,vk,Аудиостриминг,,,2,"0,01",0,ICECREAMMUSIC
5063466465818,ДО УТРА,CANDYL,vk,Аудиостриминг,,,2,"0,01",0,ICECREAMMUSIC
5063466465818,ДО УТРА,CANDYL,vk,Аудиостриминг,,,4,"0,01",0,ICECREAMMUSIC
5063466465818,ДО УТРА,CANDYL,Яндекс.Музыка,Аудиостриминг,,,1,0,0,ICECREAMMUSIC
5063466465818,ДО УТРА,CANDYL,Яндекс.Музыка,Аудиостриминг,,,1,0,0,ICECREAMMUSIC
5063466465818,ДО УТРА,CANDYL,Яндекс.Музыка,Аудиостриминг,,,1,0,"0,01",ICECREAMMUSIC
5063466465818,ДО УТРА,CANDYL,Яндекс.Музыка,Подписка,,,2,0,"0,06",ICECREAMMUSIC
5063466465818,ДО УТРА,CANDYL,Яндекс.Музыка,Подписка,,,3,0,"0,08",ICECREAMMUSIC
5063466465818,ДО УТРА,CANDYL,Яндекс.Музыка,Подписка,,,1,"0,01",0,ICECREAMMUSIC
5063635745697,Домой с рассветом,CHEDLY,vk,Аудиостриминг,,,1,0,"0,01",ICECREAMMUSIC
5063635745697,Домой с рассветом,CHEDLY,vk,Аудиостриминг,,,1,0,"0,02",ICECREAMMUSIC
5063635745697,Домой с рассветом,CHEDLY,vk,Подписка,,,2,0,"0,31",ICECREAMMUSIC
5063635745697,Домой с рассветом,CHEDLY,vk,Подписка,,,2,"0,08",0,ICECREAMMUSIC
5063635745697,Домой с рассветом,CHEDLY,Яндекс.Музыка,Аудиостриминг,,,1,0,0,ICECREAMMUSIC
5063635745697,Домой с рассветом,CHEDLY,Яндекс.Музыка,Аудиостриминг,,,1,0,0,ICECREAMMUSIC
5063635745697,Домой с рассветом,CHEDLY,Яндекс.Музыка,Подписка,,,2,0,"0,05",ICECREAMMUSIC
5063635745697,Домой с рассветом,CHEDLY,Яндекс.Музыка,Подписка,,,2,0,"0,06",ICECREAMMUSIC
5063635745697,Домой с рассветом,CHEDLY,Яндекс.Музыка,Подписка,,,4,"0,02",0,ICECREAMMUSIC
5063833740500,дура.,obs1d1an,vk,Аудиостриминг,,,1,0,"0,02",ICECREAMMUSIC
5063833740500,дура.,obs1d1an,vk,Аудиостриминг,,,2,0,"0,03",ICECREAMMUSIC
5063833740500,дура.,obs1d1an,vk,Аудиостриминг,,,5,0,"0,09",ICECREAMMUSIC
5063833740500,дура.,obs1d1an,vk,Подписка,,,3,0,"0,47",ICECREAMMUSIC
5063833740500,дура.,obs1d1an,vk,Аудиостриминг,,,2,"0,01",0,ICECREAMMUSIC
5063833740500,дура.,obs1d1an,vk,Аудиостриминг,,,5,"0,02",0,ICECREAMMUSIC
5063833740500,дура.,obs1d1an,vk,Подписка,,,3,"0,11",0,ICECREAMMUSIC
5063833740500,дура.,obs1d1an,vk,Тексты песен,,,15,"0,55",0,ICECREAMMUSIC
5063833740500,дура.,obs1d1an,Звук,Подписка,,,4,0,"0,96",ICECREAMMUSIC
5063833740500,дура.,obs1d1an,Яндекс.Музыка,Аудиостриминг,,,1,0,0,ICECREAMMUSIC
5063833740500,дура.,obs1d1an,Яндекс.Музыка,Аудиостриминг,,,3,0,"0,02",ICECREAMMUSIC
5063833740500,дура.,obs1d1an,Яндекс.Музыка,Аудиостриминг,,,4,0,"0,02",ICECREAMMUSIC
5063833740500,дура.,obs1d1an,Яндекс.Музыка,Подписка,,,2,0,"0,06",ICECREAMMUSIC
5063833740500,дура.,obs1d1an,Яндекс.Музыка,Подписка,,,11,0,"0,39",ICECREAMMUSIC
5063833740500,дура.,obs1d1an,Яндекс.Музыка,Подписка,,,14,0,"0,54",ICECREAMMUSIC
5063833740500,дура.,obs1d1an,Яндекс.Музыка,Подписка,,,45,"0,26",0,ICECREAMMUSIC
5063833334273,Если бог забудет нас,WANDERING FOG,vk,Аудиостриминг,,,1,0,"0,01",ICECREAMMUSIC
5063833334273,Если бог забудет нас,WANDERING FOG,vk,Аудиостриминг,,,1,0,"0,01",ICECREAMMUSIC
5063833334273,Если бог забудет нас,WANDERING FOG,vk,Аудиостриминг,,,1,0,"0,01",ICECREAMMUSIC
5063833334273,Если бог забудет нас,WANDERING FOG,vk,Аудиостриминг,,,2,0,"0,03",ICECREAMMUSIC
5063833334273,Если бог забудет нас,WANDERING FOG,vk,Аудиостриминг,,,6,0,"0,11",ICECREAMMUSIC
5063833334273,Если бог забудет нас,WANDERING FOG,vk,Подписка,,,1,0,"0,13",ICECREAMMUSIC
5063833334273,Если бог забудет нас,WANDERING FOG,vk,Подписка,,,1,0,"0,15",ICECREAMMUSIC
5063833334273,Если бог забудет нас,WANDERING FOG,vk,Аудиостриминг,,,11,0,"0,21",ICECREAMMUSIC
5063833334273,Если бог забудет нас,WANDERING FOG,vk,Подписка,,,2,0,"0,31",ICECREAMMUSIC
5063833334273,Если бог забудет нас,WANDERING FOG,vk,Аудиостриминг,,,2,"0,01",0,ICECREAMMUSIC
5063833334273,Если бог забудет нас,WANDERING FOG,vk,Аудиостриминг,,,7,"0,02",0,ICECREAMMUSIC
5063833334273,Если бог забудет нас,WANDERING FOG,vk,Подписка,,,1,"0,03",0,ICECREAMMUSIC
5063833334273,Если бог забудет нас,WANDERING FOG,vk,Подписка,,,1,"0,04",0,ICECREAMMUSIC
5063833334273,Если бог забудет нас,WANDERING FOG,vk,Аудиостриминг,,,12,"0,04",0,ICECREAMMUSIC
5063833334273,Если бог забудет нас,WANDERING FOG,vk,Подписка,,,2,"0,08",0,ICECREAMMUSIC
5063833334273,Если бог забудет нас,WANDERING FOG,vk,Тексты песен,,,8,"0,27",0,ICECREAMMUSIC
5063833334273,Если бог забудет нас,WANDERING FOG,КИОН Музыка,Подписка,,,3,0,"0,21",ICECREAMMUSIC
5063833334273,Если бог забудет нас,WANDERING FOG,КИОН Музыка,Подписка,,,3,"0,05",0,ICECREAMMUSIC
5063833334273,Если бог забудет нас,WANDERING FOG,Одноклассники,Аудиостриминг,,,1,0,"0,02",ICECREAMMUSIC
5063833334273,Если бог забудет нас,WANDERING FOG,Яндекс.Музыка,Аудиостриминг,,,1,0,"0,01",ICECREAMMUSIC
5063833334273,Если бог забудет нас,WANDERING FOG,Яндекс.Музыка,Аудиостриминг,,,2,0,"0,01",ICECREAMMUSIC
5063833334273,Если бог забудет нас,WANDERING FOG,Яндекс.Музыка,Аудиостриминг,,,2,0,"0,01",ICECREAMMUSIC
5063833334273,Если бог забудет нас,WANDERING FOG,Яндекс.Музыка,Подписка,,,4,0,"0,15",ICECREAMMUSIC
5063833334273,Если бог забудет нас,WANDERING FOG,Яндекс.Музыка,Подписка,,,5,0,"0,18",ICECREAMMUSIC
5063833334273,Если бог забудет нас,WANDERING FOG,Яндекс.Музыка,Подписка,,,8,0,"0,29",ICECREAMMUSIC
5063833334273,Если бог забудет нас,WANDERING FOG,Яндекс.Музыка,Подписка,,,43,"0,24",0,ICECREAMMUSIC
5063833534765,Жду тебя,Марилакс,QQMusic,Аудиостриминг,,,1,0,"0,01",ICECREAMMUSIC
5063833534765,Жду тебя,Марилакс,vk,Аудиостриминг,,,1,0,"0,01",ICECREAMMUSIC
5063833534765,Жду тебя,Марилакс,vk,Аудиостриминг,,,4,0,"0,06",ICECREAMMUSIC
5063833534765,Жду тебя,Марилакс,vk,Аудиостриминг,,,7,0,"0,15",ICECREAMMUSIC
5063833534765,Жду тебя,Марилакс,vk,Подписка,,,1,0,"0,15",ICECREAMMUSIC
5063833534765,Жду тебя,Марилакс,vk,Аудиостриминг,,,11,0,"0,21",ICECREAMMUSIC
5063833534765,Жду тебя,Марилакс,vk,Аудиостриминг,,,23,"0,08",0,ICECREAMMUSIC
5063833534765,Жду тебя,Марилакс,vk,Аудиостриминг,,,41,"0,14",0,ICECREAMMUSIC
5063833534765,Жду тебя,Марилакс,vk,Аудиостриминг,,,60,"0,2",0,ICECREAMMUSIC
5063833534765,Жду тебя,Марилакс,vk,Тексты песен,,,8,"0,27",0,ICECREAMMUSIC
5063833534765,Жду тебя,Марилакс,vk,Подписка,,,8,"0,29",0,ICECREAMMUSIC
5063833534765,Жду тебя,Марилакс,vk,Подписка,,,8,"0,38",0,ICECREAMMUSIC
5063833534765,Жду тебя,Марилакс,vk,Подписка,,,12,"0,57",0,ICECREAMMUSIC
5063833534765,Жду тебя,Марилакс,КИОН Музыка,Подписка,,,10,0,"0,85",ICECREAMMUSIC
5063833534765,Жду тебя,Марилакс,КИОН Музыка,Подписка,,,10,"0,19",0,ICECREAMMUSIC
5063833534765,Жду тебя,Марилакс,Яндекс.Музыка,Аудиостриминг,,,1,0,"0,01",ICECREAMMUSIC
5063833534765,Жду тебя,Марилакс,Яндекс.Музыка,Аудиостриминг,,,3,0,"0,02",ICECREAMMUSIC
5063833534765,Жду тебя,Марилакс,Яндекс.Музыка,Аудиостриминг,,,5,0,"0,03",ICECREAMMUSIC
5063833534765,Жду тебя,Марилакс,Яндекс.Музыка,Аудиостриминг,,,7,0,"0,04",ICECREAMMUSIC
5063833534765,Жду тебя,Марилакс,Яндекс.Музыка,Аудиостриминг,,,9,0,"0,06",ICECREAMMUSIC
5063833534765,Жду тебя,Марилакс,Яндекс.Музыка,Подписка,,,20,0,"0,71",ICECREAMMUSIC
5063833534765,Жду тебя,Марилакс,Яндекс.Музыка,Подписка,,,26,0,"0,99",ICECREAMMUSIC
5063833534765,Жду тебя,Марилакс,Яндекс.Музыка,Подписка,,,34,0,"1,32",ICECREAMMUSIC
5063833534765,Жду тебя,Марилакс,Яндекс.Музыка,Подписка,,,136,"0,79",0,ICECREAMMUSIC
5063466248206,За Голос Мой Держись,NDanese13,vk,Аудиостриминг,,,1,0,0,ICECREAMMUSIC
5063466248206,За Голос Мой Держись,NDanese13,vk,Аудиостриминг,,,4,0,"0,06",ICECREAMMUSIC
5063466248206,За Голос Мой Держись,NDanese13,vk,Подписка,,,1,0,"0,06",ICECREAMMUSIC
5063466248206,За Голос Мой Держись,NDanese13,vk,Аудиостриминг,,,4,"0,01",0,ICECREAMMUSIC
5063466248206,За Голос Мой Держись,NDanese13,vk,Подписка,,,1,"0,01",0,ICECREAMMUSIC
5063466248206,За Голос Мой Держись,NDanese13,Яндекс.Музыка,Аудиостриминг,,,1,0,0,ICECREAMMUSIC
5063466248206,За Голос Мой Держись,NDanese13,Яндекс.Музыка,Аудиостриминг,,,1,0,0,ICECREAMMUSIC
5063466248206,За Голос Мой Держись,NDanese13,Яндекс.Музыка,Аудиостриминг,,,1,0,0,ICECREAMMUSIC
5063466248206,За Голос Мой Держись,NDanese13,Яндекс.Музыка,Подписка,,,1,0,"0,02",ICECREAMMUSIC
5063466248206,За Голос Мой Держись,NDanese13,Яндекс.Музыка,Подписка,,,2,0,"0,06",ICECREAMMUSIC
5063466248206,За Голос Мой Держись,NDanese13,Яндекс.Музыка,Подписка,,,4,0,"0,1",ICECREAMMUSIC
5063466248206,За Голос Мой Держись,NDanese13,Яндекс.Музыка,Подписка,,,9,"0,06",0,ICECREAMMUSIC
5063466776051,Заберу,CHEDLY,vk,Аудиостриминг,,,1,0,"0,01",ICECREAMMUSIC
5063466776051,Заберу,CHEDLY,vk,Аудиостриминг,,,1,0,"0,01",ICECREAMMUSIC
5063466776051,Заберу,CHEDLY,vk,Аудиостриминг,,,1,0,"0,02",ICECREAMMUSIC
5063466776051,Заберу,CHEDLY,vk,Аудиостриминг,,,2,0,"0,03",ICECREAMMUSIC
5063466776051,Заберу,CHEDLY,vk,Аудиостриминг,,,2,0,"0,03",ICECREAMMUSIC
5063466776051,Заберу,CHEDLY,vk,Подписка,,,1,0,"0,15",ICECREAMMUSIC
5063466776051,Заберу,CHEDLY,vk,Подписка,,,2,0,"0,25",ICECREAMMUSIC
5063466776051,Заберу,CHEDLY,vk,Аудиостриминг,,,2,"0,01",0,ICECREAMMUSIC
5063466776051,Заберу,CHEDLY,vk,Аудиостриминг,,,2,"0,01",0,ICECREAMMUSIC
5063466776051,Заберу,CHEDLY,vk,Подписка,,,1,"0,04",0,ICECREAMMUSIC
5063466776051,Заберу,CHEDLY,vk,Подписка,,,2,"0,06",0,ICECREAMMUSIC
5063466776051,Заберу,CHEDLY,vk,Тексты песен,,,5,"0,18",0,ICECREAMMUSIC
5063466776051,Заберу,CHEDLY,Яндекс.Музыка,Аудиостриминг,,,1,0,0,ICECREAMMUSIC
5063466776051,Заберу,CHEDLY,Яндекс.Музыка,Аудиостриминг,,,1,0,0,ICECREAMMUSIC
5063466776051,Заберу,CHEDLY,Яндекс.Музыка,Подписка,,,1,0,"0,02",ICECREAMMUSIC
5063466776051,Заберу,CHEDLY,Яндекс.Музыка,Подписка,,,3,0,"0,08",ICECREAMMUSIC
5063466776051,Заберу,CHEDLY,Яндекс.Музыка,Подписка,,,2,"0,01",0,ICECREAMMUSIC
5063635214278,Забудь про меня,WhiteFluffy,Звук,Подписка,,,1,0,"0,18",ICECREAMMUSIC
5063635214278,Забудь про меня,WhiteFluffy,Звук,Подписка,,,1,"0,03",0,ICECREAMMUSIC
5063635214278,Забудь про меня,WhiteFluffy,Одноклассники,Аудиостриминг,,,1,0,"0,02",ICECREAMMUSIC
5063635214278,Забудь про меня,WhiteFluffy,Яндекс.Музыка,Аудиостриминг,,,1,0,0,ICECREAMMUSIC
5063635214278,Забудь про меня,WhiteFluffy,Яндекс.Музыка,Аудиостриминг,,,1,0,0,ICECREAMMUSIC
5063635214278,Забудь про меня,WhiteFluffy,Яндекс.Музыка,Аудиостриминг,,,1,0,0,ICECREAMMUSIC
5063635214278,Забудь про меня,WhiteFluffy,Яндекс.Музыка,Подписка,,,3,0,"0,07",ICECREAMMUSIC
5063635214278,Забудь про меня,WhiteFluffy,Яндекс.Музыка,Подписка,,,3,0,"0,08",ICECREAMMUSIC
5063635214278,Забудь про меня,WhiteFluffy,Яндекс.Музыка,Подписка,,,3,0,"0,08",ICECREAMMUSIC
5063635214278,Забудь про меня,WhiteFluffy,Яндекс.Музыка,Подписка,,,4,"0,02",0,ICECREAMMUSIC
5063635188999,Забыть,CHEDLY,Иная дистрибуция,Видео,,,7,0,"0,11",ICECREAMMUSIC
5063635188999,Забыть,CHEDLY,Яндекс.Музыка,Аудиостриминг,,,1,0,0,ICECREAMMUSIC
5063635188999,Забыть,CHEDLY,Яндекс.Музыка,Аудиостриминг,,,1,0,0,ICECREAMMUSIC
5063635188999,Забыть,CHEDLY,Яндекс.Музыка,Аудиостриминг,,,1,0,0,ICECREAMMUSIC
5063635188999,Забыть,CHEDLY,Яндекс.Музыка,Аудиостриминг,,,1,0,"0,01",ICECREAMMUSIC
5063635188999,Забыть,CHEDLY,Яндекс.Музыка,Подписка,,,1,0,"0,02",ICECREAMMUSIC
5063635188999,Забыть,CHEDLY,Яндекс.Музыка,Подписка,,,1,0,"0,02",ICECREAMMUSIC
5063635188999,Забыть,CHEDLY,Яндекс.Музыка,Подписка,,,4,0,"0,1",ICECREAMMUSIC
5063635188999,Забыть,CHEDLY,Яндекс.Музыка,Подписка,,,4,"0,02",0,ICECREAMMUSIC
5063316585918,Зависим,STANN,Яндекс.Музыка,Аудиостриминг,,,1,0,0,Ckeabrona Beats
5063316585918,Зависим,STANN,Яндекс.Музыка,Подписка,,,1,0,"0,02",Ckeabrona Beats
5063316585918,Зависим,STANN,Яндекс.Музыка,Подписка,,,3,"0,01",0,Ckeabrona Beats
5063316966717,Замени мне солнце,CHEDLY,MusixMatch,Тексты песен,,,48,"0,05",0,ICECREAMMUSIC
5063316966717,Замени мне солнце,CHEDLY,MusixMatch,Тексты песен,,,13,"0,1",0,ICECREAMMUSIC
5063316966717,Замени мне солнце,CHEDLY,vk,Аудиостриминг,,,1,0,"0,01",ICECREAMMUSIC
5063316966717,Замени мне солнце,CHEDLY,vk,Аудиостриминг,,,1,0,"0,01",ICECREAMMUSIC
5063316966717,Замени мне солнце,CHEDLY,vk,Аудиостриминг,,,1,0,"0,01",ICECREAMMUSIC
5063316966717,Замени мне солнце,CHEDLY,vk,Аудиостриминг,,,1,0,"0,02",ICECREAMMUSIC
5063316966717,Замени мне солнце,CHEDLY,vk,Аудиостриминг,,,3,0,"0,05",ICECREAMMUSIC
5063316966717,Замени мне солнце,CHEDLY,vk,Подписка,,,1,0,"0,15",ICECREAMMUSIC
5063316966717,Замени мне солнце,CHEDLY,vk,Аудиостриминг,,,8,0,"0,16",ICECREAMMUSIC
5063316966717,Замени мне солнце,CHEDLY,vk,Подписка,,,2,0,"0,17",ICECREAMMUSIC
5063316966717,Замени мне солнце,CHEDLY,vk,Подписка,,,2,0,"0,3",ICECREAMMUSIC
5063316966717,Замени мне солнце,CHEDLY,vk,Аудиостриминг,,,3,"0,01",0,ICECREAMMUSIC
5063316966717,Замени мне солнце,CHEDLY,vk,Аудиостриминг,,,9,"0,03",0,ICECREAMMUSIC
5063316966717,Замени мне солнце,CHEDLY,vk,Подписка,,,1,"0,04",0,ICECREAMMUSIC
5063316966717,Замени мне солнце,CHEDLY,vk,Подписка,,,2,"0,04",0,ICECREAMMUSIC
5063316966717,Замени мне солнце,CHEDLY,vk,Подписка,,,2,"0,08",0,ICECREAMMUSIC
5063316966717,Замени мне солнце,CHEDLY,vk,Тексты песен,,,3,"0,09",0,ICECREAMMUSIC
5063316966717,Замени мне солнце,CHEDLY,Звук,Подписка,,,1,0,"0,2",ICECREAMMUSIC
5063316966717,Замени мне солнце,CHEDLY,КИОН Музыка,Аудиостриминг,,,1,0,"0,02",ICECREAMMUSIC
5063316966717,Замени мне солнце,CHEDLY,КИОН Музыка,Аудиостриминг,,,1,"0,01",0,ICECREAMMUSIC
5063316966717,Замени мне солнце,CHEDLY,Одноклассники,Аудиостриминг,,,1,0,"0,02",ICECREAMMUSIC
5063316966717,Замени мне солнце,CHEDLY,Одноклассники,Аудиостриминг,,,2,0,"0,03",ICECREAMMUSIC
5063316966717,Замени мне солнце,CHEDLY,Одноклассники,Аудиостриминг,,,11,0,"0,18",ICECREAMMUSIC
5063316966717,Замени мне солнце,CHEDLY,Одноклассники,Аудиостриминг,,,2,"0,01",0,ICECREAMMUSIC
5063316966717,Замени мне солнце,CHEDLY,Одноклассники,Аудиостриминг,,,11,"0,03",0,ICECREAMMUSIC
5063316966717,Замени мне солнце,CHEDLY,Яндекс.Музыка,Аудиостриминг,,,1,0,0,ICECREAMMUSIC
5063316966717,Замени мне солнце,CHEDLY,Яндекс.Музыка,Аудиостриминг,,,1,0,0,ICECREAMMUSIC
5063316966717,Замени мне солнце,CHEDLY,Яндекс.Музыка,Аудиостриминг,,,1,0,"0,01",ICECREAMMUSIC
5063316966717,Замени мне солнце,CHEDLY,Яндекс.Музыка,Подписка,,,2,0,"0,05",ICECREAMMUSIC
5063316966717,Замени мне солнце,CHEDLY,Яндекс.Музыка,Подписка,,,4,0,"0,1",ICECREAMMUSIC
5063316966717,Замени мне солнце,CHEDLY,Яндекс.Музыка,Подписка,,,4,0,"0,13",ICECREAMMUSIC
5063316966717,Замени мне солнце,CHEDLY,Яндекс.Музыка,Подписка,,,12,"0,06",0,ICECREAMMUSIC
5063635197748,Замерзло,VYSHUTIN,MusixMatch,Тексты песен,,,5,"0,02",0,ICECREAMMUSIC
5063635197748,Замерзло,VYSHUTIN,SoundCloud,Аудиостриминг,,,1,0,"0,03",ICECREAMMUSIC
5063635197748,Замерзло,VYSHUTIN,vk,Аудиостриминг,,,1,0,"0,01",ICECREAMMUSIC
5063635197748,Замерзло,VYSHUTIN,vk,Аудиостриминг,,,2,0,"0,05",ICECREAMMUSIC
5063635197748,Замерзло,VYSHUTIN,vk,Аудиостриминг,,,3,0,"0,06",ICECREAMMUSIC
5063635197748,Замерзло,VYSHUTIN,vk,Подписка,,,3,0,"0,2",ICECREAMMUSIC
5063635197748,Замерзло,VYSHUTIN,vk,Подписка,,,11,0,"1,13",ICECREAMMUSIC
5063635197748,Замерзло,VYSHUTIN,vk,Подписка,,,14,0,"1,43",ICECREAMMUSIC
5063635197748,Замерзло,VYSHUTIN,vk,Подписка,,,3,"0,05",0,ICECREAMMUSIC
5063635197748,Замерзло,VYSHUTIN,vk,Подписка,,,12,"0,28",0,ICECREAMMUSIC
5063635197748,Замерзло,VYSHUTIN,vk,Подписка,,,16,"0,35",0,ICECREAMMUSIC
5063635841863,ЗАМИРАЮ,BARCETON,MusixMatch,Тексты песен,,,48,"0,23",0,ICECREAMMUSIC
5063635841863,ЗАМИРАЮ,BARCETON,vk,Аудиостриминг,,,3,0,"0,05",ICECREAMMUSIC
5063635841863,ЗАМИРАЮ,BARCETON,vk,Аудиостриминг,,,3,"0,01",0,ICECREAMMUSIC
5063635841863,ЗАМИРАЮ,BARCETON,Яндекс.Музыка,Аудиостриминг,,,1,0,"0,01",ICECREAMMUSIC
5063635841863,ЗАМИРАЮ,BARCETON,Яндекс.Музыка,Аудиостриминг,,,2,0,"0,01",ICECREAMMUSIC
5063635841863,ЗАМИРАЮ,BARCETON,Яндекс.Музыка,Подписка,,,4,0,"0,15",ICECREAMMUSIC
5063635841863,ЗАМИРАЮ,BARCETON,Яндекс.Музыка,Подписка,,,5,0,"0,18",ICECREAMMUSIC
5063635841863,ЗАМИРАЮ,BARCETON,Яндекс.Музыка,Подписка,,,5,"0,03",0,ICECREAMMUSIC
5063466299772,Звезда,"BrightSam, Kolgran, BrightArn",vk,Аудиостриминг,,,1,0,0,ICECREAMMUSIC
5063466299772,Звезда,"BrightSam, Kolgran, BrightArn",vk,Аудиостриминг,,,2,0,"0,03",ICECREAMMUSIC
5063466299772,Звезда,"BrightSam, Kolgran, BrightArn",vk,Подписка,,,1,0,"0,06",ICECREAMMUSIC
5063466299772,Звезда,"BrightSam, Kolgran, BrightArn",vk,Аудиостриминг,,,8,0,"0,16",ICECREAMMUSIC
5063466299772,Звезда,"BrightSam, Kolgran, BrightArn",vk,Аудиостриминг,,,2,"0,01",0,ICECREAMMUSIC
5063466299772,Звезда,"BrightSam, Kolgran, BrightArn",vk,Подписка,,,1,"0,02",0,ICECREAMMUSIC
5063466299772,Звезда,"BrightSam, Kolgran, BrightArn",vk,Аудиостриминг,,,9,"0,03",0,ICECREAMMUSIC
5063466299772,Звезда,"BrightSam, Kolgran, BrightArn",КИОН Музыка,Подписка,,,1,0,"0,07",ICECREAMMUSIC
5063466299772,Звезда,"BrightSam, Kolgran, BrightArn",КИОН Музыка,Подписка,,,1,"0,02",0,ICECREAMMUSIC
5063466299772,Звезда,"BrightSam, Kolgran, BrightArn",Яндекс.Музыка,Аудиостриминг,,,1,0,0,ICECREAMMUSIC
5063466299772,Звезда,"BrightSam, Kolgran, BrightArn",Яндекс.Музыка,Аудиостриминг,,,2,0,"0,01",ICECREAMMUSIC
5063466299772,Звезда,"BrightSam, Kolgran, BrightArn",Яндекс.Музыка,Аудиостриминг,,,2,0,"0,01",ICECREAMMUSIC
5063466299772,Звезда,"BrightSam, Kolgran, BrightArn",Яндекс.Музыка,Подписка,,,3,0,"0,08",ICECREAMMUSIC
5063466299772,Звезда,"BrightSam, Kolgran, BrightArn",Яндекс.Музыка,Подписка,,,8,0,"0,27",ICECREAMMUSIC
5063466299772,Звезда,"BrightSam, Kolgran, BrightArn",Яндекс.Музыка,Подписка,,,8,0,"0,28",ICECREAMMUSIC
5063466299772,Звезда,"BrightSam, Kolgran, BrightArn",Яндекс.Музыка,Подписка,,,34,"0,2",0,ICECREAMMUSIC
5063833332866,Земля,"WhiteFluffy, s1eepy",vk,Аудиостриминг,,,1,0,"0,02",ICECREAMMUSIC
5063833332866,Земля,"WhiteFluffy, s1eepy",vk,Аудиостриминг,,,2,0,"0,03",ICECREAMMUSIC
5063833332866,Земля,"WhiteFluffy, s1eepy",vk,Аудиостриминг,,,2,"0,01",0,ICECREAMMUSIC
5063833332866,Земля,"WhiteFluffy, s1eepy",YouTube,Аудиостриминг,,,4,0,"0,26",ICECREAMMUSIC
5063833332866,Земля,"WhiteFluffy, s1eepy",YouTube,Аудио,,,2,0,"0,35",ICECREAMMUSIC
5063833332866,Земля,"WhiteFluffy, s1eepy",Яндекс.Музыка,Аудиостриминг,,,1,0,0,ICECREAMMUSIC
5063833332866,Земля,"WhiteFluffy, s1eepy",Яндекс.Музыка,Аудиостриминг,,,1,0,0,ICECREAMMUSIC
5063833332866,Земля,"WhiteFluffy, s1eepy",Яндекс.Музыка,Аудиостриминг,,,2,0,"0,01",ICECREAMMUSIC
5063833332866,Земля,"WhiteFluffy, s1eepy",Яндекс.Музыка,Подписка,,,2,0,"0,06",ICECREAMMUSIC
5063833332866,Земля,"WhiteFluffy, s1eepy",Яндекс.Музыка,Подписка,,,3,0,"0,08",ICECREAMMUSIC
5063833332866,Земля,"WhiteFluffy, s1eepy",Яндекс.Музыка,Подписка,,,5,0,"0,17",ICECREAMMUSIC
5063833332866,Земля,"WhiteFluffy, s1eepy",Яндекс.Музыка,Подписка,,,17,"0,1",0,ICECREAMMUSIC
5063635188975,Зима,ASTAPOV,MusixMatch,Тексты песен,,,14,"0,02",0,ICECREAMMUSIC
5063635188975,Зима,ASTAPOV,vk,Аудиостриминг,,,1,0,"0,02",ICECREAMMUSIC
5063635188975,Зима,ASTAPOV,КИОН Музыка,Подписка,,,10,0,"0,85",ICECREAMMUSIC
5063635188975,Зима,ASTAPOV,КИОН Музыка,Подписка,,,10,"0,19",0,ICECREAMMUSIC
5063635188975,Зима,ASTAPOV,Яндекс.Музыка,Аудиостриминг,,,1,0,0,ICECREAMMUSIC
5063635188975,Зима,ASTAPOV,Яндекс.Музыка,Аудиостриминг,,,1,0,0,ICECREAMMUSIC
5063635188975,Зима,ASTAPOV,Яндекс.Музыка,Подписка,,,2,0,"0,06",ICECREAMMUSIC
5063635188975,Зима,ASTAPOV,Яндекс.Музыка,Подписка,,,3,0,"0,08",ICECREAMMUSIC
5063635188975,Зима,ASTAPOV,Яндекс.Музыка,Подписка,,,3,"0,01",0,ICECREAMMUSIC
5063316585918,Знала бы ты,STANN,vk,Аудиостриминг,,,1,0,"0,01",Ckeabrona Beats
5063316585918,Знала бы ты,STANN,vk,Аудиостриминг,,,3,0,"0,05",Ckeabrona Beats
5063316585918,Знала бы ты,STANN,vk,Подписка,,,1,0,"0,13",Ckeabrona Beats
5063316585918,Знала бы ты,STANN,vk,Аудиостриминг,,,3,"0,01",0,Ckeabrona Beats
5063316585918,Знала бы ты,STANN,vk,Подписка,,,1,"0,03",0,Ckeabrona Beats
5063316585918,Знала бы ты,STANN,Звук,Подписка,,,1,0,"0,2",Ckeabrona Beats
5063316585918,Знала бы ты,STANN,Одноклассники,Аудиостриминг,,,1,0,"0,02",Ckeabrona Beats
5063316585918,Знала бы ты,STANN,Одноклассники,Аудиостриминг,,,19,0,"0,33",Ckeabrona Beats
5063316585918,Знала бы ты,STANN,Одноклассники,Аудиостриминг,,,19,"0,06",0,Ckeabrona Beats
5063316585918,Знала бы ты,STANN,Яндекс.Музыка,Аудиостриминг,,,1,0,0,Ckeabrona Beats
5063316585918,Знала бы ты,STANN,Яндекс.Музыка,Аудиостриминг,,,1,0,0,Ckeabrona Beats
5063316585918,Знала бы ты,STANN,Яндекс.Музыка,Аудиостриминг,,,2,0,"0,01",Ckeabrona Beats
5063316585918,Знала бы ты,STANN,Яндекс.Музыка,Подписка,,,1,0,"0,02",Ckeabrona Beats
5063316585918,Знала бы ты,STANN,Яндекс.Музыка,Подписка,,,2,0,"0,06",Ckeabrona Beats
5063316585918,Знала бы ты,STANN,Яндекс.Музыка,Подписка,,,5,0,"0,17",Ckeabrona Beats
5063316585918,Знала бы ты,STANN,Яндекс.Музыка,Подписка,,,12,"0,07",0,Ckeabrona Beats
5063635931755,"Иисус, Ты ведёшь меня",Maria Kalugina,vk,Аудиостриминг,,,3,0,"0,05",ICECREAMMUSIC
5063635931755,"Иисус, Ты ведёшь меня",Maria Kalugina,vk,Аудиостриминг,,,4,0,"0,06",ICECREAMMUSIC
5063635931755,"Иисус, Ты ведёшь меня",Maria Kalugina,vk,Аудиостриминг,,,4,0,"0,07",ICECREAMMUSIC
5063635931755,"Иисус, Ты ведёшь меня",Maria Kalugina,vk,Аудиостриминг,,,3,"0,01",0,ICECREAMMUSIC
5063635931755,"Иисус, Ты ведёшь меня",Maria Kalugina,vk,Аудиостриминг,,,4,"0,01",0,ICECREAMMUSIC
5063635931755,"Иисус, Ты ведёшь меня",Maria Kalugina,vk,Аудиостриминг,,,4,"0,01",0,ICECREAMMUSIC
5063635931755,"Иисус, Ты ведёшь меня",Maria Kalugina,vk,Тексты песен,,,3,"0,09",0,ICECREAMMUSIC
5063635931755,"Иисус, Ты ведёшь меня",Maria Kalugina,YouTube,Аудио,,,2,0,"0,02",ICECREAMMUSIC
5063635931755,"Иисус, Ты ведёшь меня",Maria Kalugina,YouTube,Аудиостриминг,,,2,0,"0,02",ICECREAMMUSIC
5063635931755,"Иисус, Ты ведёшь меня",Maria Kalugina,КИОН Музыка,Аудиостриминг,,,5,0,"0,12",ICECREAMMUSIC
5063635931755,"Иисус, Ты ведёшь меня",Maria Kalugina,КИОН Музыка,Подписка,,,42,0,"3,67",ICECREAMMUSIC
5063635931755,"Иисус, Ты ведёшь меня",Maria Kalugina,КИОН Музыка,Аудиостриминг,,,5,"0,03",0,ICECREAMMUSIC
5063635931755,"Иисус, Ты ведёшь меня",Maria Kalugina,КИОН Музыка,Подписка,,,42,"0,8",0,ICECREAMMUSIC
5063635931755,"Иисус, Ты ведёшь меня",Maria Kalugina,Одноклассники,Аудиостриминг,,,1,0,"0,02",ICECREAMMUSIC
5063635931755,"Иисус, Ты ведёшь меня",Maria Kalugina,Яндекс.Музыка,Аудиостриминг,,,1,0,"0,01",ICECREAMMUSIC
5063635931755,"Иисус, Ты ведёшь меня",Maria Kalugina,Яндекс.Музыка,Аудиостриминг,,,2,0,"0,01",ICECREAMMUSIC
5063635931755,"Иисус, Ты ведёшь меня",Maria Kalugina,Яндекс.Музыка,Аудиостриминг,,,3,0,"0,01",ICECREAMMUSIC
5063635931755,"Иисус, Ты ведёшь меня",Maria Kalugina,Яндекс.Музыка,Аудиостриминг,,,3,0,"0,02",ICECREAMMUSIC
5063635931755,"Иисус, Ты ведёшь меня",Maria Kalugina,Яндекс.Музыка,Подписка,,,7,0,"0,22",ICECREAMMUSIC
5063635931755,"Иисус, Ты ведёшь меня",Maria Kalugina,Яндекс.Музыка,Подписка,,,10,0,"0,34",ICECREAMMUSIC
5063635931755,"Иисус, Ты ведёшь меня",Maria Kalugina,Яндекс.Музыка,Подписка,,,11,0,"0,41",ICECREAMMUSIC
5063635931755,"Иисус, Ты ведёшь меня",Maria Kalugina,Яндекс.Музыка,Подписка,,,38,"0,22",0,ICECREAMMUSIC
5063316738123,Интро,WIZKEY,КИОН Музыка,Аудиостриминг,,,1,0,"0,02",ICECREAMMUSIC
5063316738123,Интро,WIZKEY,КИОН Музыка,Подписка,,,2,0,"0,14",ICECREAMMUSIC
5063316738123,Интро,WIZKEY,КИОН Музыка,Аудиостриминг,,,1,"0,01",0,ICECREAMMUSIC
5063316738123,Интро,WIZKEY,КИОН Музыка,Подписка,,,2,"0,03",0,ICECREAMMUSIC
5063316738123,Интро,WIZKEY,Одноклассники,Аудиостриминг,,,2,0,"0,03",ICECREAMMUSIC
5063316738123,Интро,WIZKEY,Одноклассники,Аудиостриминг,,,2,0,"0,03",ICECREAMMUSIC
5063316738123,Интро,WIZKEY,Одноклассники,Аудиостриминг,,,2,"0,01",0,ICECREAMMUSIC
5063316738123,Интро,WIZKEY,Одноклассники,Аудиостриминг,,,2,"0,01",0,ICECREAMMUSIC
5063316738123,Интро,WIZKEY,Яндекс.Музыка,Аудиостриминг,,,1,0,0,ICECREAMMUSIC
5063316738123,Интро,WIZKEY,Яндекс.Музыка,Аудиостриминг,,,1,0,0,ICECREAMMUSIC
5063316738123,Интро,WIZKEY,Яндекс.Музыка,Подписка,,,1,0,"0,02",ICECREAMMUSIC
5063316738123,Интро,WIZKEY,Яндекс.Музыка,Подписка,,,1,0,"0,02",ICECREAMMUSIC
5063316738123,Интро,WIZKEY,Яндекс.Музыка,Подписка,,,2,"0,01",0,ICECREAMMUSIC
5063316738123,Искра,WIZKEY,Яндекс.Музыка,Аудиостриминг,,,1,0,0,ICECREAMMUSIC
5063316738123,Искра,WIZKEY,Яндекс.Музыка,Подписка,,,1,0,"0,02",ICECREAMMUSIC
5063635822138,К.Д.Д.С.,"ilyxinadgo, s1eepy, WhiteFluffy",SoundCloud,Аудиостриминг,,,1,0,"0,03",ICECREAMMUSIC
5063635822138,К.Д.Д.С.,"ilyxinadgo, s1eepy, WhiteFluffy",SoundCloud,Аудиостриминг,,,2,0,"0,07",ICECREAMMUSIC
5063635822138,К.Д.Д.С.,"ilyxinadgo, s1eepy, WhiteFluffy",Spotify,Подписка,,,2,"0,02",0,ICECREAMMUSIC
5063635822138,К.Д.Д.С.,"ilyxinadgo, s1eepy, WhiteFluffy",vk,Аудиостриминг,,,1,0,"0,02",ICECREAMMUSIC
5063635822138,К.Д.Д.С.,"ilyxinadgo, s1eepy, WhiteFluffy",vk,Аудиостриминг,,,4,0,"0,06",ICECREAMMUSIC
5063635822138,К.Д.Д.С.,"ilyxinadgo, s1eepy, WhiteFluffy",vk,Подписка,,,3,0,"0,47",ICECREAMMUSIC
5063635822138,К.Д.Д.С.,"ilyxinadgo, s1eepy, WhiteFluffy",vk,Пробная подписка,,,1,0,"0,62",ICECREAMMUSIC
5063635822138,К.Д.Д.С.,"ilyxinadgo, s1eepy, WhiteFluffy",vk,Пробная подписка,,,2,0,"0,7",ICECREAMMUSIC
5063635822138,К.Д.Д.С.,"ilyxinadgo, s1eepy, WhiteFluffy",vk,Пробная подписка,,,6,0,"2,47",ICECREAMMUSIC
5063635822138,К.Д.Д.С.,"ilyxinadgo, s1eepy, WhiteFluffy",vk,Аудиостриминг,,,4,"0,01",0,ICECREAMMUSIC
5063635822138,К.Д.Д.С.,"ilyxinadgo, s1eepy, WhiteFluffy",vk,Подписка,,,3,"0,11",0,ICECREAMMUSIC
5063635822138,К.Д.Д.С.,"ilyxinadgo, s1eepy, WhiteFluffy",vk,Пробная подписка,,,1,"0,15",0,ICECREAMMUSIC
5063635822138,К.Д.Д.С.,"ilyxinadgo, s1eepy, WhiteFluffy",vk,Пробная подписка,,,2,"0,17",0,ICECREAMMUSIC
5063635822138,К.Д.Д.С.,"ilyxinadgo, s1eepy, WhiteFluffy",vk,Пробная подписка,,,6,"0,62",0,ICECREAMMUSIC
5063635822138,К.Д.Д.С.,"ilyxinadgo, s1eepy, WhiteFluffy",Одноклассники,Аудиостриминг,,,1,0,"0,02",ICECREAMMUSIC
5063635822138,К.Д.Д.С.,"ilyxinadgo, s1eepy, WhiteFluffy",Яндекс.Музыка,Аудиостриминг,,,1,0,"0,01",ICECREAMMUSIC
5063635822138,К.Д.Д.С.,"ilyxinadgo, s1eepy, WhiteFluffy",Яндекс.Музыка,Аудиостриминг,,,1,0,"0,01",ICECREAMMUSIC
5063635822138,К.Д.Д.С.,"ilyxinadgo, s1eepy, WhiteFluffy",Яндекс.Музыка,Аудиостриминг,,,2,0,"0,01",ICECREAMMUSIC
5063635822138,К.Д.Д.С.,"ilyxinadgo, s1eepy, WhiteFluffy",Яндекс.Музыка,Аудиостриминг,,,3,0,"0,02",ICECREAMMUSIC
5063635822138,К.Д.Д.С.,"ilyxinadgo, s1eepy, WhiteFluffy",Яндекс.Музыка,Подписка,,,4,0,"0,13",ICECREAMMUSIC
5063635822138,К.Д.Д.С.,"ilyxinadgo, s1eepy, WhiteFluffy",Яндекс.Музыка,Подписка,,,6,0,"0,2",ICECREAMMUSIC
5063635822138,К.Д.Д.С.,"ilyxinadgo, s1eepy, WhiteFluffy",Яндекс.Музыка,Подписка,,,10,0,"0,36",ICECREAMMUSIC
5063635822138,К.Д.Д.С.,"ilyxinadgo, s1eepy, WhiteFluffy",Яндекс.Музыка,Подписка,,,14,"0,08",0,ICECREAMMUSIC
5063945045005,Как в старые злые,The Paket Clan,vk,Аудиостриминг,,,1,0,"0,02",ICECREAMMUSIC
5063945045005,Как в старые злые,The Paket Clan,vk,Аудиостриминг,,,1,0,"0,02",ICECREAMMUSIC
5063945045005,Как в старые злые,The Paket Clan,vk,Аудиостриминг,,,2,0,"0,08",ICECREAMMUSIC
5063945045005,Как в старые злые,The Paket Clan,vk,Аудиостриминг,,,17,0,"0,34",ICECREAMMUSIC
5063945045005,Как в старые злые,The Paket Clan,vk,Подписка,,,11,0,"1,72",ICECREAMMUSIC
5063945045005,Как в старые злые,The Paket Clan,vk,Аудиостриминг,,,19,"0,06",0,ICECREAMMUSIC
5063945045005,Как в старые злые,The Paket Clan,vk,Подписка,,,12,"0,42",0,ICECREAMMUSIC
5063466977731,КАК ТЫ ЗАРАБОТАЛА?),ФЕНИКС,MusixMatch,Тексты песен,,,23,"0,05",0,ICECREAMMUSIC
5063466977731,КАК ТЫ ЗАРАБОТАЛА?),ФЕНИКС,vk,Аудиостриминг,,,1,0,"0,01",ICECREAMMUSIC
5063466977731,КАК ТЫ ЗАРАБОТАЛА?),ФЕНИКС,vk,Аудиостриминг,,,1,0,"0,01",ICECREAMMUSIC
5063466977731,КАК ТЫ ЗАРАБОТАЛА?),ФЕНИКС,vk,Аудиостриминг,,,2,0,"0,03",ICECREAMMUSIC
5063466977731,КАК ТЫ ЗАРАБОТАЛА?),ФЕНИКС,vk,Аудиостриминг,,,2,0,"0,03",ICECREAMMUSIC
5063466977731,КАК ТЫ ЗАРАБОТАЛА?),ФЕНИКС,vk,Подписка,,,1,0,"0,15",ICECREAMMUSIC
5063466977731,КАК ТЫ ЗАРАБОТАЛА?),ФЕНИКС,vk,Подписка,,,2,0,"0,25",ICECREAMMUSIC
5063466977731,КАК ТЫ ЗАРАБОТАЛА?),ФЕНИКС,vk,Аудиостриминг,,,2,"0,01",0,ICECREAMMUSIC
5063466977731,КАК ТЫ ЗАРАБОТАЛА?),ФЕНИКС,vk,Аудиостриминг,,,2,"0,01",0,ICECREAMMUSIC
5063466977731,КАК ТЫ ЗАРАБОТАЛА?),ФЕНИКС,vk,Подписка,,,1,"0,04",0,ICECREAMMUSIC
5063466977731,КАК ТЫ ЗАРАБОТАЛА?),ФЕНИКС,vk,Подписка,,,2,"0,06",0,ICECREAMMUSIC
5063466977731,КАК ТЫ ЗАРАБОТАЛА?),ФЕНИКС,YouTube,Аудиостриминг,,,23,0,"0,05",ICECREAMMUSIC
5063466977731,КАК ТЫ ЗАРАБОТАЛА?),ФЕНИКС,YouTube,Аудио,,,21,0,"0,06",ICECREAMMUSIC
5063466977731,КАК ТЫ ЗАРАБОТАЛА?),ФЕНИКС,YouTube,Аудио,,,26,0,"0,17",ICECREAMMUSIC
5063466977731,КАК ТЫ ЗАРАБОТАЛА?),ФЕНИКС,YouTube Music,Подписка,,,5,0,"2,35",ICECREAMMUSIC
5063466977731,КАК ТЫ ЗАРАБОТАЛА?),ФЕНИКС,YouTube Premium,Подписка,,,2,0,"0,31",ICECREAMMUSIC
5063466977731,КАК ТЫ ЗАРАБОТАЛА?),ФЕНИКС,Звук,Подписка,,,1,0,"0,2",ICECREAMMUSIC
5063466977731,КАК ТЫ ЗАРАБОТАЛА?),ФЕНИКС,Звук,Подписка,,,8,0,"1,85",ICECREAMMUSIC
5063466977731,КАК ТЫ ЗАРАБОТАЛА?),ФЕНИКС,Звук,Подписка,,,22,"0,72",0,ICECREAMMUSIC
5063466977731,КАК ТЫ ЗАРАБОТАЛА?),ФЕНИКС,КИОН Музыка,Подписка,,,1,0,"0,07",ICECREAMMUSIC
5063466977731,КАК ТЫ ЗАРАБОТАЛА?),ФЕНИКС,КИОН Музыка,Подписка,,,1,"0,02",0,ICECREAMMUSIC
5063466977731,КАК ТЫ ЗАРАБОТАЛА?),ФЕНИКС,Одноклассники,Аудиостриминг,,,1,0,"0,02",ICECREAMMUSIC
5063466977731,КАК ТЫ ЗАРАБОТАЛА?),ФЕНИКС,Сервисы АДВ Мьюзик,Аудиостриминг,,,2,0,"0,05",ICECREAMMUSIC
5063466977731,КАК ТЫ ЗАРАБОТАЛА?),ФЕНИКС,Сервисы АДВ Мьюзик,Аудиостриминг,,,2,"0,01",0,ICECREAMMUSIC
5063466977731,КАК ТЫ ЗАРАБОТАЛА?),ФЕНИКС,Яндекс.Музыка,Аудиостриминг,,,4,0,"0,02",ICECREAMMUSIC
5063466977731,КАК ТЫ ЗАРАБОТАЛА?),ФЕНИКС,Яндекс.Музыка,Аудиостриминг,,,6,0,"0,03",ICECREAMMUSIC
5063466977731,КАК ТЫ ЗАРАБОТАЛА?),ФЕНИКС,Яндекс.Музыка,Аудиостриминг,,,6,0,"0,04",ICECREAMMUSIC
5063466977731,КАК ТЫ ЗАРАБОТАЛА?),ФЕНИКС,Яндекс.Музыка,Подписка,,,13,0,"0,46",ICECREAMMUSIC
5063466977731,КАК ТЫ ЗАРАБОТАЛА?),ФЕНИКС,Яндекс.Музыка,Подписка,,,21,0,"0,81",ICECREAMMUSIC
5063466977731,КАК ТЫ ЗАРАБОТАЛА?),ФЕНИКС,Яндекс.Музыка,Подписка,,,24,0,"0,92",ICECREAMMUSIC
5063466977731,КАК ТЫ ЗАРАБОТАЛА?),ФЕНИКС,Яндекс.Музыка,Подписка,,,65,"0,38",0,ICECREAMMUSIC
5063466678690,Калининград,Spirit Glam,MusixMatch,Тексты песен,,,11,"0,05",0,ICECREAMMUSIC
5063466678690,Калининград,Spirit Glam,TikTok,Видео,,,1,0,"0,02",ICECREAMMUSIC
5063466678690,Калининград,Spirit Glam,vk,Аудиостриминг,,,1,0,"0,02",ICECREAMMUSIC
5063466678690,Калининград,Spirit Glam,vk,Аудиостриминг,,,1,0,"0,03",ICECREAMMUSIC
5063466678690,Калининград,Spirit Glam,vk,Аудиостриминг,,,2,0,"0,04",ICECREAMMUSIC
5063466678690,Калининград,Spirit Glam,vk,Аудиостриминг,,,5,0,"0,09",ICECREAMMUSIC
5063466678690,Калининград,Spirit Glam,vk,Аудиостриминг,,,16,0,"0,32",ICECREAMMUSIC
5063466678690,Калининград,Spirit Glam,vk,Аудиостриминг,,,21,0,"0,44",ICECREAMMUSIC
5063466678690,Калининград,Spirit Glam,vk,Подписка,,,6,0,"0,5",ICECREAMMUSIC
5063466678690,Калининград,Spirit Glam,vk,Подписка,,,6,0,"0,76",ICECREAMMUSIC
5063466678690,Калининград,Spirit Glam,vk,Подписка,,,7,0,"0,97",ICECREAMMUSIC
5063466678690,Калининград,Spirit Glam,vk,Аудиостриминг,,,5,"0,02",0,ICECREAMMUSIC
5063466678690,Калининград,Spirit Glam,vk,Аудиостриминг,,,18,"0,06",0,ICECREAMMUSIC
5063466678690,Калининград,Spirit Glam,vk,Аудиостриминг,,,24,"0,08",0,ICECREAMMUSIC
5063466678690,Калининград,Spirit Glam,vk,Подписка,,,6,"0,13",0,ICECREAMMUSIC
5063466678690,Калининград,Spirit Glam,vk,Подписка,,,6,"0,19",0,ICECREAMMUSIC
5063466678690,Калининград,Spirit Glam,vk,Подписка,,,8,"0,24",0,ICECREAMMUSIC
5063466678690,Калининград,Spirit Glam,YouTube Premium,Подписка,,,2,0,"0,12",ICECREAMMUSIC
5063466678690,Калининград,Spirit Glam,Звук,Подписка,,,2,0,"0,37",ICECREAMMUSIC
5063466678690,Калининград,Spirit Glam,Звук,Подписка,,,4,0,"0,76",ICECREAMMUSIC
5063466678690,Калининград,Spirit Glam,Звук,Подписка,,,4,"0,1",0,ICECREAMMUSIC
5063466678690,Калининград,Spirit Glam,Иная дистрибуция,Видео,,,12,0,"0,01",ICECREAMMUSIC
5063466678690,Калининград,Spirit Glam,Яндекс.Музыка,Аудиостриминг,,,8,0,"0,05",ICECREAMMUSIC
5063466678690,Калининград,Spirit Glam,Яндекс.Музыка,Аудиостриминг,,,11,0,"0,07",ICECREAMMUSIC
5063466678690,Калининград,Spirit Glam,Яндекс.Музыка,Аудиостриминг,,,13,0,"0,08",ICECREAMMUSIC
5063466678690,Калининград,Spirit Glam,Яндекс.Музыка,Подписка,,,32,0,"1,25",ICECREAMMUSIC
5063466678690,Калининград,Spirit Glam,Яндекс.Музыка,Подписка,,,44,0,"1,74",ICECREAMMUSIC
5063466678690,Калининград,Spirit Glam,Яндекс.Музыка,Подписка,,,52,0,"1,98",ICECREAMMUSIC
5063466678690,Калининград,Spirit Glam,Яндекс.Музыка,Подписка,,,136,"0,78",0,ICECREAMMUSIC
5063466827456,Карма,VYSHUTIN,MusixMatch,Тексты песен,,,7,"0,06",0,ICECREAMMUSIC
5063466827456,Карма,VYSHUTIN,Spotify,Аудиостриминг,,,342,"0,03",0,ICECREAMMUSIC
5063466827456,Карма,VYSHUTIN,Spotify,Подписка,,,8,"0,11",0,ICECREAMMUSIC
5063466827456,Карма,VYSHUTIN,Spotify,Аудиостриминг,,,897,"0,18",0,ICECREAMMUSIC
5063466827456,Карма,VYSHUTIN,Spotify,Подписка,,,99,"1,26",0,ICECREAMMUSIC
5063466827456,Карма,VYSHUTIN,vk,Аудиостриминг,,,1,0,"0,01",ICECREAMMUSIC
5063466827456,Карма,VYSHUTIN,vk,Аудиостриминг,,,2,0,"0,03",ICECREAMMUSIC
5063466827456,Карма,VYSHUTIN,vk,Аудиостриминг,,,2,0,"0,04",ICECREAMMUSIC
5063466827456,Карма,VYSHUTIN,vk,Аудиостриминг,,,12,0,"0,25",ICECREAMMUSIC
5063466827456,Карма,VYSHUTIN,vk,Подписка,,,3,0,"0,26",ICECREAMMUSIC
5063466827456,Карма,VYSHUTIN,vk,Аудиостриминг,,,14,0,"0,27",ICECREAMMUSIC
5063466827456,Карма,VYSHUTIN,vk,Аудиостриминг,,,34,0,"0,73",ICECREAMMUSIC
5063466827456,Карма,VYSHUTIN,vk,Подписка,,,7,0,"0,75",ICECREAMMUSIC
5063466827456,Карма,VYSHUTIN,vk,Подписка,,,9,0,"0,98",ICECREAMMUSIC
5063466827456,Карма,VYSHUTIN,vk,Аудиостриминг,,,14,"0,05",0,ICECREAMMUSIC
5063466827456,Карма,VYSHUTIN,vk,Аудиостриминг,,,16,"0,06",0,ICECREAMMUSIC
5063466827456,Карма,VYSHUTIN,vk,Подписка,,,3,"0,06",0,ICECREAMMUSIC
5063466827456,Карма,VYSHUTIN,vk,Тексты песен,,,3,"0,09",0,ICECREAMMUSIC
5063466827456,Карма,VYSHUTIN,vk,Аудиостриминг,,,40,"0,14",0,ICECREAMMUSIC
5063466827456,Карма,VYSHUTIN,vk,Подписка,,,8,"0,18",0,ICECREAMMUSIC
5063466827456,Карма,VYSHUTIN,vk,Подписка,,,10,"0,24",0,ICECREAMMUSIC
5063466827456,Карма,VYSHUTIN,YouTube,Аудио,,,4,0,"0,02",ICECREAMMUSIC
5063466827456,Карма,VYSHUTIN,YouTube Premium,Подписка,,,2,0,"0,09",ICECREAMMUSIC
5063466827456,Карма,VYSHUTIN,YouTube Premium,Подписка,,,7,0,"0,64",ICECREAMMUSIC
5063466827456,Карма,VYSHUTIN,Одноклассники,Аудиостриминг,,,1,0,"0,02",ICECREAMMUSIC
5063466827456,Карма,VYSHUTIN,Яндекс.Музыка,Аудиостриминг,,,1,0,0,ICECREAMMUSIC
5063466827456,Карма,VYSHUTIN,Яндекс.Музыка,Подписка,,,4,0,"0,1",ICECREAMMUSIC
5063466827456,Карма,VYSHUTIN,Яндекс.Музыка,Подписка,,,4,"0,02",0,ICECREAMMUSIC
5063635124546,картина,4,vk,Аудиостриминг,,,1,0,0,ICECREAMMUSIC
5063635124546,картина,4,vk,Аудиостриминг,,,1,0,"0,01",ICECREAMMUSIC
5063635124546,картина,4,vk,Аудиостриминг,,,3,0,"0,05",ICECREAMMUSIC
5063635124546,картина,4,vk,Подписка,,,1,0,"0,06",ICECREAMMUSIC
5063635124546,картина,4,vk,Аудиостриминг,,,4,0,"0,07",ICECREAMMUSIC
5063635124546,картина,4,vk,Подписка,,,2,0,"0,25",ICECREAMMUSIC
5063635124546,картина,4,vk,Аудиостриминг,,,14,0,"0,27",ICECREAMMUSIC
5063635124546,картина,4,vk,Аудиостриминг,,,3,"0,01",0,ICECREAMMUSIC
5063635124546,картина,4,vk,Аудиостриминг,,,4,"0,01",0,ICECREAMMUSIC
5063635124546,картина,4,vk,Подписка,,,1,"0,01",0,ICECREAMMUSIC
5063635124546,картина,4,vk,Аудиостриминг,,,16,"0,06",0,ICECREAMMUSIC
5063635124546,картина,4,vk,Подписка,,,2,"0,06",0,ICECREAMMUSIC
5063635124546,картина,4,vk,Тексты песен,,,5,"0,18",0,ICECREAMMUSIC
5063635124546,картина,4,YouTube,Аудиостриминг,,,4,0,"0,01",ICECREAMMUSIC
5063635124546,картина,4,КИОН Музыка,Подписка,,,1,0,"0,07",ICECREAMMUSIC
5063635124546,картина,4,КИОН Музыка,Подписка,,,1,"0,02",0,ICECREAMMUSIC
5063635124546,картина,4,Яндекс.Музыка,Аудиостриминг,,,2,0,"0,01",ICECREAMMUSIC
5063635124546,картина,4,Яндекс.Музыка,Аудиостриминг,,,2,0,"0,01",ICECREAMMUSIC
5063635124546,картина,4,Яндекс.Музыка,Аудиостриминг,,,2,0,"0,01",ICECREAMMUSIC
5063635124546,картина,4,Яндекс.Музыка,Подписка,,,6,0,"0,2",ICECREAMMUSIC
5063635124546,картина,4,Яндекс.Музыка,Подписка,,,7,0,"0,22",ICECREAMMUSIC
5063635124546,картина,4,Яндекс.Музыка,Подписка,,,8,0,"0,29",ICECREAMMUSIC
5063635124546,картина,4,Яндекс.Музыка,Подписка,,,16,"0,09",0,ICECREAMMUSIC
5063945728151,картинки,Час До Полуночи,YouTube,Аудио,,,2,0,"0,02",ICECREAMMUSIC
5063945728151,картинки,Час До Полуночи,Яндекс.Музыка,Аудиостриминг,,,5,0,"0,03",ICECREAMMUSIC
5063945728151,картинки,Час До Полуночи,Яндекс.Музыка,Подписка,,,19,0,"0,71",ICECREAMMUSIC
GUT200222,Кислород,МалоеМоре,Яндекс.Музыка,Аудиостриминг,,,1,0,0,ICECREAMMUSIC
GUT200222,Кислород,МалоеМоре,Яндекс.Музыка,Аудиостриминг,,,1,0,0,ICECREAMMUSIC
GUT200222,Кислород,МалоеМоре,Яндекс.Музыка,Подписка,,,4,0,"0,1",ICECREAMMUSIC
GUT200222,Кислород,МалоеМоре,Яндекс.Музыка,Подписка,,,4,0,"0,1",ICECREAMMUSIC
GUT200222,Кислород,МалоеМоре,Яндекс.Музыка,Подписка,,,7,"0,04",0,ICECREAMMUSIC
5063833241779,КМБ,Spirit Glam,vk,Аудиостриминг,,,4,0,"0,18",ICECREAMMUSIC
5063833241779,КМБ,Spirit Glam,vk,Аудиостриминг,,,6,0,"0,26",ICECREAMMUSIC
5063833241779,КМБ,Spirit Glam,vk,Аудиостриминг,,,8,0,"0,34",ICECREAMMUSIC
5063833241779,КМБ,Spirit Glam,vk,Аудиостриминг,,,86,0,"1,83",ICECREAMMUSIC
5063833241779,КМБ,Spirit Glam,vk,Аудиостриминг,,,95,0,2,ICECREAMMUSIC
5063833241779,КМБ,Spirit Glam,vk,Аудиостриминг,,,169,0,"3,59",ICECREAMMUSIC
5063833241779,КМБ,Spirit Glam,vk,Подписка,,,21,0,"3,97",ICECREAMMUSIC
5063833241779,КМБ,Spirit Glam,vk,Подписка,,,34,0,"5,83",ICECREAMMUSIC
5063833241779,КМБ,Spirit Glam,vk,Подписка,,,40,0,"7,52",ICECREAMMUSIC
5063833241779,КМБ,Spirit Glam,vk,Аудиостриминг,,,101,"0,34",0,ICECREAMMUSIC
5063833241779,КМБ,Spirit Glam,vk,Аудиостриминг,,,111,"0,37",0,ICECREAMMUSIC
5063833241779,КМБ,Spirit Glam,vk,Аудиостриминг,,,198,"0,66",0,ICECREAMMUSIC
5063833241779,КМБ,Spirit Glam,vk,Тексты песен,,,24,"0,91",0,ICECREAMMUSIC
5063833241779,КМБ,Spirit Glam,vk,Подписка,,,24,"0,98",0,ICECREAMMUSIC
5063833241779,КМБ,Spirit Glam,vk,Подписка,,,40,"1,44",0,ICECREAMMUSIC
5063833241779,КМБ,Spirit Glam,vk,Подписка,,,47,"1,85",0,ICECREAMMUSIC
5063833241779,КМБ,Spirit Glam,Звук,Подписка,,,1,0,"0,18",ICECREAMMUSIC
5063833241779,КМБ,Spirit Glam,Звук,Подписка,,,1,0,"0,2",ICECREAMMUSIC
5063833241779,КМБ,Spirit Glam,Звук,Подписка,,,36,0,"8,58",ICECREAMMUSIC
5063833241779,КМБ,Spirit Glam,Звук,Подписка,,,13,"0,42",0,ICECREAMMUSIC
5063833241779,КМБ,Spirit Glam,КИОН Музыка,Аудиостриминг,,,1,0,"0,02",ICECREAMMUSIC
5063833241779,КМБ,Spirit Glam,КИОН Музыка,Подписка,,,4,0,"0,28",ICECREAMMUSIC
5063833241779,КМБ,Spirit Glam,КИОН Музыка,Аудиостриминг,,,1,"0,01",0,ICECREAMMUSIC
5063833241779,КМБ,Spirit Glam,КИОН Музыка,Подписка,,,4,"0,06",0,ICECREAMMUSIC
5063833241779,КМБ,Spirit Glam,Одноклассники,Аудиостриминг,,,1,0,"0,02",ICECREAMMUSIC
5063833241779,КМБ,Spirit Glam,Яндекс.Музыка,Аудиостриминг,,,3,0,"0,02",ICECREAMMUSIC
5063833241779,КМБ,Spirit Glam,Яндекс.Музыка,Аудиостриминг,,,47,0,"0,32",ICECREAMMUSIC
5063833241779,КМБ,Spirit Glam,Яндекс.Музыка,Аудиостриминг,,,55,0,"0,36",ICECREAMMUSIC
5063833241779,КМБ,Spirit Glam,Яндекс.Музыка,Аудиостриминг,,,56,0,"0,38",ICECREAMMUSIC
5063833241779,КМБ,Spirit Glam,Яндекс.Музыка,Подписка,,,188,0,"7,48",ICECREAMMUSIC
5063833241779,КМБ,Spirit Glam,Яндекс.Музыка,Подписка,,,218,0,"8,32",ICECREAMMUSIC
5063833241779,КМБ,Spirit Glam,Яндекс.Музыка,Подписка,,,224,0,"8,86",ICECREAMMUSIC
5063833241779,КМБ,Spirit Glam,Яндекс.Музыка,Аудиостриминг,,,4,"0,01",0,ICECREAMMUSIC
5063833241779,КМБ,Spirit Glam,Яндекс.Музыка,Подписка,,,915,"5,31",0,ICECREAMMUSIC
5063316585918,Ко дну,STANN,vk,Аудиостриминг,,,1,0,"0,02",Ckeabrona Beats
5063316585918,Ко дну,STANN,Яндекс.Музыка,Аудиостриминг,,,1,0,"0,01",Ckeabrona Beats
5063316585918,Ко дну,STANN,Яндекс.Музыка,Аудиостриминг,,,1,0,"0,01",Ckeabrona Beats
5063316585918,Ко дну,STANN,Яндекс.Музыка,Аудиостриминг,,,2,0,"0,01",Ckeabrona Beats
5063316585918,Ко дну,STANN,Яндекс.Музыка,Подписка,,,4,0,"0,13",Ckeabrona Beats
5063316585918,Ко дну,STANN,Яндекс.Музыка,Подписка,,,4,0,"0,15",Ckeabrona Beats
5063316585918,Ко дну,STANN,Яндекс.Музыка,Подписка,,,6,0,"0,2",Ckeabrona Beats
5063316585918,Ко дну,STANN,Яндекс.Музыка,Подписка,,,7,"0,04",0,Ckeabrona Beats
5063635745697,Когда закончится ночь,CHEDLY,Lyric Find,Тексты песен,,,4,"0,02",0,ICECREAMMUSIC
5063635745697,Когда закончится ночь,CHEDLY,vk,Аудиостриминг,,,1,0,"0,01",ICECREAMMUSIC
5063635745697,Когда закончится ночь,CHEDLY,vk,Аудиостриминг,,,1,0,"0,02",ICECREAMMUSIC
5063635745697,Когда закончится ночь,CHEDLY,vk,Аудиостриминг,,,1,0,"0,02",ICECREAMMUSIC
5063635745697,Когда закончится ночь,CHEDLY,vk,Аудиостриминг,,,3,0,"0,05",ICECREAMMUSIC
5063635745697,Когда закончится ночь,CHEDLY,vk,Подписка,,,1,0,"0,29",ICECREAMMUSIC
5063635745697,Когда закончится ночь,CHEDLY,vk,Аудиостриминг,,,3,"0,01",0,ICECREAMMUSIC
5063635745697,Когда закончится ночь,CHEDLY,vk,Подписка,,,1,"0,07",0,ICECREAMMUSIC
5063635745697,Когда закончится ночь,CHEDLY,Яндекс.Музыка,Аудиостриминг,,,1,0,0,ICECREAMMUSIC
5063635745697,Когда закончится ночь,CHEDLY,Яндекс.Музыка,Аудиостриминг,,,1,0,0,ICECREAMMUSIC
5063635745697,Когда закончится ночь,CHEDLY,Яндекс.Музыка,Подписка,,,1,0,"0,02",ICECREAMMUSIC
5063635745697,Когда закончится ночь,CHEDLY,Яндекс.Музыка,Подписка,,,2,0,"0,05",ICECREAMMUSIC
5063635745697,Когда закончится ночь,CHEDLY,Яндекс.Музыка,Подписка,,,3,"0,01",0,ICECREAMMUSIC
5063635644365,Куда уходит свет,"ilyxinadgo, WhiteFluffy",vk,Пробная подписка,,,2,0,"0,7",ICECREAMMUSIC
5063635644365,Куда уходит свет,"ilyxinadgo, WhiteFluffy",vk,Пробная подписка,,,3,0,"1,84",ICECREAMMUSIC
5063635644365,Куда уходит свет,"ilyxinadgo, WhiteFluffy",vk,Пробная подписка,,,2,"0,17",0,ICECREAMMUSIC
5063635644365,Куда уходит свет,"ilyxinadgo, WhiteFluffy",vk,Пробная подписка,,,3,"0,46",0,ICECREAMMUSIC
5063635644365,Куда уходит свет,"ilyxinadgo, WhiteFluffy",Одноклассники,Аудиостриминг,,,1,0,"0,02",ICECREAMMUSIC
5063635644365,Куда уходит свет,"ilyxinadgo, WhiteFluffy",Одноклассники,Аудиостриминг,,,1,0,"0,02",ICECREAMMUSIC
5063635644365,Куда уходит свет,"ilyxinadgo, WhiteFluffy",Яндекс.Музыка,Аудиостриминг,,,1,0,0,ICECREAMMUSIC
5063635644365,Куда уходит свет,"ilyxinadgo, WhiteFluffy",Яндекс.Музыка,Аудиостриминг,,,1,0,0,ICECREAMMUSIC
5063635644365,Куда уходит свет,"ilyxinadgo, WhiteFluffy",Яндекс.Музыка,Аудиостриминг,,,1,0,0,ICECREAMMUSIC
5063635644365,Куда уходит свет,"ilyxinadgo, WhiteFluffy",Яндекс.Музыка,Подписка,,,2,0,"0,05",ICECREAMMUSIC
5063635644365,Куда уходит свет,"ilyxinadgo, WhiteFluffy",Яндекс.Музыка,Подписка,,,2,0,"0,06",ICECREAMMUSIC
5063635644365,Куда уходит свет,"ilyxinadgo, WhiteFluffy",Яндекс.Музыка,Подписка,,,3,0,"0,08",ICECREAMMUSIC
5063635644365,Куда уходит свет,"ilyxinadgo, WhiteFluffy",Яндекс.Музыка,Подписка,,,4,"0,02",0,ICECREAMMUSIC
5063833202350,Кэш,Laxon,Amazon,Подписка,,,1,0,"0,03",ICECREAMMUSIC
5063833202350,Кэш,Laxon,КИОН Музыка,Подписка,,,1,0,"0,07",ICECREAMMUSIC
5063833202350,Кэш,Laxon,КИОН Музыка,Подписка,,,1,"0,02",0,ICECREAMMUSIC
5063833202350,Кэш,Laxon,Яндекс.Музыка,Аудиостриминг,,,1,0,0,ICECREAMMUSIC
5063833202350,Кэш,Laxon,Яндекс.Музыка,Подписка,,,1,0,"0,02",ICECREAMMUSIC
5063833202350,Кэш,Laxon,Яндекс.Музыка,Подписка,,,4,"0,02",0,ICECREAMMUSIC
GUT200333,Легко,Крюк,Apple Music,Подписка,,,1,0,"0,07",ICECREAMMUSIC
GUT200333,Легко,Крюк,MusixMatch,Тексты песен,,,8,"0,03",0,ICECREAMMUSIC
GUT200333,Легко,Крюк,vk,Аудиостриминг,,,2,0,"0,03",ICECREAMMUSIC
GUT200333,Легко,Крюк,vk,Аудиостриминг,,,2,"0,01",0,ICECREAMMUSIC
GUT200333,Легко,Крюк,YouTube Premium,Подписка,,,2,0,"0,6",ICECREAMMUSIC
GUT200333,Легко,Крюк,Сервисы АДВ Мьюзик,Аудиостриминг,,,3,0,"0,07",ICECREAMMUSIC
GUT200333,Легко,Крюк,Сервисы АДВ Мьюзик,Аудиостриминг,,,3,"0,02",0,ICECREAMMUSIC
GUT200333,Легко,Крюк,Яндекс.Музыка,Аудиостриминг,,,1,0,"0,01",ICECREAMMUSIC
GUT200333,Легко,Крюк,Яндекс.Музыка,Аудиостриминг,,,3,0,"0,02",ICECREAMMUSIC
GUT200333,Легко,Крюк,Яндекс.Музыка,Аудиостриминг,,,4,0,"0,02",ICECREAMMUSIC
GUT200333,Легко,Крюк,Яндекс.Музыка,Аудиостриминг,,,5,0,"0,03",ICECREAMMUSIC
GUT200333,Легко,Крюк,Яндекс.Музыка,Подписка,,,10,0,"0,38",ICECREAMMUSIC
GUT200333,Легко,Крюк,Яндекс.Музыка,Подписка,,,13,0,"0,51",ICECREAMMUSIC
GUT200333,Легко,Крюк,Яндекс.Музыка,Подписка,,,19,0,"0,69",ICECREAMMUSIC
GUT200333,Легко,Крюк,Яндекс.Музыка,Подписка,,,66,"0,38",0,ICECREAMMUSIC
5063316585918,Лето 23,STANN,Яндекс.Музыка,Аудиостриминг,,,1,0,0,Ckeabrona Beats
5063316585918,Лето 23,STANN,Яндекс.Музыка,Аудиостриминг,,,1,0,0,Ckeabrona Beats
5063316585918,Лето 23,STANN,Яндекс.Музыка,Подписка,,,1,0,"0,02",Ckeabrona Beats
5063316585918,Лето 23,STANN,Яндекс.Музыка,Подписка,,,1,0,"0,02",Ckeabrona Beats
5063316585918,Лето 23,STANN,Яндекс.Музыка,Подписка,,,2,"0,01",0,Ckeabrona Beats
5063945131784,Люби меня,Колкан,Amazon,Подписка,,,1,0,"0,02",ICECREAMMUSIC
5063945131784,Люби меня,Колкан,vk,Аудиостриминг,,,2,0,"0,06",ICECREAMMUSIC
5063945131784,Люби меня,Колкан,vk,Аудиостриминг,,,4,0,"0,18",ICECREAMMUSIC
5063945131784,Люби меня,Колкан,vk,Аудиостриминг,,,5,0,"0,23",ICECREAMMUSIC
5063945131784,Люби меня,Колкан,vk,Аудиостриминг,,,17,0,"0,34",ICECREAMMUSIC
5063945131784,Люби меня,Колкан,vk,Пробная подписка,,,1,0,"0,36",ICECREAMMUSIC
5063945131784,Люби меня,Колкан,vk,Пробная подписка,,,1,0,"0,62",ICECREAMMUSIC
5063945131784,Люби меня,Колкан,vk,Аудиостриминг,,,51,0,"1,06",ICECREAMMUSIC
5063945131784,Люби меня,Колкан,vk,Подписка,,,7,0,"1,39",ICECREAMMUSIC
5063945131784,Люби меня,Колкан,vk,Аудиостриминг,,,113,0,"2,4",ICECREAMMUSIC
5063945131784,Люби меня,Колкан,vk,Подписка,,,23,0,"4,07",ICECREAMMUSIC
5063945131784,Люби меня,Колкан,vk,Подписка,,,26,0,"5,15",ICECREAMMUSIC
5063945131784,Люби меня,Колкан,vk,Аудиостриминг,,,19,"0,06",0,ICECREAMMUSIC
5063945131784,Люби меня,Колкан,vk,Пробная подписка,,,1,"0,09",0,ICECREAMMUSIC
5063945131784,Люби меня,Колкан,vk,Пробная подписка,,,1,"0,15",0,ICECREAMMUSIC
5063945131784,Люби меня,Колкан,vk,Аудиостриминг,,,59,"0,2",0,ICECREAMMUSIC
5063945131784,Люби меня,Колкан,vk,Подписка,,,8,"0,34",0,ICECREAMMUSIC
5063945131784,Люби меня,Колкан,vk,Аудиостриминг,,,132,"0,44",0,ICECREAMMUSIC
5063945131784,Люби меня,Колкан,vk,Подписка,,,26,"1,01",0,ICECREAMMUSIC
5063945131784,Люби меня,Колкан,vk,Подписка,,,30,"1,27",0,ICECREAMMUSIC
5063945131784,Люби меня,Колкан,YouTube,Аудиостриминг,,,29,0,"0,4",ICECREAMMUSIC
5063945131784,Люби меня,Колкан,YouTube Premium,Подписка,,,2,0,"0,12",ICECREAMMUSIC
5063945131784,Люби меня,Колкан,YouTube Premium,Подписка,,,2,0,"0,38",ICECREAMMUSIC
5063945131784,Люби меня,Колкан,Яндекс.Музыка,Аудиостриминг,,,1,0,0,ICECREAMMUSIC
5063945131784,Люби меня,Колкан,Яндекс.Музыка,Аудиостриминг,,,2,0,"0,01",ICECREAMMUSIC
5063945131784,Люби меня,Колкан,Яндекс.Музыка,Аудиостриминг,,,2,0,"0,01",ICECREAMMUSIC
5063945131784,Люби меня,Колкан,Яндекс.Музыка,Подписка,,,2,0,"0,06",ICECREAMMUSIC
5063945131784,Люби меня,Колкан,Яндекс.Музыка,Подписка,,,6,0,"0,2",ICECREAMMUSIC
5063945131784,Люби меня,Колкан,Яндекс.Музыка,Подписка,,,8,0,"0,27",ICECREAMMUSIC
5063945131784,Люби меня,Колкан,Яндекс.Музыка,Подписка,,,9,"0,06",0,ICECREAMMUSIC
5063833442893,Любил,WhiteFluffy,vk,Аудиостриминг,,,3,0,"0,05",ICECREAMMUSIC
5063833442893,Любил,WhiteFluffy,vk,Аудиостриминг,,,3,0,"0,05",ICECREAMMUSIC
5063833442893,Любил,WhiteFluffy,vk,Аудиостриминг,,,4,0,"0,07",ICECREAMMUSIC
5063833442893,Любил,WhiteFluffy,vk,Пробная подписка,,,4,0,"1,77",ICECREAMMUSIC
5063833442893,Любил,WhiteFluffy,vk,Аудиостриминг,,,3,"0,01",0,ICECREAMMUSIC
5063833442893,Любил,WhiteFluffy,vk,Аудиостриминг,,,3,"0,01",0,ICECREAMMUSIC
5063833442893,Любил,WhiteFluffy,vk,Аудиостриминг,,,4,"0,01",0,ICECREAMMUSIC
5063833442893,Любил,WhiteFluffy,vk,Пробная подписка,,,4,"0,43",0,ICECREAMMUSIC
5063833442893,Любил,WhiteFluffy,Яндекс.Музыка,Аудиостриминг,,,2,0,"0,01",ICECREAMMUSIC
5063833442893,Любил,WhiteFluffy,Яндекс.Музыка,Аудиостриминг,,,2,0,"0,01",ICECREAMMUSIC
5063833442893,Любил,WhiteFluffy,Яндекс.Музыка,Аудиостриминг,,,3,0,"0,01",ICECREAMMUSIC
5063833442893,Любил,WhiteFluffy,Яндекс.Музыка,Подписка,,,5,0,"0,18",ICECREAMMUSIC
5063833442893,Любил,WhiteFluffy,Яндекс.Музыка,Подписка,,,7,0,"0,23",ICECREAMMUSIC
5063833442893,Любил,WhiteFluffy,Яндекс.Музыка,Подписка,,,9,0,"0,32",ICECREAMMUSIC
5063833442893,Любил,WhiteFluffy,Яндекс.Музыка,Подписка,,,35,"0,2",0,ICECREAMMUSIC
5063466731760,Любишь ли меня ты,RUSS,Amazon,Подписка,,,1,0,"0,07",ICECREAMMUSIC
5063466731760,Любишь ли меня ты,RUSS,Amazon,Подписка,,,2,0,"0,15",ICECREAMMUSIC
5063466731760,Любишь ли меня ты,RUSS,Pandora,Подписка,,,1,0,"0,2",ICECREAMMUSIC
5063466731760,Любишь ли меня ты,RUSS,vk,Аудиостриминг,,,1,0,"0,02",ICECREAMMUSIC
5063466731760,Любишь ли меня ты,RUSS,vk,Аудиостриминг,,,1,0,"0,02",ICECREAMMUSIC
5063466731760,Любишь ли меня ты,RUSS,YouTube Music,Подписка,,,5,0,"0,97",ICECREAMMUSIC
5063466731760,Любишь ли меня ты,RUSS,YouTube Music,Подписка,,,5,0,"2,09",ICECREAMMUSIC
5063466731760,Любишь ли меня ты,RUSS,YouTube Premium,Подписка,,,12,0,"3,6",ICECREAMMUSIC
5063466731760,Любишь ли меня ты,RUSS,Звук,Подписка,,,3,0,"0,57",ICECREAMMUSIC
5063466731760,Любишь ли меня ты,RUSS,Иная дистрибуция,Видео,,,28,0,"1,29",ICECREAMMUSIC
5063466731760,Любишь ли меня ты,RUSS,Яндекс.Музыка,Подписка,,,2,"0,01",0,ICECREAMMUSIC
5063316502144,ЛЮБЛЮ,Tripowy,Apple Music,Подписка,,,2,0,"0,13",Ckeabrona Beats
5063316502144,ЛЮБЛЮ,Tripowy,Apple Music,Подписка,,,2,0,"0,17",Ckeabrona Beats
5063316502144,ЛЮБЛЮ,Tripowy,Apple Music,Подписка,,,8,"0,14",0,Ckeabrona Beats
5063316502144,ЛЮБЛЮ,Tripowy,MusixMatch,Тексты песен,,,20,"0,02",0,Ckeabrona Beats
5063316502144,ЛЮБЛЮ,Tripowy,MusixMatch,Тексты песен,,,6,"0,04",0,Ckeabrona Beats
5063316502144,ЛЮБЛЮ,Tripowy,vk,Аудиостриминг,,,1,0,"0,01",Ckeabrona Beats
5063316502144,ЛЮБЛЮ,Tripowy,vk,Аудиостриминг,,,1,0,"0,01",Ckeabrona Beats
5063316502144,ЛЮБЛЮ,Tripowy,vk,Аудиостриминг,,,2,0,"0,05",Ckeabrona Beats
5063316502144,ЛЮБЛЮ,Tripowy,vk,Аудиостриминг,,,4,0,"0,07",Ckeabrona Beats
5063316502144,ЛЮБЛЮ,Tripowy,vk,Аудиостриминг,,,7,0,"0,15",Ckeabrona Beats
5063316502144,ЛЮБЛЮ,Tripowy,vk,Подписка,,,1,0,"0,15",Ckeabrona Beats
5063316502144,ЛЮБЛЮ,Tripowy,vk,Аудиостриминг,,,12,0,"0,23",Ckeabrona Beats
5063316502144,ЛЮБЛЮ,Tripowy,vk,Подписка,,,4,0,"0,29",Ckeabrona Beats
5063316502144,ЛЮБЛЮ,Tripowy,vk,Подписка,,,7,0,"1,15",Ckeabrona Beats
5063316502144,ЛЮБЛЮ,Tripowy,vk,Аудиостриминг,,,4,"0,01",0,Ckeabrona Beats
5063316502144,ЛЮБЛЮ,Tripowy,vk,Аудиостриминг,,,8,"0,03",0,Ckeabrona Beats
5063316502144,ЛЮБЛЮ,Tripowy,vk,Подписка,,,1,"0,04",0,Ckeabrona Beats
5063316502144,ЛЮБЛЮ,Tripowy,vk,Аудиостриминг,,,13,"0,04",0,Ckeabrona Beats
5063316502144,ЛЮБЛЮ,Tripowy,vk,Подписка,,,4,"0,07",0,Ckeabrona Beats
5063316502144,ЛЮБЛЮ,Tripowy,vk,Тексты песен,,,8,"0,27",0,Ckeabrona Beats
5063316502144,ЛЮБЛЮ,Tripowy,vk,Подписка,,,8,"0,29",0,Ckeabrona Beats
5063316502144,ЛЮБЛЮ,Tripowy,КИОН Музыка,Подписка,,,1,0,"0,07",Ckeabrona Beats
5063316502144,ЛЮБЛЮ,Tripowy,КИОН Музыка,Подписка,,,1,"0,02",0,Ckeabrona Beats
5063316502144,ЛЮБЛЮ,Tripowy,Яндекс.Музыка,Аудиостриминг,,,1,0,0,Ckeabrona Beats
5063316502144,ЛЮБЛЮ,Tripowy,Яндекс.Музыка,Аудиостриминг,,,1,0,0,Ckeabrona Beats
5063316502144,ЛЮБЛЮ,Tripowy,Яндекс.Музыка,Подписка,,,1,0,"0,02",Ckeabrona Beats
5063316502144,ЛЮБЛЮ,Tripowy,Яндекс.Музыка,Подписка,,,3,0,"0,08",Ckeabrona Beats
5063316502144,ЛЮБЛЮ,Tripowy,Яндекс.Музыка,Подписка,,,6,"0,03",0,Ckeabrona Beats
5063635285216,Любовник,Red Pradosa,Amazon,Подписка,,,1,0,"0,02",ICECREAMMUSIC
5063635285216,Любовник,Red Pradosa,Apple Music,Подписка,,,1,0,"0,08",ICECREAMMUSIC
5063635285216,Любовник,Red Pradosa,Apple Music,Подписка,,,2,0,"0,34",ICECREAMMUSIC
5063635285216,Любовник,Red Pradosa,Apple Music,Подписка,,,5,"0,01",0,ICECREAMMUSIC
5063635285216,Любовник,Red Pradosa,MusixMatch,Тексты песен,,,192,"0,42",0,ICECREAMMUSIC
5063635285216,Любовник,Red Pradosa,SoundCloud,Аудиостриминг,,,1,0,"0,03",ICECREAMMUSIC
5063635285216,Любовник,Red Pradosa,Spotify,Подписка,,,1,"0,01",0,ICECREAMMUSIC
5063635285216,Любовник,Red Pradosa,TikTok,Видео,,,1,0,"0,02",ICECREAMMUSIC
5063635285216,Любовник,Red Pradosa,TikTok,Видео,,,1,0,"0,02",ICECREAMMUSIC
5063635285216,Любовник,Red Pradosa,vk,Аудиостриминг,,,1,0,"0,01",ICECREAMMUSIC
5063635285216,Любовник,Red Pradosa,vk,Аудиостриминг,,,1,0,"0,04",ICECREAMMUSIC
5063635285216,Любовник,Red Pradosa,vk,Аудиостриминг,,,6,0,"0,11",ICECREAMMUSIC
5063635285216,Любовник,Red Pradosa,vk,Аудиостриминг,,,7,0,"0,15",ICECREAMMUSIC
5063635285216,Любовник,Red Pradosa,vk,Подписка,,,1,0,"0,15",ICECREAMMUSIC
5063635285216,Любовник,Red Pradosa,vk,Аудиостриминг,,,12,0,"0,25",ICECREAMMUSIC
5063635285216,Любовник,Red Pradosa,vk,Подписка,,,6,0,"0,9",ICECREAMMUSIC
5063635285216,Любовник,Red Pradosa,vk,Аудиостриминг,,,7,"0,02",0,ICECREAMMUSIC
5063635285216,Любовник,Red Pradosa,vk,Аудиостриминг,,,8,"0,03",0,ICECREAMMUSIC
5063635285216,Любовник,Red Pradosa,vk,Подписка,,,1,"0,04",0,ICECREAMMUSIC
5063635285216,Любовник,Red Pradosa,vk,Аудиостриминг,,,14,"0,05",0,ICECREAMMUSIC
5063635285216,Любовник,Red Pradosa,vk,Тексты песен,,,3,"0,09",0,ICECREAMMUSIC
5063635285216,Любовник,Red Pradosa,vk,Подписка,,,6,"0,22",0,ICECREAMMUSIC
5063635285216,Любовник,Red Pradosa,Звук,Подписка,,,1,0,"0,2",ICECREAMMUSIC
5063635285216,Любовник,Red Pradosa,Одноклассники,Аудиостриминг,,,1,0,"0,02",ICECREAMMUSIC
5063635285216,Любовник,Red Pradosa,Яндекс.Музыка,Аудиостриминг,,,4,0,"0,02",ICECREAMMUSIC
5063635285216,Любовник,Red Pradosa,Яндекс.Музыка,Аудиостриминг,,,4,0,"0,03",ICECREAMMUSIC
5063635285216,Любовник,Red Pradosa,Яндекс.Музыка,Аудиостриминг,,,5,0,"0,03",ICECREAMMUSIC
5063635285216,Любовник,Red Pradosa,Яндекс.Музыка,Подписка,,,13,0,"0,46",ICECREAMMUSIC
5063635285216,Любовник,Red Pradosa,Яндекс.Музыка,Подписка,,,16,0,"0,62",ICECREAMMUSIC
5063635285216,Любовник,Red Pradosa,Яндекс.Музыка,Подписка,,,20,0,"0,73",ICECREAMMUSIC
5063635285216,Любовник,Red Pradosa,Яндекс.Музыка,Подписка,,,32,"0,18",0,ICECREAMMUSIC
5063466556462,Любовь и ненависть,Reiko,Cron Telecom,Подписка,,,547,0,"1,72",ICECREAMMUSIC
5063466556462,Любовь и ненависть,Reiko,Cron Telecom,Подписка,,,547,"1,72",0,ICECREAMMUSIC
5063466556462,Любовь и ненависть,Reiko,vk,Аудиостриминг,,,1,0,"0,02",ICECREAMMUSIC
5063466556462,Любовь и ненависть,Reiko,vk,Аудиостриминг,,,4,0,"0,07",ICECREAMMUSIC
5063466556462,Любовь и ненависть,Reiko,vk,Аудиостриминг,,,4,"0,01",0,ICECREAMMUSIC
5063833332866,Люди Среди Нас,"WhiteFluffy, s1eepy",vk,Аудиостриминг,,,1,0,"0,02",ICECREAMMUSIC
5063833332866,Люди Среди Нас,"WhiteFluffy, s1eepy",Яндекс.Музыка,Аудиостриминг,,,1,0,0,ICECREAMMUSIC
5063833332866,Люди Среди Нас,"WhiteFluffy, s1eepy",Яндекс.Музыка,Аудиостриминг,,,1,0,"0,01",ICECREAMMUSIC
5063833332866,Люди Среди Нас,"WhiteFluffy, s1eepy",Яндекс.Музыка,Аудиостриминг,,,2,0,"0,01",ICECREAMMUSIC
5063833332866,Люди Среди Нас,"WhiteFluffy, s1eepy",Яндекс.Музыка,Подписка,,,4,0,"0,1",ICECREAMMUSIC
5063833332866,Люди Среди Нас,"WhiteFluffy, s1eepy",Яндекс.Музыка,Подписка,,,4,0,"0,13",ICECREAMMUSIC
5063833332866,Люди Среди Нас,"WhiteFluffy, s1eepy",Яндекс.Музыка,Подписка,,,5,0,"0,17",ICECREAMMUSIC
5063833332866,Люди Среди Нас,"WhiteFluffy, s1eepy",Яндекс.Музыка,Подписка,,,20,"0,11",0,ICECREAMMUSIC
5063635832243,Май июнь июль,"Gar Mony, THIRTEENKILLA",QQMusic,Подписка,,,1,0,"0,03",ICECREAMMUSIC
5063635832243,Май июнь июль,"Gar Mony, THIRTEENKILLA",vk,Аудиостриминг,,,1,0,"0,01",ICECREAMMUSIC
5063635832243,Май июнь июль,"Gar Mony, THIRTEENKILLA",vk,Аудиостриминг,,,1,0,"0,01",ICECREAMMUSIC
5063635832243,Май июнь июль,"Gar Mony, THIRTEENKILLA",vk,Аудиостриминг,,,1,0,"0,01",ICECREAMMUSIC
5063635832243,Май июнь июль,"Gar Mony, THIRTEENKILLA",vk,Аудиостриминг,,,4,0,"0,06",ICECREAMMUSIC
5063635832243,Май июнь июль,"Gar Mony, THIRTEENKILLA",vk,Подписка,,,1,0,"0,15",ICECREAMMUSIC
5063635832243,Май июнь июль,"Gar Mony, THIRTEENKILLA",vk,Подписка,,,2,0,"0,23",ICECREAMMUSIC
5063635832243,Май июнь июль,"Gar Mony, THIRTEENKILLA",vk,Подписка,,,2,0,"0,25",ICECREAMMUSIC
5063635832243,Май июнь июль,"Gar Mony, THIRTEENKILLA",vk,Аудиостриминг,,,4,"0,01",0,ICECREAMMUSIC
5063635832243,Май июнь июль,"Gar Mony, THIRTEENKILLA",vk,Подписка,,,1,"0,04",0,ICECREAMMUSIC
5063635832243,Май июнь июль,"Gar Mony, THIRTEENKILLA",vk,Подписка,,,2,"0,06",0,ICECREAMMUSIC
5063635832243,Май июнь июль,"Gar Mony, THIRTEENKILLA",vk,Подписка,,,2,"0,06",0,ICECREAMMUSIC
5063635832243,Май июнь июль,"Gar Mony, THIRTEENKILLA",YouTube,Аудио,,,4,0,"0,02",ICECREAMMUSIC
5063635832243,Май июнь июль,"Gar Mony, THIRTEENKILLA",YouTube,Аудио,,,4,0,"0,14",ICECREAMMUSIC
5063635832243,Май июнь июль,"Gar Mony, THIRTEENKILLA",YouTube,Аудиостриминг,,,2,0,"0,21",ICECREAMMUSIC
5063635832243,Май июнь июль,"Gar Mony, THIRTEENKILLA",YouTube Premium,Подписка,,,2,0,"0,06",ICECREAMMUSIC
5063635832243,Май июнь июль,"Gar Mony, THIRTEENKILLA",Иная дистрибуция,Видео,,,57,0,"0,02",ICECREAMMUSIC
5063635832243,Май июнь июль,"Gar Mony, THIRTEENKILLA",Одноклассники,Аудиостриминг,,,2,0,"0,03",ICECREAMMUSIC
5063635832243,Май июнь июль,"Gar Mony, THIRTEENKILLA",Одноклассники,Аудиостриминг,,,2,"0,01",0,ICECREAMMUSIC
5063635832243,Май июнь июль,"Gar Mony, THIRTEENKILLA",Яндекс.Музыка,Аудиостриминг,,,3,0,"0,02",ICECREAMMUSIC
5063635832243,Май июнь июль,"Gar Mony, THIRTEENKILLA",Яндекс.Музыка,Аудиостриминг,,,3,0,"0,02",ICECREAMMUSIC
5063635832243,Май июнь июль,"Gar Mony, THIRTEENKILLA",Яндекс.Музыка,Аудиостриминг,,,4,0,"0,02",ICECREAMMUSIC
5063635832243,Май июнь июль,"Gar Mony, THIRTEENKILLA",Яндекс.Музыка,Подписка,,,11,0,"0,41",ICECREAMMUSIC
5063635832243,Май июнь июль,"Gar Mony, THIRTEENKILLA",Яндекс.Музыка,Подписка,,,11,0,"0,41",ICECREAMMUSIC
5063635832243,Май июнь июль,"Gar Mony, THIRTEENKILLA",Яндекс.Музыка,Подписка,,,13,0,"0,46",ICECREAMMUSIC
5063635832243,Май июнь июль,"Gar Mony, THIRTEENKILLA",Яндекс.Музыка,Аудиостриминг,,,312,0,"3,22",ICECREAMMUSIC
5063635832243,Май июнь июль,"Gar Mony, THIRTEENKILLA",Яндекс.Музыка,Подписка,,,35,"0,2",0,ICECREAMMUSIC
5063945503567,Малая Родина,Spirit Glam,vk,Аудиостриминг,,,1,0,"0,02",ICECREAMMUSIC
5063945503567,Малая Родина,Spirit Glam,vk,Аудиостриминг,,,3,0,"0,13",ICECREAMMUSIC
5063945503567,Малая Родина,Spirit Glam,vk,Аудиостриминг,,,7,0,"0,15",ICECREAMMUSIC
5063945503567,Малая Родина,Spirit Glam,vk,Подписка,,,4,0,"0,51",ICECREAMMUSIC
5063945503567,Малая Родина,Spirit Glam,vk,Аудиостриминг,,,92,0,"1,96",ICECREAMMUSIC
5063945503567,Малая Родина,Spirit Glam,vk,Подписка,,,17,0,"3,01",ICECREAMMUSIC
5063945503567,Малая Родина,Spirit Glam,vk,Аудиостриминг,,,8,"0,03",0,ICECREAMMUSIC
5063945503567,Малая Родина,Spirit Glam,vk,Подписка,,,4,"0,13",0,ICECREAMMUSIC
5063945503567,Малая Родина,Spirit Glam,vk,Аудиостриминг,,,108,"0,36",0,ICECREAMMUSIC
5063945503567,Малая Родина,Spirit Glam,vk,Подписка,,,20,"0,74",0,ICECREAMMUSIC
5063945503567,Малая Родина,Spirit Glam,YouTube,Аудио,,,8,0,"0,15",ICECREAMMUSIC
5063945503567,Малая Родина,Spirit Glam,YouTube Premium,Подписка,,,2,0,"0,25",ICECREAMMUSIC
5063945503567,Малая Родина,Spirit Glam,Иная дистрибуция,Видео,,,16,0,"0,01",ICECREAMMUSIC
5063945503567,Малая Родина,Spirit Glam,Яндекс.Музыка,Аудиостриминг,,,5,0,"0,03",ICECREAMMUSIC
5063945503567,Малая Родина,Spirit Glam,Яндекс.Музыка,Аудиостриминг,,,10,0,"0,1",ICECREAMMUSIC
5063945503567,Малая Родина,Spirit Glam,Яндекс.Музыка,Аудиостриминг,,,112,0,"0,76",ICECREAMMUSIC
5063945503567,Малая Родина,Spirit Glam,Яндекс.Музыка,Подписка,,,20,0,"0,77",ICECREAMMUSIC
5063945503567,Малая Родина,Spirit Glam,Яндекс.Музыка,Подписка,,,447,0,"17,73",ICECREAMMUSIC
5063635568517,"Малыш, прости",ASTAPOV,Apple Music,Подписка,,,1,0,"0,14",ICECREAMMUSIC
5063635568517,"Малыш, прости",ASTAPOV,MusixMatch,Тексты песен,,,4,"0,05",0,ICECREAMMUSIC
5063635568517,"Малыш, прости",ASTAPOV,vk,Аудиостриминг,,,1,0,"0,01",ICECREAMMUSIC
5063635568517,"Малыш, прости",ASTAPOV,vk,Аудиостриминг,,,3,0,"0,05",ICECREAMMUSIC
5063635568517,"Малыш, прости",ASTAPOV,vk,Аудиостриминг,,,1,0,"0,05",ICECREAMMUSIC
5063635568517,"Малыш, прости",ASTAPOV,vk,Аудиостриминг,,,9,0,"0,17",ICECREAMMUSIC
5063635568517,"Малыш, прости",ASTAPOV,vk,Аудиостриминг,,,12,0,"0,25",ICECREAMMUSIC
5063635568517,"Малыш, прости",ASTAPOV,vk,Подписка,,,2,0,"0,25",ICECREAMMUSIC
5063635568517,"Малыш, прости",ASTAPOV,vk,Подписка,,,6,0,"1,07",ICECREAMMUSIC
5063635568517,"Малыш, прости",ASTAPOV,vk,Аудиостриминг,,,3,"0,01",0,ICECREAMMUSIC
5063635568517,"Малыш, прости",ASTAPOV,vk,Аудиостриминг,,,10,"0,03",0,ICECREAMMUSIC
5063635568517,"Малыш, прости",ASTAPOV,vk,Аудиостриминг,,,14,"0,05",0,ICECREAMMUSIC
5063635568517,"Малыш, прости",ASTAPOV,vk,Подписка,,,2,"0,06",0,ICECREAMMUSIC
5063635568517,"Малыш, прости",ASTAPOV,vk,Подписка,,,6,"0,26",0,ICECREAMMUSIC
5063635568517,"Малыш, прости",ASTAPOV,YouTube,Аудио,,,4,0,"0,02",ICECREAMMUSIC
5063635568517,"Малыш, прости",ASTAPOV,Иная дистрибуция,Видео,,,91,0,"0,02",ICECREAMMUSIC
5063635568517,"Малыш, прости",ASTAPOV,Яндекс.Музыка,Аудиостриминг,,,1,0,0,ICECREAMMUSIC
5063635568517,"Малыш, прости",ASTAPOV,Яндекс.Музыка,Аудиостриминг,,,1,0,0,ICECREAMMUSIC
5063635568517,"Малыш, прости",ASTAPOV,Яндекс.Музыка,Аудиостриминг,,,1,0,0,ICECREAMMUSIC
5063635568517,"Малыш, прости",ASTAPOV,Яндекс.Музыка,Подписка,,,1,0,"0,02",ICECREAMMUSIC
5063635568517,"Малыш, прости",ASTAPOV,Яндекс.Музыка,Подписка,,,2,0,"0,06",ICECREAMMUSIC
5063635568517,"Малыш, прости",ASTAPOV,Яндекс.Музыка,Подписка,,,3,0,"0,08",ICECREAMMUSIC
5063635568517,"Малыш, прости",ASTAPOV,Яндекс.Музыка,Подписка,,,8,"0,04",0,ICECREAMMUSIC
5063833940528,Мамина умница,THIRTEENKILLA,vk,Аудиостриминг,,,1,0,0,ICECREAMMUSIC
5063833940528,Мамина умница,THIRTEENKILLA,vk,Аудиостриминг,,,1,0,"0,02",ICECREAMMUSIC
5063833940528,Мамина умница,THIRTEENKILLA,vk,Подписка,,,1,0,"0,05",ICECREAMMUSIC
5063833940528,Мамина умница,THIRTEENKILLA,vk,Аудиостриминг,,,3,0,"0,05",ICECREAMMUSIC
5063833940528,Мамина умница,THIRTEENKILLA,vk,Аудиостриминг,,,2,0,"0,06",ICECREAMMUSIC
5063833940528,Мамина умница,THIRTEENKILLA,vk,Аудиостриминг,,,15,0,"0,31",ICECREAMMUSIC
5063833940528,Мамина умница,THIRTEENKILLA,vk,Подписка,,,8,0,"1,45",ICECREAMMUSIC
5063833940528,Мамина умница,THIRTEENKILLA,vk,Аудиостриминг,,,3,"0,01",0,ICECREAMMUSIC
5063833940528,Мамина умница,THIRTEENKILLA,vk,Подписка,,,1,"0,01",0,ICECREAMMUSIC
5063833940528,Мамина умница,THIRTEENKILLA,vk,Аудиостриминг,,,17,"0,06",0,ICECREAMMUSIC
5063833940528,Мамина умница,THIRTEENKILLA,vk,Подписка,,,9,"0,36",0,ICECREAMMUSIC
5063833940528,Мамина умница,THIRTEENKILLA,YouTube,Аудио,,,2,0,"0,01",ICECREAMMUSIC
5063833940528,Мамина умница,THIRTEENKILLA,Звук,Подписка,,,1,0,"0,2",ICECREAMMUSIC
5063833940528,Мамина умница,THIRTEENKILLA,Иная дистрибуция,Видео,,,72,0,"0,02",ICECREAMMUSIC
5063833940528,Мамина умница,THIRTEENKILLA,Иная дистрибуция,Видео,,,111,0,"0,03",ICECREAMMUSIC
5063833940528,Мамина умница,THIRTEENKILLA,КИОН Музыка,Аудиостриминг,,,1,0,"0,02",ICECREAMMUSIC
5063833940528,Мамина умница,THIRTEENKILLA,КИОН Музыка,Подписка,,,1,0,"0,07",ICECREAMMUSIC
5063833940528,Мамина умница,THIRTEENKILLA,КИОН Музыка,Аудиостриминг,,,1,"0,01",0,ICECREAMMUSIC
5063833940528,Мамина умница,THIRTEENKILLA,КИОН Музыка,Подписка,,,1,"0,02",0,ICECREAMMUSIC
5063833940528,Мамина умница,THIRTEENKILLA,Яндекс.Музыка,Аудиостриминг,,,1,0,"0,01",ICECREAMMUSIC
5063833940528,Мамина умница,THIRTEENKILLA,Яндекс.Музыка,Аудиостриминг,,,3,0,"0,02",ICECREAMMUSIC
5063833940528,Мамина умница,THIRTEENKILLA,Яндекс.Музыка,Аудиостриминг,,,4,0,"0,02",ICECREAMMUSIC
5063833940528,Мамина умница,THIRTEENKILLA,Яндекс.Музыка,Аудиостриминг,,,6,0,"0,04",ICECREAMMUSIC
5063833940528,Мамина умница,THIRTEENKILLA,Яндекс.Музыка,Подписка,,,10,0,"0,36",ICECREAMMUSIC
5063833940528,Мамина умница,THIRTEENKILLA,Яндекс.Музыка,Подписка,,,14,0,"0,54",ICECREAMMUSIC
5063833940528,Мамина умница,THIRTEENKILLA,Яндекс.Музыка,Подписка,,,23,0,"0,83",ICECREAMMUSIC
5063833940528,Мамина умница,THIRTEENKILLA,Яндекс.Музыка,Аудиостриминг,,,392,0,"4,03",ICECREAMMUSIC
5063833940528,Мамина умница,THIRTEENKILLA,Яндекс.Музыка,Подписка,,,44,"0,25",0,ICECREAMMUSIC
5063833940528,Мамина умница,THIRTEENKILLA,Яндекс.Музыка,Аудиостриминг,,,500,"1,23",0,ICECREAMMUSIC
5063945256708,Марсоход,WhiteFluffy,vk,Аудиостриминг,,,1,0,"0,01",ICECREAMMUSIC
5063945256708,Марсоход,WhiteFluffy,vk,Аудиостриминг,,,3,0,"0,05",ICECREAMMUSIC
5063945256708,Марсоход,WhiteFluffy,vk,Подписка,,,1,0,"0,13",ICECREAMMUSIC
5063945256708,Марсоход,WhiteFluffy,vk,Аудиостриминг,,,12,0,"0,23",ICECREAMMUSIC
5063945256708,Марсоход,WhiteFluffy,vk,Пробная подписка,,,4,0,"1,77",ICECREAMMUSIC
5063945256708,Марсоход,WhiteFluffy,vk,Пробная подписка,,,7,0,"3,18",ICECREAMMUSIC
5063945256708,Марсоход,WhiteFluffy,vk,Аудиостриминг,,,3,"0,01",0,ICECREAMMUSIC
5063945256708,Марсоход,WhiteFluffy,vk,Подписка,,,1,"0,03",0,ICECREAMMUSIC
5063945256708,Марсоход,WhiteFluffy,vk,Аудиостриминг,,,13,"0,04",0,ICECREAMMUSIC
5063945256708,Марсоход,WhiteFluffy,vk,Пробная подписка,,,4,"0,44",0,ICECREAMMUSIC
5063945256708,Марсоход,WhiteFluffy,vk,Пробная подписка,,,8,"0,78",0,ICECREAMMUSIC
5063945256708,Марсоход,WhiteFluffy,Яндекс.Музыка,Аудиостриминг,,,4,0,"0,02",ICECREAMMUSIC
5063945256708,Марсоход,WhiteFluffy,Яндекс.Музыка,Аудиостриминг,,,5,0,"0,03",ICECREAMMUSIC
5063945256708,Марсоход,WhiteFluffy,Яндекс.Музыка,Подписка,,,15,0,"0,56",ICECREAMMUSIC
5063945256708,Марсоход,WhiteFluffy,Яндекс.Музыка,Подписка,,,19,0,"0,71",ICECREAMMUSIC
5063316738123,Маэстро,WIZKEY,vk,Аудиостриминг,,,4,0,"0,06",ICECREAMMUSIC
5063316738123,Маэстро,WIZKEY,vk,Аудиостриминг,,,4,"0,01",0,ICECREAMMUSIC
5063945256708,Маяк,WhiteFluffy,QQMusic,Подписка,,,1,0,"0,03",ICECREAMMUSIC
5063945256708,Маяк,WhiteFluffy,vk,Аудиостриминг,,,2,0,"0,04",ICECREAMMUSIC
5063945256708,Маяк,WhiteFluffy,vk,Аудиостриминг,,,7,0,"0,13",ICECREAMMUSIC
5063945256708,Маяк,WhiteFluffy,vk,Пробная подписка,,,2,0,"0,7",ICECREAMMUSIC
5063945256708,Маяк,WhiteFluffy,vk,Аудиостриминг,,,36,0,"0,76",ICECREAMMUSIC
5063945256708,Маяк,WhiteFluffy,vk,Подписка,,,6,0,"0,95",ICECREAMMUSIC
5063945256708,Маяк,WhiteFluffy,vk,Пробная подписка,,,9,0,"4,23",ICECREAMMUSIC
5063945256708,Маяк,WhiteFluffy,vk,Аудиостриминг,,,8,"0,02",0,ICECREAMMUSIC
5063945256708,Маяк,WhiteFluffy,vk,Аудиостриминг,,,42,"0,14",0,ICECREAMMUSIC
5063945256708,Маяк,WhiteFluffy,vk,Пробная подписка,,,2,"0,17",0,ICECREAMMUSIC
5063945256708,Маяк,WhiteFluffy,vk,Подписка,,,7,"0,24",0,ICECREAMMUSIC
5063945256708,Маяк,WhiteFluffy,vk,Пробная подписка,,,10,"1,05",0,ICECREAMMUSIC
5063945256708,Маяк,WhiteFluffy,YouTube,Аудио,,,2,0,"0,01",ICECREAMMUSIC
5063945256708,Маяк,WhiteFluffy,YouTube,Аудио,,,1,0,"0,42",ICECREAMMUSIC
5063945256708,Маяк,WhiteFluffy,Яндекс.Музыка,Аудиостриминг,,,1,0,"0,01",ICECREAMMUSIC
5063945256708,Маяк,WhiteFluffy,Яндекс.Музыка,Аудиостриминг,,,3,0,"0,02",ICECREAMMUSIC
5063945256708,Маяк,WhiteFluffy,Яндекс.Музыка,Подписка,,,4,0,"0,13",ICECREAMMUSIC
5063945256708,Маяк,WhiteFluffy,Яндекс.Музыка,Подписка,,,12,0,"0,46",ICECREAMMUSIC
5063466205803,МАЯК,WIZKEY,vk,Аудиостриминг,,,1,0,"0,02",ICECREAMMUSIC
5063466323132,Маяк,Zaach,vk,Аудиостриминг,,,1,0,"0,02",ICECREAMMUSIC
5063833104463,Меня дебила,CHEDLY,vk,Аудиостриминг,,,1,0,"0,02",ICECREAMMUSIC
5063833104463,Меня дебила,CHEDLY,vk,Аудиостриминг,,,1,0,"0,03",ICECREAMMUSIC
5063833104463,Меня дебила,CHEDLY,vk,Аудиостриминг,,,1,0,"0,05",ICECREAMMUSIC
5063833104463,Меня дебила,CHEDLY,vk,Аудиостриминг,,,11,0,"0,21",ICECREAMMUSIC
5063833104463,Меня дебила,CHEDLY,vk,Аудиостриминг,,,11,0,"0,21",ICECREAMMUSIC
5063833104463,Меня дебила,CHEDLY,vk,Аудиостриминг,,,15,0,"0,31",ICECREAMMUSIC
5063833104463,Меня дебила,CHEDLY,vk,Подписка,,,3,0,"0,47",ICECREAMMUSIC
5063833104463,Меня дебила,CHEDLY,vk,Подписка,,,4,0,"0,64",ICECREAMMUSIC
5063833104463,Меня дебила,CHEDLY,vk,Подписка,,,6,0,"1,07",ICECREAMMUSIC
5063833104463,Меня дебила,CHEDLY,vk,Аудиостриминг,,,12,"0,04",0,ICECREAMMUSIC
5063833104463,Меня дебила,CHEDLY,vk,Аудиостриминг,,,12,"0,04",0,ICECREAMMUSIC
5063833104463,Меня дебила,CHEDLY,vk,Аудиостриминг,,,17,"0,06",0,ICECREAMMUSIC
5063833104463,Меня дебила,CHEDLY,vk,Подписка,,,3,"0,11",0,ICECREAMMUSIC
5063833104463,Меня дебила,CHEDLY,vk,Подписка,,,4,"0,15",0,ICECREAMMUSIC
5063833104463,Меня дебила,CHEDLY,vk,Подписка,,,6,"0,26",0,ICECREAMMUSIC
5063833104463,Меня дебила,CHEDLY,Яндекс.Музыка,Аудиостриминг,,,1,0,0,ICECREAMMUSIC
5063833104463,Меня дебила,CHEDLY,Яндекс.Музыка,Аудиостриминг,,,1,0,0,ICECREAMMUSIC
5063833104463,Меня дебила,CHEDLY,Яндекс.Музыка,Аудиостриминг,,,1,0,0,ICECREAMMUSIC
5063833104463,Меня дебила,CHEDLY,Яндекс.Музыка,Подписка,,,2,0,"0,06",ICECREAMMUSIC
5063833104463,Меня дебила,CHEDLY,Яндекс.Музыка,Подписка,,,3,0,"0,08",ICECREAMMUSIC
5063833104463,Меня дебила,CHEDLY,Яндекс.Музыка,Подписка,,,4,0,"0,1",ICECREAMMUSIC
5063833104463,Меня дебила,CHEDLY,Яндекс.Музыка,Подписка,,,7,"0,04",0,ICECREAMMUSIC
5063635925167,Меня не жди,WANDERING FOG,vk,Аудиостриминг,,,1,0,"0,01",ICECREAMMUSIC
5063635925167,Меня не жди,WANDERING FOG,vk,Аудиостриминг,,,1,0,"0,01",ICECREAMMUSIC
5063635925167,Меня не жди,WANDERING FOG,vk,Аудиостриминг,,,2,0,"0,03",ICECREAMMUSIC
5063635925167,Меня не жди,WANDERING FOG,vk,Аудиостриминг,,,5,0,"0,09",ICECREAMMUSIC
5063635925167,Меня не жди,WANDERING FOG,vk,Подписка,,,1,0,"0,13",ICECREAMMUSIC
5063635925167,Меня не жди,WANDERING FOG,vk,Аудиостриминг,,,7,0,"0,15",ICECREAMMUSIC
5063635925167,Меня не жди,WANDERING FOG,vk,Подписка,,,1,0,"0,15",ICECREAMMUSIC
5063635925167,Меня не жди,WANDERING FOG,vk,Аудиостриминг,,,2,"0,01",0,ICECREAMMUSIC
5063635925167,Меня не жди,WANDERING FOG,vk,Аудиостриминг,,,5,"0,02",0,ICECREAMMUSIC
5063635925167,Меня не жди,WANDERING FOG,vk,Аудиостриминг,,,8,"0,03",0,ICECREAMMUSIC
5063635925167,Меня не жди,WANDERING FOG,vk,Подписка,,,1,"0,03",0,ICECREAMMUSIC
5063635925167,Меня не жди,WANDERING FOG,vk,Подписка,,,1,"0,04",0,ICECREAMMUSIC
5063635925167,Меня не жди,WANDERING FOG,Яндекс.Музыка,Аудиостриминг,,,1,0,0,ICECREAMMUSIC
5063635925167,Меня не жди,WANDERING FOG,Яндекс.Музыка,Аудиостриминг,,,1,0,0,ICECREAMMUSIC
5063635925167,Меня не жди,WANDERING FOG,Яндекс.Музыка,Аудиостриминг,,,1,0,0,ICECREAMMUSIC
5063635925167,Меня не жди,WANDERING FOG,Яндекс.Музыка,Подписка,,,2,0,"0,06",ICECREAMMUSIC
5063635925167,Меня не жди,WANDERING FOG,Яндекс.Музыка,Подписка,,,2,0,"0,06",ICECREAMMUSIC
5063635925167,Меня не жди,WANDERING FOG,Яндекс.Музыка,Подписка,,,3,0,"0,07",ICECREAMMUSIC
5063635925167,Меня не жди,WANDERING FOG,Яндекс.Музыка,Подписка,,,20,"0,11",0,ICECREAMMUSIC
5063466732736,Миллионы получаем,FATAL',YouTube Premium,Подписка,,,2,0,"0,34",ICECREAMMUSIC
5063466732736,Миллионы получаем,FATAL',Яндекс.Музыка,Аудиостриминг,,,1,0,0,ICECREAMMUSIC
5063466732736,Миллионы получаем,FATAL',Яндекс.Музыка,Подписка,,,1,0,"0,02",ICECREAMMUSIC
5063466732736,Миллионы получаем,FATAL',Яндекс.Музыка,Подписка,,,1,"0,01",0,ICECREAMMUSIC
5063635697781,"Мин онытмам сине,мэктэп",Диана Басирова,vk,Аудиостриминг,,,2,0,"0,03",ICECREAMMUSIC
5063635697781,"Мин онытмам сине,мэктэп",Диана Басирова,vk,Аудиостриминг,,,4,0,"0,06",ICECREAMMUSIC
5063635697781,"Мин онытмам сине,мэктэп",Диана Басирова,vk,Аудиостриминг,,,5,0,"0,09",ICECREAMMUSIC
5063635697781,"Мин онытмам сине,мэктэп",Диана Басирова,vk,Аудиостриминг,,,2,"0,01",0,ICECREAMMUSIC
5063635697781,"Мин онытмам сине,мэктэп",Диана Басирова,vk,Аудиостриминг,,,4,"0,01",0,ICECREAMMUSIC
5063635697781,"Мин онытмам сине,мэктэп",Диана Басирова,vk,Аудиостриминг,,,5,"0,02",0,ICECREAMMUSIC
5063635697781,"Мин онытмам сине,мэктэп",Диана Басирова,КИОН Музыка,Аудиостриминг,,,2,0,"0,04",ICECREAMMUSIC
5063635697781,"Мин онытмам сине,мэктэп",Диана Басирова,КИОН Музыка,Подписка,,,4,0,"0,28",ICECREAMMUSIC
5063635697781,"Мин онытмам сине,мэктэп",Диана Басирова,КИОН Музыка,Аудиостриминг,,,2,"0,01",0,ICECREAMMUSIC
5063635697781,"Мин онытмам сине,мэктэп",Диана Басирова,КИОН Музыка,Подписка,,,4,"0,06",0,ICECREAMMUSIC
5063635697781,"Мин онытмам сине,мэктэп",Диана Басирова,Одноклассники,Аудиостриминг,,,1,0,"0,02",ICECREAMMUSIC
5063635697781,"Мин онытмам сине,мэктэп",Диана Басирова,Яндекс.Музыка,Аудиостриминг,,,2,0,"0,01",ICECREAMMUSIC
5063635697781,"Мин онытмам сине,мэктэп",Диана Басирова,Яндекс.Музыка,Аудиостриминг,,,2,0,"0,01",ICECREAMMUSIC
5063635697781,"Мин онытмам сине,мэктэп",Диана Басирова,Яндекс.Музыка,Аудиостриминг,,,8,0,"0,05",ICECREAMMUSIC
5063635697781,"Мин онытмам сине,мэктэп",Диана Басирова,Яндекс.Музыка,Аудиостриминг,,,8,0,"0,05",ICECREAMMUSIC
5063635697781,"Мин онытмам сине,мэктэп",Диана Басирова,Яндекс.Музыка,Подписка,,,8,0,"0,27",ICECREAMMUSIC
5063635697781,"Мин онытмам сине,мэктэп",Диана Басирова,Яндекс.Музыка,Подписка,,,30,0,"1,17",ICECREAMMUSIC
5063635697781,"Мин онытмам сине,мэктэп",Диана Басирова,Яндекс.Музыка,Подписка,,,30,0,"1,17",ICECREAMMUSIC
5063635697781,"Мин онытмам сине,мэктэп",Диана Басирова,Яндекс.Музыка,Подписка,,,23,"0,13",0,ICECREAMMUSIC
5063466924537,"Мне не стать таким, как раньше",Spirit Glam,vk,Аудиостриминг,,,1,0,"0,02",ICECREAMMUSIC
5063466924537,"Мне не стать таким, как раньше",Spirit Glam,vk,Аудиостриминг,,,2,0,"0,03",ICECREAMMUSIC
5063466924537,"Мне не стать таким, как раньше",Spirit Glam,vk,Аудиостриминг,,,3,0,"0,05",ICECREAMMUSIC
5063466924537,"Мне не стать таким, как раньше",Spirit Glam,vk,Аудиостриминг,,,3,"0,01",0,ICECREAMMUSIC
5063466924537,"Мне не стать таким, как раньше",Spirit Glam,vk,Аудиостриминг,,,2,"0,01",0,ICECREAMMUSIC
5063466924537,"Мне не стать таким, как раньше",Spirit Glam,КИОН Музыка,Аудиостриминг,,,1,0,"0,02",ICECREAMMUSIC
5063466924537,"Мне не стать таким, как раньше",Spirit Glam,КИОН Музыка,Подписка,,,2,0,"0,14",ICECREAMMUSIC
5063466924537,"Мне не стать таким, как раньше",Spirit Glam,КИОН Музыка,Аудиостриминг,,,1,"0,01",0,ICECREAMMUSIC
5063466924537,"Мне не стать таким, как раньше",Spirit Glam,КИОН Музыка,Подписка,,,2,"0,03",0,ICECREAMMUSIC
5063466924537,"Мне не стать таким, как раньше",Spirit Glam,Яндекс.Музыка,Аудиостриминг,,,2,0,"0,01",ICECREAMMUSIC
5063466924537,"Мне не стать таким, как раньше",Spirit Glam,Яндекс.Музыка,Аудиостриминг,,,4,0,"0,02",ICECREAMMUSIC
5063466924537,"Мне не стать таким, как раньше",Spirit Glam,Яндекс.Музыка,Аудиостриминг,,,4,0,"0,02",ICECREAMMUSIC
5063466924537,"Мне не стать таким, как раньше",Spirit Glam,Яндекс.Музыка,Подписка,,,7,0,"0,24",ICECREAMMUSIC
5063466924537,"Мне не стать таким, как раньше",Spirit Glam,Яндекс.Музыка,Подписка,,,13,0,"0,49",ICECREAMMUSIC
5063466924537,"Мне не стать таким, как раньше",Spirit Glam,Яндекс.Музыка,Подписка,,,14,0,"0,54",ICECREAMMUSIC
5063466924537,"Мне не стать таким, как раньше",Spirit Glam,Яндекс.Музыка,Подписка,,,28,"0,16",0,ICECREAMMUSIC
5063635529297,Моджо,Smurf XL,vk,Пробная подписка,,,1,0,"0,36",ICECREAMMUSIC
5063635529297,Моджо,Smurf XL,vk,Пробная подписка,,,1,"0,09",0,ICECREAMMUSIC
5063635529297,Моджо,Smurf XL,Яндекс.Музыка,Аудиостриминг,,,1,0,0,ICECREAMMUSIC
5063635529297,Моджо,Smurf XL,Яндекс.Музыка,Аудиостриминг,,,1,0,0,ICECREAMMUSIC
5063635529297,Моджо,Smurf XL,Яндекс.Музыка,Подписка,,,1,0,"0,02",ICECREAMMUSIC
5063635529297,Моджо,Smurf XL,Яндекс.Музыка,Подписка,,,1,0,"0,02",ICECREAMMUSIC
5063635529297,Моджо,Smurf XL,Яндекс.Музыка,Подписка,,,4,"0,02",0,ICECREAMMUSIC
5063635233729,МОРОЗКО,Антей,vk,Аудиостриминг,,,2,0,"0,03",ICECREAMMUSIC
5063635233729,МОРОЗКО,Антей,vk,Аудиостриминг,,,2,"0,01",0,ICECREAMMUSIC
5063635233729,МОРОЗКО,Антей,КИОН Музыка,Подписка,,,27,0,"2,33",ICECREAMMUSIC
5063635233729,МОРОЗКО,Антей,КИОН Музыка,Подписка,,,27,"0,51",0,ICECREAMMUSIC
5063635233729,МОРОЗКО,Антей,Яндекс.Музыка,Аудиостриминг,,,2,0,"0,01",ICECREAMMUSIC
5063635233729,МОРОЗКО,Антей,Яндекс.Музыка,Аудиостриминг,,,3,0,"0,01",ICECREAMMUSIC
5063635233729,МОРОЗКО,Антей,Яндекс.Музыка,Аудиостриминг,,,5,0,"0,03",ICECREAMMUSIC
5063635233729,МОРОЗКО,Антей,Яндекс.Музыка,Подписка,,,8,0,"0,28",ICECREAMMUSIC
5063635233729,МОРОЗКО,Антей,Яндекс.Музыка,Подписка,,,9,0,"0,34",ICECREAMMUSIC
5063635233729,МОРОЗКО,Антей,Яндекс.Музыка,Подписка,,,19,0,"0,69",ICECREAMMUSIC
5063635233729,МОРОЗКО,Антей,Яндекс.Музыка,Подписка,,,123,"0,71",0,ICECREAMMUSIC
5063316798271,Моя безответная,CHEDLY,Kugou,Аудиостриминг,,,2,0,"0,02",ICECREAMMUSIC
5063316798271,Моя безответная,CHEDLY,vk,Аудиостриминг,,,1,0,"0,02",ICECREAMMUSIC
5063316798271,Моя безответная,CHEDLY,КИОН Музыка,Подписка,,,1,0,"0,07",ICECREAMMUSIC
5063316798271,Моя безответная,CHEDLY,КИОН Музыка,Подписка,,,1,"0,02",0,ICECREAMMUSIC
5063316798271,Моя безответная,CHEDLY,Одноклассники,Аудиостриминг,,,1,0,"0,02",ICECREAMMUSIC
5063316798271,Моя безответная,CHEDLY,Одноклассники,Аудиостриминг,,,2,0,"0,03",ICECREAMMUSIC
5063316798271,Моя безответная,CHEDLY,Одноклассники,Аудиостриминг,,,9,0,"0,16",ICECREAMMUSIC
5063316798271,Моя безответная,CHEDLY,Одноклассники,Аудиостриминг,,,2,"0,01",0,ICECREAMMUSIC
5063316798271,Моя безответная,CHEDLY,Одноклассники,Аудиостриминг,,,9,"0,03",0,ICECREAMMUSIC
5063316798271,Моя безответная,CHEDLY,Яндекс.Музыка,Аудиостриминг,,,1,0,0,ICECREAMMUSIC
5063316798271,Моя безответная,CHEDLY,Яндекс.Музыка,Аудиостриминг,,,1,0,0,ICECREAMMUSIC
5063316798271,Моя безответная,CHEDLY,Яндекс.Музыка,Подписка,,,1,0,"0,02",ICECREAMMUSIC
5063316798271,Моя безответная,CHEDLY,Яндекс.Музыка,Подписка,,,2,0,"0,05",ICECREAMMUSIC
5063316798271,Моя безответная,CHEDLY,Яндекс.Музыка,Подписка,,,7,"0,04",0,ICECREAMMUSIC
5063635745697,Моя больная голова,CHEDLY,vk,Аудиостриминг,,,1,0,"0,01",ICECREAMMUSIC
5063635745697,Моя больная голова,CHEDLY,vk,Аудиостриминг,,,1,0,"0,02",ICECREAMMUSIC
5063635745697,Моя больная голова,CHEDLY,vk,Аудиостриминг,,,7,0,"0,13",ICECREAMMUSIC
5063635745697,Моя больная голова,CHEDLY,vk,Подписка,,,1,0,"0,15",ICECREAMMUSIC
5063635745697,Моя больная голова,CHEDLY,vk,Аудиостриминг,,,8,"0,02",0,ICECREAMMUSIC
5063635745697,Моя больная голова,CHEDLY,vk,Подписка,,,1,"0,04",0,ICECREAMMUSIC
5063635745697,Моя больная голова,CHEDLY,Яндекс.Музыка,Аудиостриминг,,,1,0,0,ICECREAMMUSIC
5063635745697,Моя больная голова,CHEDLY,Яндекс.Музыка,Аудиостриминг,,,1,0,0,ICECREAMMUSIC
5063635745697,Моя больная голова,CHEDLY,Яндекс.Музыка,Аудиостриминг,,,1,0,0,ICECREAMMUSIC
5063635745697,Моя больная голова,CHEDLY,Яндекс.Музыка,Подписка,,,1,0,"0,02",ICECREAMMUSIC
5063635745697,Моя больная голова,CHEDLY,Яндекс.Музыка,Подписка,,,1,0,"0,02",ICECREAMMUSIC
5063635745697,Моя больная голова,CHEDLY,Яндекс.Музыка,Подписка,,,1,0,"0,02",ICECREAMMUSIC
5063635745697,Моя больная голова,CHEDLY,Яндекс.Музыка,Подписка,,,3,"0,01",0,ICECREAMMUSIC
5063466938091,Моя пьяная боль,CHEDLY,vk,Аудиостриминг,,,1,0,"0,02",ICECREAMMUSIC
5063466938091,Моя пьяная боль,CHEDLY,vk,Аудиостриминг,,,1,0,"0,02",ICECREAMMUSIC
5063466938091,Моя пьяная боль,CHEDLY,Звук,Подписка,,,1,"0,03",0,ICECREAMMUSIC
5063466938091,Моя пьяная боль,CHEDLY,Яндекс.Музыка,Аудиостриминг,,,1,0,0,ICECREAMMUSIC
5063466938091,Моя пьяная боль,CHEDLY,Яндекс.Музыка,Аудиостриминг,,,1,0,0,ICECREAMMUSIC
5063466938091,Моя пьяная боль,CHEDLY,Яндекс.Музыка,Аудиостриминг,,,1,0,0,ICECREAMMUSIC
5063466938091,Моя пьяная боль,CHEDLY,Яндекс.Музыка,Подписка,,,1,0,"0,02",ICECREAMMUSIC
5063466938091,Моя пьяная боль,CHEDLY,Яндекс.Музыка,Подписка,,,3,0,"0,08",ICECREAMMUSIC
5063466938091,Моя пьяная боль,CHEDLY,Яндекс.Музыка,Подписка,,,4,0,"0,1",ICECREAMMUSIC
5063466938091,Моя пьяная боль,CHEDLY,Яндекс.Музыка,Подписка,,,9,"0,06",0,ICECREAMMUSIC
5063635367295,НА ДУШЕ ТЕПЛО,YUNG$HVED,Apple Music,Подписка,,,5,"0,09",0,ICECREAMMUSIC
5063635367295,НА ДУШЕ ТЕПЛО,YUNG$HVED,MusixMatch,Тексты песен,,,8,"0,02",0,ICECREAMMUSIC
5063635367295,НА ДУШЕ ТЕПЛО,YUNG$HVED,vk,Аудиостриминг,,,1,0,"0,01",ICECREAMMUSIC
5063635367295,НА ДУШЕ ТЕПЛО,YUNG$HVED,vk,Аудиостриминг,,,1,0,"0,01",ICECREAMMUSIC
5063635367295,НА ДУШЕ ТЕПЛО,YUNG$HVED,vk,Аудиостриминг,,,1,0,"0,01",ICECREAMMUSIC
5063635367295,НА ДУШЕ ТЕПЛО,YUNG$HVED,vk,Аудиостриминг,,,1,0,"0,02",ICECREAMMUSIC
5063635367295,НА ДУШЕ ТЕПЛО,YUNG$HVED,vk,Аудиостриминг,,,3,0,"0,05",ICECREAMMUSIC
5063635367295,НА ДУШЕ ТЕПЛО,YUNG$HVED,vk,Аудиостриминг,,,4,0,"0,07",ICECREAMMUSIC
5063635367295,НА ДУШЕ ТЕПЛО,YUNG$HVED,vk,Подписка,,,1,0,"0,15",ICECREAMMUSIC
5063635367295,НА ДУШЕ ТЕПЛО,YUNG$HVED,vk,Подписка,,,2,0,"0,25",ICECREAMMUSIC
5063635367295,НА ДУШЕ ТЕПЛО,YUNG$HVED,vk,Подписка,,,2,0,"0,31",ICECREAMMUSIC
5063635367295,НА ДУШЕ ТЕПЛО,YUNG$HVED,vk,Аудиостриминг,,,3,"0,01",0,ICECREAMMUSIC
5063635367295,НА ДУШЕ ТЕПЛО,YUNG$HVED,vk,Аудиостриминг,,,4,"0,01",0,ICECREAMMUSIC
5063635367295,НА ДУШЕ ТЕПЛО,YUNG$HVED,vk,Подписка,,,1,"0,04",0,ICECREAMMUSIC
5063635367295,НА ДУШЕ ТЕПЛО,YUNG$HVED,vk,Подписка,,,2,"0,06",0,ICECREAMMUSIC
5063635367295,НА ДУШЕ ТЕПЛО,YUNG$HVED,vk,Подписка,,,2,"0,08",0,ICECREAMMUSIC
5063635367295,НА ДУШЕ ТЕПЛО,YUNG$HVED,YouTube,Аудио,,,4,0,"0,03",ICECREAMMUSIC
5063635367295,НА ДУШЕ ТЕПЛО,YUNG$HVED,YouTube Premium,Подписка,,,2,0,"0,12",ICECREAMMUSIC
5063635367295,НА ДУШЕ ТЕПЛО,YUNG$HVED,YouTube Premium,Подписка,,,2,0,"0,12",ICECREAMMUSIC
5063635367295,НА ДУШЕ ТЕПЛО,YUNG$HVED,Звук,Подписка,,,1,0,"0,18",ICECREAMMUSIC
5063635367295,НА ДУШЕ ТЕПЛО,YUNG$HVED,Звук,Подписка,,,2,"0,06",0,ICECREAMMUSIC
5063635367295,НА ДУШЕ ТЕПЛО,YUNG$HVED,КИОН Музыка,Подписка,,,1,0,"0,07",ICECREAMMUSIC
5063635367295,НА ДУШЕ ТЕПЛО,YUNG$HVED,КИОН Музыка,Подписка,,,1,"0,02",0,ICECREAMMUSIC
5063635367295,НА ДУШЕ ТЕПЛО,YUNG$HVED,Одноклассники,Аудиостриминг,,,1,0,"0,02",ICECREAMMUSIC
5063635367295,НА ДУШЕ ТЕПЛО,YUNG$HVED,Одноклассники,Аудиостриминг,,,2,0,"0,03",ICECREAMMUSIC
5063635367295,НА ДУШЕ ТЕПЛО,YUNG$HVED,Одноклассники,Аудиостриминг,,,2,"0,01",0,ICECREAMMUSIC
5063635367295,НА ДУШЕ ТЕПЛО,YUNG$HVED,Яндекс.Музыка,Аудиостриминг,,,3,0,"0,01",ICECREAMMUSIC
5063635367295,НА ДУШЕ ТЕПЛО,YUNG$HVED,Яндекс.Музыка,Аудиостриминг,,,4,0,"0,02",ICECREAMMUSIC
5063635367295,НА ДУШЕ ТЕПЛО,YUNG$HVED,Яндекс.Музыка,Аудиостриминг,,,5,0,"0,03",ICECREAMMUSIC
5063635367295,НА ДУШЕ ТЕПЛО,YUNG$HVED,Яндекс.Музыка,Подписка,,,9,0,"0,34",ICECREAMMUSIC
5063635367295,НА ДУШЕ ТЕПЛО,YUNG$HVED,Яндекс.Музыка,Подписка,,,14,0,"0,54",ICECREAMMUSIC
5063635367295,НА ДУШЕ ТЕПЛО,YUNG$HVED,Яндекс.Музыка,Подписка,,,20,0,"0,71",ICECREAMMUSIC
5063635367295,НА ДУШЕ ТЕПЛО,YUNG$HVED,Яндекс.Музыка,Подписка,,,61,"0,35",0,ICECREAMMUSIC
5063833698115,На Марсе классно,THIRTEENKILLA,vk,Аудиостриминг,,,2,0,"0,03",ICECREAMMUSIC
5063833698115,На Марсе классно,THIRTEENKILLA,vk,Аудиостриминг,,,2,"0,01",0,ICECREAMMUSIC
5063833698115,На Марсе классно,THIRTEENKILLA,vk,Тексты песен,,,5,"0,18",0,ICECREAMMUSIC
5063833698115,На Марсе классно,THIRTEENKILLA,YouTube,Аудиостриминг,,,431,0,"11,78",ICECREAMMUSIC
5063833698115,На Марсе классно,THIRTEENKILLA,YouTube,Аудио,,,490,0,"14,2",ICECREAMMUSIC
5063833698115,На Марсе классно,THIRTEENKILLA,YouTube,Аудио,,,498,0,"18,37",ICECREAMMUSIC
5063833698115,На Марсе классно,THIRTEENKILLA,YouTube Premium,Подписка,,,18,0,"3,19",ICECREAMMUSIC
5063833698115,На Марсе классно,THIRTEENKILLA,YouTube Premium,Подписка,,,29,0,"4,82",ICECREAMMUSIC
5063833698115,На Марсе классно,THIRTEENKILLA,YouTube Premium,Подписка,,,68,0,"10,61",ICECREAMMUSIC
5063833698115,На Марсе классно,THIRTEENKILLA,КИОН Музыка,Подписка,,,6,0,"0,5",ICECREAMMUSIC
5063833698115,На Марсе классно,THIRTEENKILLA,КИОН Музыка,Подписка,,,6,"0,11",0,ICECREAMMUSIC
5063833698115,На Марсе классно,THIRTEENKILLA,Одноклассники,Аудиостриминг,,,2,0,"0,03",ICECREAMMUSIC
5063833698115,На Марсе классно,THIRTEENKILLA,Одноклассники,Аудиостриминг,,,2,"0,01",0,ICECREAMMUSIC
5063833698115,На Марсе классно,THIRTEENKILLA,Яндекс.Музыка,Аудиостриминг,,,2,0,"0,01",ICECREAMMUSIC
5063833698115,На Марсе классно,THIRTEENKILLA,Яндекс.Музыка,Аудиостриминг,,,3,0,"0,02",ICECREAMMUSIC
5063833698115,На Марсе классно,THIRTEENKILLA,Яндекс.Музыка,Аудиостриминг,,,3,0,"0,02",ICECREAMMUSIC
5063833698115,На Марсе классно,THIRTEENKILLA,Яндекс.Музыка,Подписка,,,6,0,"0,2",ICECREAMMUSIC
5063833698115,На Марсе классно,THIRTEENKILLA,Яндекс.Музыка,Подписка,,,10,0,"0,36",ICECREAMMUSIC
5063833698115,На Марсе классно,THIRTEENKILLA,Яндекс.Музыка,Подписка,,,10,0,"0,37",ICECREAMMUSIC
5063833698115,На Марсе классно,THIRTEENKILLA,Яндекс.Музыка,Подписка,,,36,"0,2",0,ICECREAMMUSIC
5063833298209,надеваю кольца/прыгаю в брюки,malyshkin,vk,Аудиостриминг,,,1,0,"0,01",ICECREAMMUSIC
5063833298209,надеваю кольца/прыгаю в брюки,malyshkin,vk,Аудиостриминг,,,1,0,"0,02",ICECREAMMUSIC
5063833298209,надеваю кольца/прыгаю в брюки,malyshkin,vk,Аудиостриминг,,,1,0,"0,02",ICECREAMMUSIC
5063833298209,надеваю кольца/прыгаю в брюки,malyshkin,vk,Аудиостриминг,,,1,0,"0,02",ICECREAMMUSIC
5063833298209,надеваю кольца/прыгаю в брюки,malyshkin,vk,Аудиостриминг,,,1,0,"0,02",ICECREAMMUSIC
5063833298209,надеваю кольца/прыгаю в брюки,malyshkin,vk,Подписка,,,1,0,"0,13",ICECREAMMUSIC
5063833298209,надеваю кольца/прыгаю в брюки,malyshkin,vk,Подписка,,,3,0,"0,46",ICECREAMMUSIC
5063833298209,надеваю кольца/прыгаю в брюки,malyshkin,vk,Подписка,,,3,0,"0,47",ICECREAMMUSIC
5063833298209,надеваю кольца/прыгаю в брюки,malyshkin,vk,Подписка,,,1,"0,03",0,ICECREAMMUSIC
5063833298209,надеваю кольца/прыгаю в брюки,malyshkin,vk,Подписка,,,3,"0,11",0,ICECREAMMUSIC
5063833298209,надеваю кольца/прыгаю в брюки,malyshkin,vk,Подписка,,,3,"0,11",0,ICECREAMMUSIC
5063833298209,надеваю кольца/прыгаю в брюки,malyshkin,Яндекс.Музыка,Аудиостриминг,,,2,0,"0,01",ICECREAMMUSIC
5063833298209,надеваю кольца/прыгаю в брюки,malyshkin,Яндекс.Музыка,Аудиостриминг,,,2,0,"0,01",ICECREAMMUSIC
5063833298209,надеваю кольца/прыгаю в брюки,malyshkin,Яндекс.Музыка,Аудиостриминг,,,3,0,"0,02",ICECREAMMUSIC
5063833298209,надеваю кольца/прыгаю в брюки,malyshkin,Яндекс.Музыка,Подписка,,,5,0,"0,18",ICECREAMMUSIC
5063833298209,надеваю кольца/прыгаю в брюки,malyshkin,Яндекс.Музыка,Подписка,,,6,0,"0,2",ICECREAMMUSIC
5063833298209,надеваю кольца/прыгаю в брюки,malyshkin,Яндекс.Музыка,Подписка,,,10,0,"0,37",ICECREAMMUSIC
5063833298209,надеваю кольца/прыгаю в брюки,malyshkin,Яндекс.Музыка,Подписка,,,39,"0,22",0,ICECREAMMUSIC
5063945393700,Нарисуем (I.I.XX),THIRTEENKILLA,vk,Аудиостриминг,,,2,0,"0,06",ICECREAMMUSIC
5063945393700,Нарисуем (I.I.XX),THIRTEENKILLA,vk,Аудиостриминг,,,2,0,"0,07",ICECREAMMUSIC
5063945393700,Нарисуем (I.I.XX),THIRTEENKILLA,vk,Аудиостриминг,,,10,0,"0,19",ICECREAMMUSIC
5063945393700,Нарисуем (I.I.XX),THIRTEENKILLA,vk,Подписка,,,10,0,"1,23",ICECREAMMUSIC
5063945393700,Нарисуем (I.I.XX),THIRTEENKILLA,vk,Подписка,,,11,0,"1,61",ICECREAMMUSIC
5063945393700,Нарисуем (I.I.XX),THIRTEENKILLA,vk,Аудиостриминг,,,11,"0,04",0,ICECREAMMUSIC
5063945393700,Нарисуем (I.I.XX),THIRTEENKILLA,vk,Подписка,,,11,"0,3",0,ICECREAMMUSIC
5063945393700,Нарисуем (I.I.XX),THIRTEENKILLA,vk,Подписка,,,12,"0,4",0,ICECREAMMUSIC
5063945393700,Нарисуем (I.I.XX),THIRTEENKILLA,YouTube,Аудио,,,4,0,"0,01",ICECREAMMUSIC
5063945393700,Нарисуем (I.I.XX),THIRTEENKILLA,YouTube,Аудио,,,196,0,"0,38",ICECREAMMUSIC
5063945393700,Нарисуем (I.I.XX),THIRTEENKILLA,YouTube Premium,Подписка,,,15,0,"1,08",ICECREAMMUSIC
5063945393700,Нарисуем (I.I.XX),THIRTEENKILLA,Иная дистрибуция,Видео,,,69,0,"0,02",ICECREAMMUSIC
5063945393700,Нарисуем (I.I.XX),THIRTEENKILLA,Яндекс.Музыка,Аудиостриминг,,,4,0,"0,02",ICECREAMMUSIC
5063945393700,Нарисуем (I.I.XX),THIRTEENKILLA,Яндекс.Музыка,Аудиостриминг,,,5,0,"0,03",ICECREAMMUSIC
5063945393700,Нарисуем (I.I.XX),THIRTEENKILLA,Яндекс.Музыка,Аудиостриминг,,,21,0,"0,22",ICECREAMMUSIC
5063945393700,Нарисуем (I.I.XX),THIRTEENKILLA,Яндекс.Музыка,Подписка,,,14,0,"0,54",ICECREAMMUSIC
5063945393700,Нарисуем (I.I.XX),THIRTEENKILLA,Яндекс.Музыка,Подписка,,,20,0,"0,79",ICECREAMMUSIC
5063466787040,Нарисуй,"VYSHUTIN, Андрей Треклятый",vk,Аудиостриминг,,,1,0,"0,02",ICECREAMMUSIC
5063466787040,Нарисуй,"VYSHUTIN, Андрей Треклятый",vk,Аудиостриминг,,,4,0,"0,06",ICECREAMMUSIC
5063466787040,Нарисуй,"VYSHUTIN, Андрей Треклятый",vk,Аудиостриминг,,,4,0,"0,06",ICECREAMMUSIC
5063466787040,Нарисуй,"VYSHUTIN, Андрей Треклятый",vk,Аудиостриминг,,,4,"0,01",0,ICECREAMMUSIC
5063466787040,Нарисуй,"VYSHUTIN, Андрей Треклятый",vk,Аудиостриминг,,,4,"0,01",0,ICECREAMMUSIC
5063466787040,Нарисуй,"VYSHUTIN, Андрей Треклятый",Яндекс.Музыка,Аудиостриминг,,,1,0,0,ICECREAMMUSIC
5063466787040,Нарисуй,"VYSHUTIN, Андрей Треклятый",Яндекс.Музыка,Аудиостриминг,,,1,0,0,ICECREAMMUSIC
5063466787040,Нарисуй,"VYSHUTIN, Андрей Треклятый",Яндекс.Музыка,Подписка,,,1,0,"0,02",ICECREAMMUSIC
5063466787040,Нарисуй,"VYSHUTIN, Андрей Треклятый",Яндекс.Музыка,Подписка,,,4,0,"0,1",ICECREAMMUSIC
5063466787040,Нарисуй,"VYSHUTIN, Андрей Треклятый",Яндекс.Музыка,Подписка,,,8,"0,04",0,ICECREAMMUSIC
GUT13048,Не буду,Yang Kenov,vk,Аудиостриминг,,,3,"0,01",0,Ckeabrona Beats
GUT13048,Не буду,Yang Kenov,vk,Аудиостриминг,,,3513,"11,76",0,Ckeabrona Beats
5063316585918,Не для нас двоих,STANN,vk,Аудиостриминг,,,1,0,"0,01",Ckeabrona Beats
5063316585918,Не для нас двоих,STANN,vk,Аудиостриминг,,,3,0,"0,05",Ckeabrona Beats
5063316585918,Не для нас двоих,STANN,vk,Аудиостриминг,,,4,0,"0,06",Ckeabrona Beats
5063316585918,Не для нас двоих,STANN,vk,Аудиостриминг,,,4,0,"0,07",Ckeabrona Beats
5063316585918,Не для нас двоих,STANN,vk,Подписка,,,1,0,"0,13",Ckeabrona Beats
5063316585918,Не для нас двоих,STANN,vk,Аудиостриминг,,,3,"0,01",0,Ckeabrona Beats
5063316585918,Не для нас двоих,STANN,vk,Аудиостриминг,,,4,"0,01",0,Ckeabrona Beats
5063316585918,Не для нас двоих,STANN,vk,Аудиостриминг,,,4,"0,01",0,Ckeabrona Beats
5063316585918,Не для нас двоих,STANN,vk,Подписка,,,1,"0,03",0,Ckeabrona Beats
5063316585918,Не для нас двоих,STANN,Яндекс.Музыка,Аудиостриминг,,,1,0,0,Ckeabrona Beats
5063316585918,Не для нас двоих,STANN,Яндекс.Музыка,Аудиостриминг,,,1,0,0,Ckeabrona Beats
5063316585918,Не для нас двоих,STANN,Яндекс.Музыка,Подписка,,,2,0,"0,05",Ckeabrona Beats
5063316585918,Не для нас двоих,STANN,Яндекс.Музыка,Подписка,,,2,0,"0,06",Ckeabrona Beats
5063316585918,Не для нас двоих,STANN,Яндекс.Музыка,Подписка,,,7,"0,04",0,Ckeabrona Beats
5063466998439,Не зря писал,"WhiteFluffy, ilyxinadgo",vk,Аудиостриминг,,,1,0,"0,02",ICECREAMMUSIC
5063466998439,Не зря писал,"WhiteFluffy, ilyxinadgo",Яндекс.Музыка,Аудиостриминг,,,1,0,0,ICECREAMMUSIC
5063466998439,Не зря писал,"WhiteFluffy, ilyxinadgo",Яндекс.Музыка,Подписка,,,2,0,"0,06",ICECREAMMUSIC
5063466998439,Не зря писал,"WhiteFluffy, ilyxinadgo",Яндекс.Музыка,Подписка,,,2,"0,01",0,ICECREAMMUSIC
5063466998484,Не могу найти,4,Lyric Find,Тексты песен,,,1,"0,03",0,ICECREAMMUSIC
5063466998484,Не могу найти,4,MusixMatch,Тексты песен,,,12,"0,03",0,ICECREAMMUSIC
5063466998484,Не могу найти,4,vk,Аудиостриминг,,,1,0,"0,01",ICECREAMMUSIC
5063466998484,Не могу найти,4,vk,Аудиостриминг,,,1,0,"0,02",ICECREAMMUSIC
5063466998484,Не могу найти,4,vk,Аудиостриминг,,,2,0,"0,03",ICECREAMMUSIC
5063466998484,Не могу найти,4,vk,Аудиостриминг,,,2,0,"0,03",ICECREAMMUSIC
5063466998484,Не могу найти,4,vk,Подписка,,,1,0,"0,13",ICECREAMMUSIC
5063466998484,Не могу найти,4,vk,Аудиостриминг,,,2,"0,01",0,ICECREAMMUSIC
5063466998484,Не могу найти,4,vk,Аудиостриминг,,,2,"0,01",0,ICECREAMMUSIC
5063466998484,Не могу найти,4,vk,Подписка,,,1,"0,03",0,ICECREAMMUSIC
5063466998484,Не могу найти,4,КИОН Музыка,Подписка,,,1,0,"0,07",ICECREAMMUSIC
5063466998484,Не могу найти,4,КИОН Музыка,Подписка,,,1,"0,02",0,ICECREAMMUSIC
5063466998484,Не могу найти,4,Яндекс.Музыка,Аудиостриминг,,,1,0,"0,01",ICECREAMMUSIC
5063466998484,Не могу найти,4,Яндекс.Музыка,Аудиостриминг,,,2,0,"0,01",ICECREAMMUSIC
5063466998484,Не могу найти,4,Яндекс.Музыка,Аудиостриминг,,,3,0,"0,02",ICECREAMMUSIC
5063466998484,Не могу найти,4,Яндекс.Музыка,Аудиостриминг,,,3,0,"0,02",ICECREAMMUSIC
5063466998484,Не могу найти,4,Яндекс.Музыка,Подписка,,,7,0,"0,22",ICECREAMMUSIC
5063466998484,Не могу найти,4,Яндекс.Музыка,Подписка,,,10,0,"0,36",ICECREAMMUSIC
5063466998484,Не могу найти,4,Яндекс.Музыка,Подписка,,,10,0,"0,37",ICECREAMMUSIC
5063466998484,Не могу найти,4,Яндекс.Музыка,Подписка,,,24,"0,14",0,ICECREAMMUSIC
GUT200272,Не молчи,Ася Войнова,Apple Music,Подписка,,,4,"0,06",0,ICECREAMMUSIC
GUT200272,Не молчи,Ася Войнова,vk,Аудиостриминг,,,1,0,"0,01",ICECREAMMUSIC
GUT200272,Не молчи,Ася Войнова,vk,Аудиостриминг,,,1,0,"0,02",ICECREAMMUSIC
GUT200272,Не молчи,Ася Войнова,vk,Аудиостриминг,,,1,0,"0,02",ICECREAMMUSIC
GUT200272,Не молчи,Ася Войнова,vk,Подписка,,,2,0,"0,25",ICECREAMMUSIC
GUT200272,Не молчи,Ася Войнова,vk,Подписка,,,2,"0,06",0,ICECREAMMUSIC
GUT200272,Не молчи,Ася Войнова,YouTube,Аудиостриминг,,,16,0,"0,01",ICECREAMMUSIC
GUT200272,Не молчи,Ася Войнова,YouTube,Аудио,,,10,0,"0,02",ICECREAMMUSIC
GUT200272,Не молчи,Ася Войнова,YouTube Premium,Подписка,,,2,0,"0,14",ICECREAMMUSIC
GUT200272,Не молчи,Ася Войнова,Звук,Подписка,,,1,0,"0,2",ICECREAMMUSIC
GUT200272,Не молчи,Ася Войнова,Иная дистрибуция,Видео,,,29,0,"0,01",ICECREAMMUSIC
GUT200272,Не молчи,Ася Войнова,Иная дистрибуция,Видео,,,32,0,"0,01",ICECREAMMUSIC
GUT200272,Не молчи,Ася Войнова,Иная дистрибуция,Видео,,,44,0,"0,01",ICECREAMMUSIC
GUT200272,Не молчи,Ася Войнова,Яндекс.Музыка,Аудиостриминг,,,3,0,"0,02",ICECREAMMUSIC
GUT200272,Не молчи,Ася Войнова,Яндекс.Музыка,Аудиостриминг,,,5,0,"0,03",ICECREAMMUSIC
GUT200272,Не молчи,Ася Войнова,Яндекс.Музыка,Аудиостриминг,,,6,0,"0,04",ICECREAMMUSIC
GUT200272,Не молчи,Ася Войнова,Яндекс.Музыка,Подписка,,,10,0,"0,38",ICECREAMMUSIC
GUT200272,Не молчи,Ася Войнова,Яндекс.Музыка,Подписка,,,17,0,"0,64",ICECREAMMUSIC
GUT200272,Не молчи,Ася Войнова,Яндекс.Музыка,Подписка,,,22,0,"0,85",ICECREAMMUSIC
GUT200272,Не молчи,Ася Войнова,Яндекс.Музыка,Аудиостриминг,,,2,"0,01",0,ICECREAMMUSIC
GUT200272,Не молчи,Ася Войнова,Яндекс.Музыка,Подписка,,,36,"0,21",0,ICECREAMMUSIC
5063833728249,Не нужен,Voryb,SoundCloud,Аудиостриминг,,,1,0,"0,01",ICECREAMMUSIC
5063833728249,Не нужен,Voryb,TikTok,Видео,,,2,0,"0,04",ICECREAMMUSIC
5063833728249,Не нужен,Voryb,КИОН Музыка,Подписка,,,1,0,"0,07",ICECREAMMUSIC
5063833728249,Не нужен,Voryb,КИОН Музыка,Подписка,,,1,"0,02",0,ICECREAMMUSIC
5063833728249,Не нужен,Voryb,Яндекс.Музыка,Аудиостриминг,,,1,0,0,ICECREAMMUSIC
5063833728249,Не нужен,Voryb,Яндекс.Музыка,Аудиостриминг,,,1,0,"0,01",ICECREAMMUSIC
5063833728249,Не нужен,Voryb,Яндекс.Музыка,Аудиостриминг,,,3,0,"0,01",ICECREAMMUSIC
5063833728249,Не нужен,Voryb,Яндекс.Музыка,Подписка,,,3,0,"0,08",ICECREAMMUSIC
5063833728249,Не нужен,Voryb,Яндекс.Музыка,Подписка,,,4,0,"0,13",ICECREAMMUSIC
5063833728249,Не нужен,Voryb,Яндекс.Музыка,Подписка,,,10,0,"0,34",ICECREAMMUSIC
5063833728249,Не нужен,Voryb,Яндекс.Музыка,Подписка,,,24,"0,14",0,ICECREAMMUSIC
5063466508409,НЕ ОДИН,ASTAPOV,Apple Music,Подписка,,,1,0,"0,14",ICECREAMMUSIC
5063466508409,НЕ ОДИН,ASTAPOV,vk,Аудиостриминг,,,1,0,"0,01",ICECREAMMUSIC
5063466508409,НЕ ОДИН,ASTAPOV,vk,Аудиостриминг,,,1,0,"0,02",ICECREAMMUSIC
5063466508409,НЕ ОДИН,ASTAPOV,vk,Аудиостриминг,,,1,0,"0,02",ICECREAMMUSIC
5063466508409,НЕ ОДИН,ASTAPOV,vk,Подписка,,,1,0,"0,15",ICECREAMMUSIC
5063466508409,НЕ ОДИН,ASTAPOV,vk,Подписка,,,3,0,"0,46",ICECREAMMUSIC
5063466508409,НЕ ОДИН,ASTAPOV,vk,Подписка,,,1,"0,04",0,ICECREAMMUSIC
5063466508409,НЕ ОДИН,ASTAPOV,vk,Подписка,,,3,"0,11",0,ICECREAMMUSIC
5063466508409,НЕ ОДИН,ASTAPOV,Одноклассники,Подписка,,,1,0,"0,35",ICECREAMMUSIC
5063466508409,НЕ ОДИН,ASTAPOV,Одноклассники,Подписка,,,1,"0,08",0,ICECREAMMUSIC
5063466508409,НЕ ОДИН,ASTAPOV,Яндекс.Музыка,Аудиостриминг,,,1,0,0,ICECREAMMUSIC
5063466508409,НЕ ОДИН,ASTAPOV,Яндекс.Музыка,Аудиостриминг,,,1,0,0,ICECREAMMUSIC
5063466508409,НЕ ОДИН,ASTAPOV,Яндекс.Музыка,Аудиостриминг,,,1,0,"0,01",ICECREAMMUSIC
5063466508409,НЕ ОДИН,ASTAPOV,Яндекс.Музыка,Подписка,,,1,0,"0,02",ICECREAMMUSIC
5063466508409,НЕ ОДИН,ASTAPOV,Яндекс.Музыка,Подписка,,,1,0,"0,02",ICECREAMMUSIC
5063466508409,НЕ ОДИН,ASTAPOV,Яндекс.Музыка,Подписка,,,4,0,"0,13",ICECREAMMUSIC
5063466508409,НЕ ОДИН,ASTAPOV,Яндекс.Музыка,Подписка,,,2,"0,01",0,ICECREAMMUSIC
5063466323149,Не одна,Reiko,vk,Аудиостриминг,,,1,0,"0,01",ICECREAMMUSIC
5063466323149,Не одна,Reiko,vk,Аудиостриминг,,,2,0,"0,03",ICECREAMMUSIC
5063466323149,Не одна,Reiko,vk,Подписка,,,1,0,"0,15",ICECREAMMUSIC
5063466323149,Не одна,Reiko,vk,Аудиостриминг,,,2,"0,01",0,ICECREAMMUSIC
5063466323149,Не одна,Reiko,vk,Подписка,,,1,"0,04",0,ICECREAMMUSIC
5063466323149,Не одна,Reiko,Яндекс.Музыка,Аудиостриминг,,,1,0,0,ICECREAMMUSIC
5063466323149,Не одна,Reiko,Яндекс.Музыка,Подписка,,,1,0,"0,02",ICECREAMMUSIC
5063466323149,Не одна,Reiko,Яндекс.Музыка,Подписка,,,2,"0,01",0,ICECREAMMUSIC
5063833330831,НЕ ПОЗВОЛЯЮ,malyshkin,vk,Аудиостриминг,,,1,0,0,ICECREAMMUSIC
5063833330831,НЕ ПОЗВОЛЯЮ,malyshkin,vk,Аудиостриминг,,,1,0,"0,01",ICECREAMMUSIC
5063833330831,НЕ ПОЗВОЛЯЮ,malyshkin,vk,Аудиостриминг,,,2,0,"0,03",ICECREAMMUSIC
5063833330831,НЕ ПОЗВОЛЯЮ,malyshkin,vk,Аудиостриминг,,,2,0,"0,03",ICECREAMMUSIC
5063833330831,НЕ ПОЗВОЛЯЮ,malyshkin,vk,Аудиостриминг,,,2,0,"0,05",ICECREAMMUSIC
5063833330831,НЕ ПОЗВОЛЯЮ,malyshkin,vk,Подписка,,,1,0,"0,06",ICECREAMMUSIC
5063833330831,НЕ ПОЗВОЛЯЮ,malyshkin,vk,Подписка,,,2,0,"0,17",ICECREAMMUSIC
5063833330831,НЕ ПОЗВОЛЯЮ,malyshkin,vk,Подписка,,,6,0,"1,12",ICECREAMMUSIC
5063833330831,НЕ ПОЗВОЛЯЮ,malyshkin,vk,Аудиостриминг,,,2,"0,01",0,ICECREAMMUSIC
5063833330831,НЕ ПОЗВОЛЯЮ,malyshkin,vk,Аудиостриминг,,,2,"0,01",0,ICECREAMMUSIC
5063833330831,НЕ ПОЗВОЛЯЮ,malyshkin,vk,Подписка,,,1,"0,01",0,ICECREAMMUSIC
5063833330831,НЕ ПОЗВОЛЯЮ,malyshkin,vk,Подписка,,,2,"0,04",0,ICECREAMMUSIC
5063833330831,НЕ ПОЗВОЛЯЮ,malyshkin,vk,Тексты песен,,,3,"0,09",0,ICECREAMMUSIC
5063833330831,НЕ ПОЗВОЛЯЮ,malyshkin,vk,Подписка,,,7,"0,27",0,ICECREAMMUSIC
5063833330831,НЕ ПОЗВОЛЯЮ,malyshkin,КИОН Музыка,Подписка,,,1,0,"0,07",ICECREAMMUSIC
5063833330831,НЕ ПОЗВОЛЯЮ,malyshkin,КИОН Музыка,Подписка,,,1,"0,02",0,ICECREAMMUSIC
5063833330831,НЕ ПОЗВОЛЯЮ,malyshkin,Яндекс.Музыка,Аудиостриминг,,,1,0,0,ICECREAMMUSIC
5063833330831,НЕ ПОЗВОЛЯЮ,malyshkin,Яндекс.Музыка,Аудиостриминг,,,1,0,"0,01",ICECREAMMUSIC
5063833330831,НЕ ПОЗВОЛЯЮ,malyshkin,Яндекс.Музыка,Аудиостриминг,,,2,0,"0,01",ICECREAMMUSIC
5063833330831,НЕ ПОЗВОЛЯЮ,malyshkin,Яндекс.Музыка,Подписка,,,3,0,"0,08",ICECREAMMUSIC
5063833330831,НЕ ПОЗВОЛЯЮ,malyshkin,Яндекс.Музыка,Подписка,,,4,0,"0,13",ICECREAMMUSIC
5063833330831,НЕ ПОЗВОЛЯЮ,malyshkin,Яндекс.Музыка,Подписка,,,6,0,"0,2",ICECREAMMUSIC
5063833330831,НЕ ПОЗВОЛЯЮ,malyshkin,Яндекс.Музыка,Аудиостриминг,,,2,"0,01",0,ICECREAMMUSIC
5063833330831,НЕ ПОЗВОЛЯЮ,malyshkin,Яндекс.Музыка,Подписка,,,9,"0,06",0,ICECREAMMUSIC
5063466171634,Недоступны номера,"CHEDLY, WAINER-KIN",vk,Аудиостриминг,,,1,0,"0,02",ICECREAMMUSIC
5063466171634,Недоступны номера,"CHEDLY, WAINER-KIN",vk,Аудиостриминг,,,1,0,"0,02",ICECREAMMUSIC
5063466171634,Недоступны номера,"CHEDLY, WAINER-KIN",vk,Аудиостриминг,,,4,0,"0,06",ICECREAMMUSIC
5063466171634,Недоступны номера,"CHEDLY, WAINER-KIN",vk,Аудиостриминг,,,4,"0,01",0,ICECREAMMUSIC
5063466171634,Недоступны номера,"CHEDLY, WAINER-KIN",vk,Тексты песен,,,3,"0,09",0,ICECREAMMUSIC
5063466171634,Недоступны номера,"CHEDLY, WAINER-KIN",Одноклассники,Аудиостриминг,,,2,0,"0,03",ICECREAMMUSIC
5063466171634,Недоступны номера,"CHEDLY, WAINER-KIN",Одноклассники,Аудиостриминг,,,3,0,"0,05",ICECREAMMUSIC
5063466171634,Недоступны номера,"CHEDLY, WAINER-KIN",Одноклассники,Аудиостриминг,,,12,0,"0,21",ICECREAMMUSIC
5063466171634,Недоступны номера,"CHEDLY, WAINER-KIN",Одноклассники,Аудиостриминг,,,3,"0,01",0,ICECREAMMUSIC
5063466171634,Недоступны номера,"CHEDLY, WAINER-KIN",Одноклассники,Аудиостриминг,,,2,"0,01",0,ICECREAMMUSIC
5063466171634,Недоступны номера,"CHEDLY, WAINER-KIN",Одноклассники,Аудиостриминг,,,12,"0,04",0,ICECREAMMUSIC
5063466171634,Недоступны номера,"CHEDLY, WAINER-KIN",Яндекс.Музыка,Аудиостриминг,,,1,0,"0,01",ICECREAMMUSIC
5063466171634,Недоступны номера,"CHEDLY, WAINER-KIN",Яндекс.Музыка,Аудиостриминг,,,2,0,"0,01",ICECREAMMUSIC
5063466171634,Недоступны номера,"CHEDLY, WAINER-KIN",Яндекс.Музыка,Аудиостриминг,,,3,0,"0,01",ICECREAMMUSIC
5063466171634,Недоступны номера,"CHEDLY, WAINER-KIN",Яндекс.Музыка,Подписка,,,4,0,"0,15",ICECREAMMUSIC
5063466171634,Недоступны номера,"CHEDLY, WAINER-KIN",Яндекс.Музыка,Подписка,,,5,0,"0,17",ICECREAMMUSIC
5063466171634,Недоступны номера,"CHEDLY, WAINER-KIN",Яндекс.Музыка,Подписка,,,9,0,"0,34",ICECREAMMUSIC
5063466171634,Недоступны номера,"CHEDLY, WAINER-KIN",Яндекс.Музыка,Подписка,,,21,"0,12",0,ICECREAMMUSIC
5063466311450,Некогда опять,VALERON,Amazon,Подписка,,,1,0,"0,02",ICECREAMMUSIC
5063466311450,Некогда опять,VALERON,QQMusic,Аудиостриминг,,,1,0,"0,01",ICECREAMMUSIC
5063466311450,Некогда опять,VALERON,QQMusic,Аудиостриминг,,,2,0,"0,02",ICECREAMMUSIC
5063466311450,Некогда опять,VALERON,TIDAL,Подписка,,,1,0,"0,2",ICECREAMMUSIC
5063466311450,Некогда опять,VALERON,vk,Аудиостриминг,,,1,0,0,ICECREAMMUSIC
5063466311450,Некогда опять,VALERON,vk,Подписка,,,2,0,"0,09",ICECREAMMUSIC
5063466311450,Некогда опять,VALERON,vk,Подписка,,,2,"0,02",0,ICECREAMMUSIC
5063466311450,Некогда опять,VALERON,Яндекс.Музыка,Аудиостриминг,,,1,0,0,ICECREAMMUSIC
5063466311450,Некогда опять,VALERON,Яндекс.Музыка,Аудиостриминг,,,1,0,0,ICECREAMMUSIC
5063466311450,Некогда опять,VALERON,Яндекс.Музыка,Подписка,,,1,0,"0,02",ICECREAMMUSIC
5063466311450,Некогда опять,VALERON,Яндекс.Музыка,Подписка,,,2,0,"0,05",ICECREAMMUSIC
5063466311450,Некогда опять,VALERON,Яндекс.Музыка,Подписка,,,4,"0,02",0,ICECREAMMUSIC
5063635251655,Нет места,"Reiko, nelubov'",vk,Аудиостриминг,,,1,0,"0,01",ICECREAMMUSIC
5063635251655,Нет места,"Reiko, nelubov'",vk,Аудиостриминг,,,4,0,"0,06",ICECREAMMUSIC
5063635251655,Нет места,"Reiko, nelubov'",vk,Подписка,,,2,0,"0,31",ICECREAMMUSIC
5063635251655,Нет места,"Reiko, nelubov'",vk,Аудиостриминг,,,4,"0,01",0,ICECREAMMUSIC
5063635251655,Нет места,"Reiko, nelubov'",vk,Подписка,,,2,"0,08",0,ICECREAMMUSIC
5063635251655,Нет места,"Reiko, nelubov'",YouTube Premium,Подписка,,,2,0,"0,05",ICECREAMMUSIC
5063635251655,Нет места,"Reiko, nelubov'",YouTube Premium,Подписка,,,2,0,"0,11",ICECREAMMUSIC
5063635251655,Нет места,"Reiko, nelubov'",YouTube Premium,Подписка,,,10,0,"0,13",ICECREAMMUSIC
5063635251655,Нет места,"Reiko, nelubov'",Звук,Подписка,,,1,"0,03",0,ICECREAMMUSIC
5063635251655,Нет места,"Reiko, nelubov'",Яндекс.Музыка,Аудиостриминг,,,1,0,0,ICECREAMMUSIC
5063635251655,Нет места,"Reiko, nelubov'",Яндекс.Музыка,Подписка,,,1,0,"0,02",ICECREAMMUSIC
5063635251655,Нет места,"Reiko, nelubov'",Яндекс.Музыка,Подписка,,,1,"0,01",0,ICECREAMMUSIC
5063833475419,никогда,obs1d1an,vk,Аудиостриминг,,,2,0,"0,03",ICECREAMMUSIC
5063833475419,никогда,obs1d1an,vk,Аудиостриминг,,,4,0,"0,06",ICECREAMMUSIC
5063833475419,никогда,obs1d1an,vk,Аудиостриминг,,,2,"0,01",0,ICECREAMMUSIC
5063833475419,никогда,obs1d1an,vk,Аудиостриминг,,,4,"0,01",0,ICECREAMMUSIC
5063833475419,никогда,obs1d1an,Звук,Подписка,,,1,0,"0,18",ICECREAMMUSIC
5063833475419,никогда,obs1d1an,Звук,Подписка,,,4,0,"0,96",ICECREAMMUSIC
5063833475419,никогда,obs1d1an,Звук,Подписка,,,2,"0,06",0,ICECREAMMUSIC
5063833475419,никогда,obs1d1an,КИОН Музыка,Подписка,,,1,0,"0,07",ICECREAMMUSIC
5063833475419,никогда,obs1d1an,КИОН Музыка,Подписка,,,1,"0,02",0,ICECREAMMUSIC
5063833475419,никогда,obs1d1an,Яндекс.Музыка,Аудиостриминг,,,2,0,"0,01",ICECREAMMUSIC
5063833475419,никогда,obs1d1an,Яндекс.Музыка,Аудиостриминг,,,2,0,"0,01",ICECREAMMUSIC
5063833475419,никогда,obs1d1an,Яндекс.Музыка,Аудиостриминг,,,4,0,"0,02",ICECREAMMUSIC
5063833475419,никогда,obs1d1an,Яндекс.Музыка,Подписка,,,6,0,"0,2",ICECREAMMUSIC
5063833475419,никогда,obs1d1an,Яндекс.Музыка,Подписка,,,8,0,"0,31",ICECREAMMUSIC
5063833475419,никогда,obs1d1an,Яндекс.Музыка,Подписка,,,14,0,"0,54",ICECREAMMUSIC
5063833475419,никогда,obs1d1an,Яндекс.Музыка,Подписка,,,26,"0,15",0,ICECREAMMUSIC
5063466998439,Никогда,"WhiteFluffy, ilyxinadgo",Яндекс.Музыка,Аудиостриминг,,,1,0,0,ICECREAMMUSIC
5063466998439,Никогда,"WhiteFluffy, ilyxinadgo",Яндекс.Музыка,Аудиостриминг,,,1,0,0,ICECREAMMUSIC
5063466998439,Никогда,"WhiteFluffy, ilyxinadgo",Яндекс.Музыка,Аудиостриминг,,,1,0,0,ICECREAMMUSIC
5063466998439,Никогда,"WhiteFluffy, ilyxinadgo",Яндекс.Музыка,Подписка,,,1,0,"0,02",ICECREAMMUSIC
5063466998439,Никогда,"WhiteFluffy, ilyxinadgo",Яндекс.Музыка,Подписка,,,3,0,"0,07",ICECREAMMUSIC
5063466998439,Никогда,"WhiteFluffy, ilyxinadgo",Яндекс.Музыка,Подписка,,,3,0,"0,08",ICECREAMMUSIC
5063466998439,Никогда,"WhiteFluffy, ilyxinadgo",Яндекс.Музыка,Подписка,,,9,"0,06",0,ICECREAMMUSIC
5063635529631,Никто не знал,VYSHUTIN,MusixMatch,Тексты песен,,,8,"0,03",0,ICECREAMMUSIC
5063635529631,Никто не знал,VYSHUTIN,SoundCloud,Аудиостриминг,,,3,0,"0,09",ICECREAMMUSIC
5063635529631,Никто не знал,VYSHUTIN,vk,Аудиостриминг,,,1,0,"0,01",ICECREAMMUSIC
5063635529631,Никто не знал,VYSHUTIN,vk,Аудиостриминг,,,1,0,"0,02",ICECREAMMUSIC
5063635529631,Никто не знал,VYSHUTIN,vk,Аудиостриминг,,,1,0,"0,02",ICECREAMMUSIC
5063635529631,Никто не знал,VYSHUTIN,vk,Аудиостриминг,,,2,0,"0,05",ICECREAMMUSIC
5063635529631,Никто не знал,VYSHUTIN,vk,Аудиостриминг,,,3,0,"0,07",ICECREAMMUSIC
5063635529631,Никто не знал,VYSHUTIN,vk,Подписка,,,4,0,"0,33",ICECREAMMUSIC
5063635529631,Никто не знал,VYSHUTIN,vk,Подписка,,,11,0,"1,2",ICECREAMMUSIC
5063635529631,Никто не знал,VYSHUTIN,vk,Подписка,,,15,0,"1,57",ICECREAMMUSIC
5063635529631,Никто не знал,VYSHUTIN,vk,Подписка,,,4,"0,08",0,ICECREAMMUSIC
5063635529631,Никто не знал,VYSHUTIN,vk,Подписка,,,12,"0,3",0,ICECREAMMUSIC
5063635529631,Никто не знал,VYSHUTIN,vk,Подписка,,,17,"0,39",0,ICECREAMMUSIC
5063635529631,Никто не знал,VYSHUTIN,Яндекс.Музыка,Аудиостриминг,,,1,0,0,ICECREAMMUSIC
5063635529631,Никто не знал,VYSHUTIN,Яндекс.Музыка,Аудиостриминг,,,1,0,0,ICECREAMMUSIC
5063635529631,Никто не знал,VYSHUTIN,Яндекс.Музыка,Аудиостриминг,,,1,0,"0,01",ICECREAMMUSIC
5063635529631,Никто не знал,VYSHUTIN,Яндекс.Музыка,Подписка,,,1,0,"0,02",ICECREAMMUSIC
5063635529631,Никто не знал,VYSHUTIN,Яндекс.Музыка,Подписка,,,4,0,"0,1",ICECREAMMUSIC
5063635529631,Никто не знал,VYSHUTIN,Яндекс.Музыка,Подписка,,,4,0,"0,15",ICECREAMMUSIC
5063635529631,Никто не знал,VYSHUTIN,Яндекс.Музыка,Подписка,,,5,"0,03",0,ICECREAMMUSIC
5063635529631,Никто не знал (Slowed),VYSHUTIN,MusixMatch,Тексты песен,,,5,"0,03",0,ICECREAMMUSIC
5063635529631,Никто не знал (Slowed),VYSHUTIN,SoundCloud,Аудиостриминг,,,1,0,"0,03",ICECREAMMUSIC
5063635529631,Никто не знал (Slowed),VYSHUTIN,vk,Аудиостриминг,,,1,0,0,ICECREAMMUSIC
5063635529631,Никто не знал (Slowed),VYSHUTIN,vk,Аудиостриминг,,,1,0,"0,01",ICECREAMMUSIC
5063635529631,Никто не знал (Slowed),VYSHUTIN,vk,Аудиостриминг,,,4,0,"0,06",ICECREAMMUSIC
5063635529631,Никто не знал (Slowed),VYSHUTIN,vk,Подписка,,,1,0,"0,07",ICECREAMMUSIC
5063635529631,Никто не знал (Slowed),VYSHUTIN,vk,Подписка,,,1,0,"0,13",ICECREAMMUSIC
5063635529631,Никто не знал (Slowed),VYSHUTIN,vk,Аудиостриминг,,,4,"0,01",0,ICECREAMMUSIC
5063635529631,Никто не знал (Slowed),VYSHUTIN,vk,Подписка,,,1,"0,02",0,ICECREAMMUSIC
5063635529631,Никто не знал (Slowed),VYSHUTIN,vk,Подписка,,,1,"0,03",0,ICECREAMMUSIC
5063635529631,Никто не знал (Slowed),VYSHUTIN,Иная дистрибуция,Видео,,,12,0,"0,02",ICECREAMMUSIC
5063635529631,Никто не знал (Slowed),VYSHUTIN,Яндекс.Музыка,Аудиостриминг,,,1,0,0,ICECREAMMUSIC
5063635529631,Никто не знал (Slowed),VYSHUTIN,Яндекс.Музыка,Подписка,,,2,0,"0,06",ICECREAMMUSIC
5063635529631,Никто не знал (Slowed),VYSHUTIN,Яндекс.Музыка,Подписка,,,2,"0,01",0,ICECREAMMUSIC
5063466282118,но там нет тебя,CHEDLY,vk,Аудиостриминг,,,1,0,0,ICECREAMMUSIC
5063466282118,но там нет тебя,CHEDLY,vk,Аудиостриминг,,,1,0,"0,01",ICECREAMMUSIC
5063466282118,но там нет тебя,CHEDLY,vk,Аудиостриминг,,,2,0,"0,03",ICECREAMMUSIC
5063466282118,но там нет тебя,CHEDLY,vk,Аудиостриминг,,,3,0,"0,05",ICECREAMMUSIC
5063466282118,но там нет тебя,CHEDLY,vk,Подписка,,,1,0,"0,07",ICECREAMMUSIC
5063466282118,но там нет тебя,CHEDLY,vk,Аудиостриминг,,,5,0,"0,09",ICECREAMMUSIC
5063466282118,но там нет тебя,CHEDLY,vk,Подписка,,,1,0,"0,13",ICECREAMMUSIC
5063466282118,но там нет тебя,CHEDLY,vk,Аудиостриминг,,,3,"0,01",0,ICECREAMMUSIC
5063466282118,но там нет тебя,CHEDLY,vk,Аудиостриминг,,,2,"0,01",0,ICECREAMMUSIC
5063466282118,но там нет тебя,CHEDLY,vk,Аудиостриминг,,,5,"0,02",0,ICECREAMMUSIC
5063466282118,но там нет тебя,CHEDLY,vk,Подписка,,,1,"0,02",0,ICECREAMMUSIC
5063466282118,но там нет тебя,CHEDLY,vk,Подписка,,,1,"0,03",0,ICECREAMMUSIC
5063466282118,но там нет тебя,CHEDLY,Звук,Подписка,,,1,0,"0,18",ICECREAMMUSIC
5063466282118,но там нет тебя,CHEDLY,Звук,Подписка,,,2,"0,06",0,ICECREAMMUSIC
5063466282118,но там нет тебя,CHEDLY,Одноклассники,Аудиостриминг,,,1,0,"0,02",ICECREAMMUSIC
5063466282118,но там нет тебя,CHEDLY,Яндекс.Музыка,Аудиостриминг,,,1,0,0,ICECREAMMUSIC
5063466282118,но там нет тебя,CHEDLY,Яндекс.Музыка,Аудиостриминг,,,2,0,"0,01",ICECREAMMUSIC
5063466282118,но там нет тебя,CHEDLY,Яндекс.Музыка,Подписка,,,3,0,"0,07",ICECREAMMUSIC
5063466282118,но там нет тебя,CHEDLY,Яндекс.Музыка,Подписка,,,5,0,"0,18",ICECREAMMUSIC
5063466282118,но там нет тебя,CHEDLY,Яндекс.Музыка,Подписка,,,5,"0,03",0,ICECREAMMUSIC
5063635067744,Новогодняя,FATAL',vk,Аудиостриминг,,,1,0,"0,02",ICECREAMMUSIC
5063635067744,Новогодняя,FATAL',Яндекс.Музыка,Аудиостриминг,,,1,0,0,ICECREAMMUSIC
5063635067744,Новогодняя,FATAL',Яндекс.Музыка,Аудиостриминг,,,1,0,"0,01",ICECREAMMUSIC
5063635067744,Новогодняя,FATAL',Яндекс.Музыка,Подписка,,,2,0,"0,05",ICECREAMMUSIC
5063635067744,Новогодняя,FATAL',Яндекс.Музыка,Подписка,,,4,"0,02",0,ICECREAMMUSIC
5063945256708,Ножевые Раны,"WhiteFluffy, s1eepy, ilyxinadgo",vk,Аудиостриминг,,,1,0,"0,02",ICECREAMMUSIC
5063945256708,Ножевые Раны,"WhiteFluffy, s1eepy, ilyxinadgo",vk,Аудиостриминг,,,17,0,"0,35",ICECREAMMUSIC
5063945256708,Ножевые Раны,"WhiteFluffy, s1eepy, ilyxinadgo",vk,Подписка,,,3,0,"0,38",ICECREAMMUSIC
5063945256708,Ножевые Раны,"WhiteFluffy, s1eepy, ilyxinadgo",vk,Пробная подписка,,,4,0,"1,42",ICECREAMMUSIC
5063945256708,Ножевые Раны,"WhiteFluffy, s1eepy, ilyxinadgo",vk,Пробная подписка,,,15,0,"7,41",ICECREAMMUSIC
5063945256708,Ножевые Раны,"WhiteFluffy, s1eepy, ilyxinadgo",vk,Аудиостриминг,,,20,"0,06",0,ICECREAMMUSIC
5063945256708,Ножевые Раны,"WhiteFluffy, s1eepy, ilyxinadgo",vk,Подписка,,,3,"0,1",0,ICECREAMMUSIC
5063945256708,Ножевые Раны,"WhiteFluffy, s1eepy, ilyxinadgo",vk,Пробная подписка,,,4,"0,35",0,ICECREAMMUSIC
5063945256708,Ножевые Раны,"WhiteFluffy, s1eepy, ilyxinadgo",vk,Пробная подписка,,,17,"1,83",0,ICECREAMMUSIC
5063945256708,Ножевые Раны,"WhiteFluffy, s1eepy, ilyxinadgo",YouTube,Аудио,,,5,0,"0,1",ICECREAMMUSIC
5063945256708,Ножевые Раны,"WhiteFluffy, s1eepy, ilyxinadgo",Яндекс.Музыка,Аудиостриминг,,,2,0,"0,01",ICECREAMMUSIC
5063945256708,Ножевые Раны,"WhiteFluffy, s1eepy, ilyxinadgo",Яндекс.Музыка,Аудиостриминг,,,4,0,"0,02",ICECREAMMUSIC
5063945256708,Ножевые Раны,"WhiteFluffy, s1eepy, ilyxinadgo",Яндекс.Музыка,Подписка,,,6,0,"0,2",ICECREAMMUSIC
5063945256708,Ножевые Раны,"WhiteFluffy, s1eepy, ilyxinadgo",Яндекс.Музыка,Подписка,,,14,0,"0,54",ICECREAMMUSIC
5063466816016,Ночью,Red Pradosa,Amazon,Подписка,,,1,0,"0,02",ICECREAMMUSIC
5063466816016,Ночью,Red Pradosa,Apple Music,Подписка,,,4,"0,01",0,ICECREAMMUSIC
5063466816016,Ночью,Red Pradosa,MusixMatch,Тексты песен,,,2,"0,01",0,ICECREAMMUSIC
5063466816016,Ночью,Red Pradosa,vk,Аудиостриминг,,,1,0,"0,01",ICECREAMMUSIC
5063466816016,Ночью,Red Pradosa,vk,Аудиостриминг,,,1,0,"0,03",ICECREAMMUSIC
5063466816016,Ночью,Red Pradosa,vk,Аудиостриминг,,,1,0,"0,03",ICECREAMMUSIC
5063466816016,Ночью,Red Pradosa,vk,Подписка,,,1,0,"0,15",ICECREAMMUSIC
5063466816016,Ночью,Red Pradosa,vk,Аудиостриминг,,,12,0,"0,23",ICECREAMMUSIC
5063466816016,Ночью,Red Pradosa,vk,Аудиостриминг,,,14,0,"0,27",ICECREAMMUSIC
5063466816016,Ночью,Red Pradosa,vk,Аудиостриминг,,,19,0,"0,4",ICECREAMMUSIC
5063466816016,Ночью,Red Pradosa,vk,Подписка,,,5,0,"0,7",ICECREAMMUSIC
5063466816016,Ночью,Red Pradosa,vk,Подписка,,,5,0,"0,76",ICECREAMMUSIC
5063466816016,Ночью,Red Pradosa,vk,Подписка,,,1,"0,04",0,ICECREAMMUSIC
5063466816016,Ночью,Red Pradosa,vk,Аудиостриминг,,,13,"0,04",0,ICECREAMMUSIC
5063466816016,Ночью,Red Pradosa,vk,Аудиостриминг,,,16,"0,06",0,ICECREAMMUSIC
5063466816016,Ночью,Red Pradosa,vk,Аудиостриминг,,,22,"0,07",0,ICECREAMMUSIC
5063466816016,Ночью,Red Pradosa,vk,Подписка,,,5,"0,17",0,ICECREAMMUSIC
5063466816016,Ночью,Red Pradosa,vk,Подписка,,,5,"0,18",0,ICECREAMMUSIC
5063466816016,Ночью,Red Pradosa,Звук,Подписка,,,1,"0,03",0,ICECREAMMUSIC
5063466816016,Ночью,Red Pradosa,Яндекс.Музыка,Аудиостриминг,,,1,0,0,ICECREAMMUSIC
5063466816016,Ночью,Red Pradosa,Яндекс.Музыка,Аудиостриминг,,,1,0,0,ICECREAMMUSIC
5063466816016,Ночью,Red Pradosa,Яндекс.Музыка,Аудиостриминг,,,1,0,"0,01",ICECREAMMUSIC
5063466816016,Ночью,Red Pradosa,Яндекс.Музыка,Подписка,,,1,0,"0,02",ICECREAMMUSIC
5063466816016,Ночью,Red Pradosa,Яндекс.Музыка,Подписка,,,2,0,"0,06",ICECREAMMUSIC
5063466816016,Ночью,Red Pradosa,Яндекс.Музыка,Подписка,,,4,0,"0,13",ICECREAMMUSIC
5063466816016,Ночью,Red Pradosa,Яндекс.Музыка,Подписка,,,8,"0,04",0,ICECREAMMUSIC
5063316585918,Ночью на балконе,STANN,vk,Аудиостриминг,,,1,0,"0,03",Ckeabrona Beats
5063316585918,Ночью на балконе,STANN,vk,Аудиостриминг,,,1,0,"0,03",Ckeabrona Beats
5063316585918,Ночью на балконе,STANN,vk,Аудиостриминг,,,3,0,"0,05",Ckeabrona Beats
5063316585918,Ночью на балконе,STANN,vk,Аудиостриминг,,,4,0,"0,06",Ckeabrona Beats
5063316585918,Ночью на балконе,STANN,vk,Аудиостриминг,,,4,0,"0,07",Ckeabrona Beats
5063316585918,Ночью на балконе,STANN,vk,Подписка,,,4,0,"0,61",Ckeabrona Beats
5063316585918,Ночью на балконе,STANN,vk,Подписка,,,4,0,"0,64",Ckeabrona Beats
5063316585918,Ночью на балконе,STANN,vk,Аудиостриминг,,,3,"0,01",0,Ckeabrona Beats
5063316585918,Ночью на балконе,STANN,vk,Аудиостриминг,,,4,"0,01",0,Ckeabrona Beats
5063316585918,Ночью на балконе,STANN,vk,Аудиостриминг,,,4,"0,01",0,Ckeabrona Beats
5063316585918,Ночью на балконе,STANN,vk,Подписка,,,4,"0,15",0,Ckeabrona Beats
5063316585918,Ночью на балконе,STANN,vk,Подписка,,,4,"0,15",0,Ckeabrona Beats
5063316585918,Ночью на балконе,STANN,Яндекс.Музыка,Аудиостриминг,,,1,0,0,Ckeabrona Beats
5063316585918,Ночью на балконе,STANN,Яндекс.Музыка,Подписка,,,1,0,"0,02",Ckeabrona Beats
5063316585918,Ночью на балконе,STANN,Яндекс.Музыка,Подписка,,,6,"0,03",0,Ckeabrona Beats
5063466927897,Ноябрь,"Прустовский, Неоклассик",vk,Аудиостриминг,,,1,0,"0,01",ICECREAMMUSIC
5063466927897,Ноябрь,"Прустовский, Неоклассик",vk,Подписка,,,2,0,"0,23",ICECREAMMUSIC
5063466927897,Ноябрь,"Прустовский, Неоклассик",vk,Подписка,,,2,"0,06",0,ICECREAMMUSIC
5063466927897,Ноябрь,"Прустовский, Неоклассик",Звук,Подписка,,,1,0,"0,2",ICECREAMMUSIC
5063466927897,Ноябрь,"Прустовский, Неоклассик",Яндекс.Музыка,Аудиостриминг,,,1,0,0,ICECREAMMUSIC
5063466927897,Ноябрь,"Прустовский, Неоклассик",Яндекс.Музыка,Аудиостриминг,,,1,0,0,ICECREAMMUSIC
5063466927897,Ноябрь,"Прустовский, Неоклассик",Яндекс.Музыка,Подписка,,,1,0,"0,02",ICECREAMMUSIC
5063466927897,Ноябрь,"Прустовский, Неоклассик",Яндекс.Музыка,Подписка,,,4,0,"0,1",ICECREAMMUSIC
5063466927897,Ноябрь,"Прустовский, Неоклассик",Яндекс.Музыка,Подписка,,,11,"0,06",0,ICECREAMMUSIC
5063635556729,о нас,ilyxinadgo,vk,Аудиостриминг,,,1,0,"0,02",ICECREAMMUSIC
5063635556729,о нас,ilyxinadgo,vk,Пробная подписка,,,1,0,"0,62",ICECREAMMUSIC
5063635556729,о нас,ilyxinadgo,vk,Пробная подписка,,,2,0,"0,7",ICECREAMMUSIC
5063635556729,о нас,ilyxinadgo,vk,Пробная подписка,,,4,0,"1,42",ICECREAMMUSIC
5063635556729,о нас,ilyxinadgo,vk,Пробная подписка,,,1,"0,15",0,ICECREAMMUSIC
5063635556729,о нас,ilyxinadgo,vk,Пробная подписка,,,2,"0,17",0,ICECREAMMUSIC
5063635556729,о нас,ilyxinadgo,vk,Пробная подписка,,,4,"0,35",0,ICECREAMMUSIC
5063635556729,о нас,ilyxinadgo,Яндекс.Музыка,Аудиостриминг,,,1,0,0,ICECREAMMUSIC
5063635556729,о нас,ilyxinadgo,Яндекс.Музыка,Аудиостриминг,,,1,0,0,ICECREAMMUSIC
5063635556729,о нас,ilyxinadgo,Яндекс.Музыка,Подписка,,,1,0,"0,02",ICECREAMMUSIC
5063635556729,о нас,ilyxinadgo,Яндекс.Музыка,Подписка,,,1,0,"0,02",ICECREAMMUSIC
5063635556729,о нас,ilyxinadgo,Яндекс.Музыка,Подписка,,,2,"0,01",0,ICECREAMMUSIC
5063945053765,Обряд,"WhiteFluffy, ilyxinadgo, s1eepy",vk,Аудиостриминг,,,2,0,"0,03",ICECREAMMUSIC
5063945053765,Обряд,"WhiteFluffy, ilyxinadgo, s1eepy",vk,Аудиостриминг,,,5,0,"0,09",ICECREAMMUSIC
5063945053765,Обряд,"WhiteFluffy, ilyxinadgo, s1eepy",vk,Аудиостриминг,,,5,0,"0,09",ICECREAMMUSIC
5063945053765,Обряд,"WhiteFluffy, ilyxinadgo, s1eepy",vk,Пробная подписка,,,3,0,"1,06",ICECREAMMUSIC
5063945053765,Обряд,"WhiteFluffy, ilyxinadgo, s1eepy",vk,Пробная подписка,,,6,0,"2,47",ICECREAMMUSIC
5063945053765,Обряд,"WhiteFluffy, ilyxinadgo, s1eepy",vk,Пробная подписка,,,6,0,"4,29",ICECREAMMUSIC
5063945053765,Обряд,"WhiteFluffy, ilyxinadgo, s1eepy",vk,Аудиостриминг,,,2,"0,01",0,ICECREAMMUSIC
5063945053765,Обряд,"WhiteFluffy, ilyxinadgo, s1eepy",vk,Аудиостриминг,,,5,"0,02",0,ICECREAMMUSIC
5063945053765,Обряд,"WhiteFluffy, ilyxinadgo, s1eepy",vk,Аудиостриминг,,,5,"0,02",0,ICECREAMMUSIC
5063945053765,Обряд,"WhiteFluffy, ilyxinadgo, s1eepy",vk,Пробная подписка,,,3,"0,26",0,ICECREAMMUSIC
5063945053765,Обряд,"WhiteFluffy, ilyxinadgo, s1eepy",vk,Пробная подписка,,,6,"0,62",0,ICECREAMMUSIC
5063945053765,Обряд,"WhiteFluffy, ilyxinadgo, s1eepy",vk,Пробная подписка,,,6,"1,06",0,ICECREAMMUSIC
5063945053765,Обряд,"WhiteFluffy, ilyxinadgo, s1eepy",КИОН Музыка,Аудиостриминг,,,3,0,"0,06",ICECREAMMUSIC
5063945053765,Обряд,"WhiteFluffy, ilyxinadgo, s1eepy",КИОН Музыка,Аудиостриминг,,,3,"0,02",0,ICECREAMMUSIC
5063945053765,Обряд,"WhiteFluffy, ilyxinadgo, s1eepy",Яндекс.Музыка,Аудиостриминг,,,1,0,0,ICECREAMMUSIC
5063945053765,Обряд,"WhiteFluffy, ilyxinadgo, s1eepy",Яндекс.Музыка,Аудиостриминг,,,1,0,"0,01",ICECREAMMUSIC
5063945053765,Обряд,"WhiteFluffy, ilyxinadgo, s1eepy",Яндекс.Музыка,Аудиостриминг,,,3,0,"0,01",ICECREAMMUSIC
5063945053765,Обряд,"WhiteFluffy, ilyxinadgo, s1eepy",Яндекс.Музыка,Аудиостриминг,,,4,0,"0,02",ICECREAMMUSIC
5063945053765,Обряд,"WhiteFluffy, ilyxinadgo, s1eepy",Яндекс.Музыка,Аудиостриминг,,,4,0,"0,04",ICECREAMMUSIC
5063945053765,Обряд,"WhiteFluffy, ilyxinadgo, s1eepy",Яндекс.Музыка,Подписка,,,2,0,"0,06",ICECREAMMUSIC
5063945053765,Обряд,"WhiteFluffy, ilyxinadgo, s1eepy",Яндекс.Музыка,Подписка,,,9,0,"0,34",ICECREAMMUSIC
5063945053765,Обряд,"WhiteFluffy, ilyxinadgo, s1eepy",Яндекс.Музыка,Подписка,,,14,0,"0,51",ICECREAMMUSIC
5063945053765,Обряд,"WhiteFluffy, ilyxinadgo, s1eepy",Яндекс.Музыка,Аудиостриминг,,,5,"0,01",0,ICECREAMMUSIC
5063945053765,Обряд,"WhiteFluffy, ilyxinadgo, s1eepy",Яндекс.Музыка,Подписка,,,17,"0,1",0,ICECREAMMUSIC
5063833135764,Одинокий Город,WhiteFluffy,vk,Аудиостриминг,,,2,0,"0,03",ICECREAMMUSIC
5063833135764,Одинокий Город,WhiteFluffy,vk,Аудиостриминг,,,4,0,"0,06",ICECREAMMUSIC
5063833135764,Одинокий Город,WhiteFluffy,vk,Аудиостриминг,,,6,0,"0,1",ICECREAMMUSIC
5063833135764,Одинокий Город,WhiteFluffy,vk,Аудиостриминг,,,2,"0,01",0,ICECREAMMUSIC
5063833135764,Одинокий Город,WhiteFluffy,vk,Аудиостриминг,,,4,"0,01",0,ICECREAMMUSIC
5063833135764,Одинокий Город,WhiteFluffy,vk,Аудиостриминг,,,6,"0,02",0,ICECREAMMUSIC
5063833135764,Одинокий Город,WhiteFluffy,Иная дистрибуция,Видео,,,32,0,"0,11",ICECREAMMUSIC
5063833135764,Одинокий Город,WhiteFluffy,Яндекс.Музыка,Аудиостриминг,,,1,0,0,ICECREAMMUSIC
5063833135764,Одинокий Город,WhiteFluffy,Яндекс.Музыка,Подписка,,,2,0,"0,06",ICECREAMMUSIC
5063635176286,ОДНА,LUNABAY,Apple Music,Подписка,,,3,0,"0,24",ICECREAMMUSIC
5063635176286,ОДНА,LUNABAY,Apple Music,Подписка,,,6,0,"0,53",ICECREAMMUSIC
5063635176286,ОДНА,LUNABAY,Apple Music,Подписка,,,4,0,"0,79",ICECREAMMUSIC
5063635176286,ОДНА,LUNABAY,Apple Music,Подписка,,,37,"0,7",0,ICECREAMMUSIC
5063635176286,ОДНА,LUNABAY,MusixMatch,Тексты песен,,,72,"0,28",0,ICECREAMMUSIC
5063635176286,ОДНА,LUNABAY,SoundCloud,Аудиостриминг,,,1,0,"0,04",ICECREAMMUSIC
5063635176286,ОДНА,LUNABAY,SoundCloud,Аудиостриминг,,,2,0,"0,05",ICECREAMMUSIC
5063635176286,ОДНА,LUNABAY,vk,Аудиостриминг,,,1,0,"0,01",ICECREAMMUSIC
5063635176286,ОДНА,LUNABAY,vk,Аудиостриминг,,,1,0,"0,01",ICECREAMMUSIC
5063635176286,ОДНА,LUNABAY,vk,Аудиостриминг,,,4,0,"0,06",ICECREAMMUSIC
5063635176286,ОДНА,LUNABAY,vk,Аудиостриминг,,,6,0,"0,11",ICECREAMMUSIC
5063635176286,ОДНА,LUNABAY,vk,Подписка,,,1,0,"0,15",ICECREAMMUSIC
5063635176286,ОДНА,LUNABAY,vk,Аудиостриминг,,,10,0,"0,19",ICECREAMMUSIC
5063635176286,ОДНА,LUNABAY,vk,Подписка,,,2,0,"0,25",ICECREAMMUSIC
5063635176286,ОДНА,LUNABAY,vk,Аудиостриминг,,,4,"0,01",0,ICECREAMMUSIC
5063635176286,ОДНА,LUNABAY,vk,Аудиостриминг,,,7,"0,02",0,ICECREAMMUSIC
5063635176286,ОДНА,LUNABAY,vk,Аудиостриминг,,,11,"0,04",0,ICECREAMMUSIC
5063635176286,ОДНА,LUNABAY,vk,Подписка,,,1,"0,04",0,ICECREAMMUSIC
5063635176286,ОДНА,LUNABAY,vk,Подписка,,,2,"0,06",0,ICECREAMMUSIC
5063635176286,ОДНА,LUNABAY,Wink Music,Подписка,,,1,0,"0,01",ICECREAMMUSIC
5063635176286,ОДНА,LUNABAY,КИОН Музыка,Аудиостриминг,,,1,0,"0,02",ICECREAMMUSIC
5063635176286,ОДНА,LUNABAY,КИОН Музыка,Подписка,,,93,0,"8,2",ICECREAMMUSIC
5063635176286,ОДНА,LUNABAY,КИОН Музыка,Аудиостриминг,,,1,"0,01",0,ICECREAMMUSIC
5063635176286,ОДНА,LUNABAY,КИОН Музыка,Подписка,,,93,"1,79",0,ICECREAMMUSIC
5063635176286,ОДНА,LUNABAY,Яндекс.Музыка,Аудиостриминг,,,2,0,"0,01",ICECREAMMUSIC
5063635176286,ОДНА,LUNABAY,Яндекс.Музыка,Аудиостриминг,,,4,0,"0,04",ICECREAMMUSIC
5063635176286,ОДНА,LUNABAY,Яндекс.Музыка,Аудиостриминг,,,8,0,"0,05",ICECREAMMUSIC
5063635176286,ОДНА,LUNABAY,Яндекс.Музыка,Аудиостриминг,,,6,0,"0,06",ICECREAMMUSIC
5063635176286,ОДНА,LUNABAY,Яндекс.Музыка,Аудиостриминг,,,14,0,"0,09",ICECREAMMUSIC
5063635176286,ОДНА,LUNABAY,Яндекс.Музыка,Аудиостриминг,,,91,0,"0,6",ICECREAMMUSIC
5063635176286,ОДНА,LUNABAY,Яндекс.Музыка,Подписка,,,29,0,"1,12",ICECREAMMUSIC
5063635176286,ОДНА,LUNABAY,Яндекс.Музыка,Подписка,,,53,0,"2,09",ICECREAMMUSIC
5063635176286,ОДНА,LUNABAY,Яндекс.Музыка,Подписка,,,364,0,"13,9",ICECREAMMUSIC
5063635176286,ОДНА,LUNABAY,Яндекс.Музыка,Аудиостриминг,,,8,"0,02",0,ICECREAMMUSIC
5063635176286,ОДНА,LUNABAY,Яндекс.Музыка,Подписка,,,688,"3,99",0,ICECREAMMUSIC
5063945107642,Одно НО,TigerGid,vk,Аудиостриминг,,,1,0,"0,01",ICECREAMMUSIC
5063945107642,Одно НО,TigerGid,vk,Аудиостриминг,,,1,0,"0,01",ICECREAMMUSIC
5063945107642,Одно НО,TigerGid,vk,Аудиостриминг,,,1,0,"0,02",ICECREAMMUSIC
5063945107642,Одно НО,TigerGid,vk,Аудиостриминг,,,2,0,"0,03",ICECREAMMUSIC
5063945107642,Одно НО,TigerGid,vk,Аудиостриминг,,,3,0,"0,04",ICECREAMMUSIC
5063945107642,Одно НО,TigerGid,vk,Аудиостриминг,,,3,0,"0,05",ICECREAMMUSIC
5063945107642,Одно НО,TigerGid,vk,Подписка,,,2,0,"0,11",ICECREAMMUSIC
5063945107642,Одно НО,TigerGid,vk,Подписка,,,3,0,"0,22",ICECREAMMUSIC
5063945107642,Одно НО,TigerGid,vk,Подписка,,,14,0,1,ICECREAMMUSIC
5063945107642,Одно НО,TigerGid,vk,Аудиостриминг,,,3,"0,01",0,ICECREAMMUSIC
5063945107642,Одно НО,TigerGid,vk,Аудиостриминг,,,2,"0,01",0,ICECREAMMUSIC
5063945107642,Одно НО,TigerGid,vk,Подписка,,,2,"0,03",0,ICECREAMMUSIC
5063945107642,Одно НО,TigerGid,vk,Подписка,,,3,"0,06",0,ICECREAMMUSIC
5063945107642,Одно НО,TigerGid,vk,Подписка,,,16,"0,25",0,ICECREAMMUSIC
5063945107642,Одно НО,TigerGid,YouTube,Аудио,,,4,0,"0,02",ICECREAMMUSIC
5063945107642,Одно НО,TigerGid,Одноклассники,Аудиостриминг,,,1,0,"0,02",ICECREAMMUSIC
5063945107642,Одно НО,TigerGid,Яндекс.Музыка,Аудиостриминг,,,1,0,"0,01",ICECREAMMUSIC
5063945107642,Одно НО,TigerGid,Яндекс.Музыка,Аудиостриминг,,,6,0,"0,04",ICECREAMMUSIC
5063945107642,Одно НО,TigerGid,Яндекс.Музыка,Аудиостриминг,,,10,0,"0,07",ICECREAMMUSIC
5063945107642,Одно НО,TigerGid,Яндекс.Музыка,Подписка,,,4,0,"0,15",ICECREAMMUSIC
5063945107642,Одно НО,TigerGid,Яндекс.Музыка,Подписка,,,23,0,"0,86",ICECREAMMUSIC
5063945107642,Одно НО,TigerGid,Яндекс.Музыка,Подписка,,,39,0,"1,53",ICECREAMMUSIC
5063945107642,Одно НО,TigerGid,Яндекс.Музыка,Подписка,,,5,"0,03",0,ICECREAMMUSIC
GUT200299,"Ой, люли-люли","Екатерина Колисниченко, Юлия Колисниченко",Apple Music,Подписка,,,7,0,"0,44",ICECREAMMUSIC
GUT200299,"Ой, люли-люли","Екатерина Колисниченко, Юлия Колисниченко",Apple Music,Подписка,,,4,0,"0,5",ICECREAMMUSIC
GUT200299,"Ой, люли-люли","Екатерина Колисниченко, Юлия Колисниченко",Apple Music,Подписка,,,6,0,"0,51",ICECREAMMUSIC
GUT200299,"Ой, люли-люли","Екатерина Колисниченко, Юлия Колисниченко",Apple Music,Подписка,,,64,"1,02",0,ICECREAMMUSIC
GUT200299,"Ой, люли-люли","Екатерина Колисниченко, Юлия Колисниченко",Lyric Find,Тексты песен,,,8,"0,06",0,ICECREAMMUSIC
GUT200299,"Ой, люли-люли","Екатерина Колисниченко, Юлия Колисниченко",MusixMatch,Тексты песен,,,155,"0,46",0,ICECREAMMUSIC
GUT200299,"Ой, люли-люли","Екатерина Колисниченко, Юлия Колисниченко",TikTok,Видео,,,1,0,"0,02",ICECREAMMUSIC
GUT200299,"Ой, люли-люли","Екатерина Колисниченко, Юлия Колисниченко",vk,Аудиостриминг,,,1,0,"0,04",ICECREAMMUSIC
GUT200299,"Ой, люли-люли","Екатерина Колисниченко, Юлия Колисниченко",vk,Аудиостриминг,,,2,0,"0,07",ICECREAMMUSIC
GUT200299,"Ой, люли-люли","Екатерина Колисниченко, Юлия Колисниченко",vk,Аудиостриминг,,,4,0,"0,17",ICECREAMMUSIC
GUT200299,"Ой, люли-люли","Екатерина Колисниченко, Юлия Колисниченко",vk,Аудиостриминг,,,41,0,"0,87",ICECREAMMUSIC
GUT200299,"Ой, люли-люли","Екатерина Колисниченко, Юлия Колисниченко",vk,Подписка,,,6,0,1,ICECREAMMUSIC
GUT200299,"Ой, люли-люли","Екатерина Колисниченко, Юлия Колисниченко",vk,Аудиостриминг,,,51,0,"1,06",ICECREAMMUSIC
GUT200299,"Ой, люли-люли","Екатерина Колисниченко, Юлия Колисниченко",vk,Аудиостриминг,,,53,0,"1,12",ICECREAMMUSIC
GUT200299,"Ой, люли-люли","Екатерина Колисниченко, Юлия Колисниченко",vk,Подписка,,,9,0,"1,46",ICECREAMMUSIC
GUT200299,"Ой, люли-люли","Екатерина Колисниченко, Юлия Колисниченко",vk,Подписка,,,18,0,"3,72",ICECREAMMUSIC
GUT200299,"Ой, люли-люли","Екатерина Колисниченко, Юлия Колисниченко",vk,Аудиостриминг,,,48,"0,16",0,ICECREAMMUSIC
GUT200299,"Ой, люли-люли","Екатерина Колисниченко, Юлия Колисниченко",vk,Тексты песен,,,5,"0,18",0,ICECREAMMUSIC
GUT200299,"Ой, люли-люли","Екатерина Колисниченко, Юлия Колисниченко",vk,Аудиостриминг,,,59,"0,2",0,ICECREAMMUSIC
GUT200299,"Ой, люли-люли","Екатерина Колисниченко, Юлия Колисниченко",vk,Аудиостриминг,,,62,"0,21",0,ICECREAMMUSIC
GUT200299,"Ой, люли-люли","Екатерина Колисниченко, Юлия Колисниченко",vk,Подписка,,,6,"0,25",0,ICECREAMMUSIC
GUT200299,"Ой, люли-люли","Екатерина Колисниченко, Юлия Колисниченко",vk,Подписка,,,10,"0,36",0,ICECREAMMUSIC
GUT200299,"Ой, люли-люли","Екатерина Колисниченко, Юлия Колисниченко",vk,Подписка,,,21,"0,92",0,ICECREAMMUSIC
GUT200299,"Ой, люли-люли","Екатерина Колисниченко, Юлия Колисниченко",vk клипы,Видео,,,20,0,"0,01",ICECREAMMUSIC
GUT200299,"Ой, люли-люли","Екатерина Колисниченко, Юлия Колисниченко",vk клипы,Видео,,,20,"0,01",0,ICECREAMMUSIC
GUT200299,"Ой, люли-люли","Екатерина Колисниченко, Юлия Колисниченко",YouTube,Аудиостриминг,,,8,0,"0,31",ICECREAMMUSIC
GUT200299,"Ой, люли-люли","Екатерина Колисниченко, Юлия Колисниченко",YouTube,Аудио,,,429,0,"0,46",ICECREAMMUSIC
GUT200299,"Ой, люли-люли","Екатерина Колисниченко, Юлия Колисниченко",YouTube Premium,Подписка,,,2,0,"0,02",ICECREAMMUSIC
GUT200299,"Ой, люли-люли","Екатерина Колисниченко, Юлия Колисниченко",YouTube Premium,Подписка,,,2,0,"0,06",ICECREAMMUSIC
GUT200299,"Ой, люли-люли","Екатерина Колисниченко, Юлия Колисниченко",Звук,Подписка,,,4,0,"0,92",ICECREAMMUSIC
GUT200299,"Ой, люли-люли","Екатерина Колисниченко, Юлия Колисниченко",Звук,Подписка,,,4,0,"0,96",ICECREAMMUSIC
GUT200299,"Ой, люли-люли","Екатерина Колисниченко, Юлия Колисниченко",Звук,Подписка,,,8,0,"1,94",ICECREAMMUSIC
GUT200299,"Ой, люли-люли","Екатерина Колисниченко, Юлия Колисниченко",Звук,Подписка,,,12,"0,4",0,ICECREAMMUSIC
GUT200299,"Ой, люли-люли","Екатерина Колисниченко, Юлия Колисниченко",Иная дистрибуция,Видео,,,1269,0,"1,26",ICECREAMMUSIC
GUT200299,"Ой, люли-люли","Екатерина Колисниченко, Юлия Колисниченко",Иная дистрибуция,Видео,,,1457,0,2,ICECREAMMUSIC
GUT200299,"Ой, люли-люли","Екатерина Колисниченко, Юлия Колисниченко",Иная дистрибуция,Видео,,,1928,0,"2,32",ICECREAMMUSIC
GUT200299,"Ой, люли-люли","Екатерина Колисниченко, Юлия Колисниченко",КИОН Музыка,Аудиостриминг,,,2,0,"0,04",ICECREAMMUSIC
GUT200299,"Ой, люли-люли","Екатерина Колисниченко, Юлия Колисниченко",КИОН Музыка,Подписка,,,16,0,"1,42",ICECREAMMUSIC
GUT200299,"Ой, люли-люли","Екатерина Колисниченко, Юлия Колисниченко",КИОН Музыка,Аудиостриминг,,,2,"0,01",0,ICECREAMMUSIC
GUT200299,"Ой, люли-люли","Екатерина Колисниченко, Юлия Колисниченко",КИОН Музыка,Подписка,,,16,"0,31",0,ICECREAMMUSIC
GUT200299,"Ой, люли-люли","Екатерина Колисниченко, Юлия Колисниченко",Одноклассники,Аудиостриминг,,,4,0,"0,06",ICECREAMMUSIC
GUT200299,"Ой, люли-люли","Екатерина Колисниченко, Юлия Колисниченко",Одноклассники,Аудиостриминг,,,4,0,"0,07",ICECREAMMUSIC
GUT200299,"Ой, люли-люли","Екатерина Колисниченко, Юлия Колисниченко",Одноклассники,Аудиостриминг,,,8,0,"0,14",ICECREAMMUSIC
GUT200299,"Ой, люли-люли","Екатерина Колисниченко, Юлия Колисниченко",Одноклассники,Подписка,,,2,0,"0,55",ICECREAMMUSIC
GUT200299,"Ой, люли-люли","Екатерина Колисниченко, Юлия Колисниченко",Одноклассники,Аудиостриминг,,,4,"0,01",0,ICECREAMMUSIC
GUT200299,"Ой, люли-люли","Екатерина Колисниченко, Юлия Колисниченко",Одноклассники,Аудиостриминг,,,4,"0,01",0,ICECREAMMUSIC
GUT200299,"Ой, люли-люли","Екатерина Колисниченко, Юлия Колисниченко",Одноклассники,Аудиостриминг,,,8,"0,03",0,ICECREAMMUSIC
GUT200299,"Ой, люли-люли","Екатерина Колисниченко, Юлия Колисниченко",Одноклассники,Подписка,,,2,"0,13",0,ICECREAMMUSIC
GUT200299,"Ой, люли-люли","Екатерина Колисниченко, Юлия Колисниченко",Сервисы АДВ Мьюзик,РБТ,,,3,0,"0,08",ICECREAMMUSIC
GUT200299,"Ой, люли-люли","Екатерина Колисниченко, Юлия Колисниченко",Сервисы АДВ Мьюзик,Аудиостриминг,,,10,0,"0,27",ICECREAMMUSIC
GUT200299,"Ой, люли-люли","Екатерина Колисниченко, Юлия Колисниченко",Сервисы АДВ Мьюзик,Аудиостриминг,,,35,0,"0,97",ICECREAMMUSIC
GUT200299,"Ой, люли-люли","Екатерина Колисниченко, Юлия Колисниченко",Сервисы АДВ Мьюзик,РБТ,,,3,"0,02",0,ICECREAMMUSIC
GUT200299,"Ой, люли-люли","Екатерина Колисниченко, Юлия Колисниченко",Сервисы АДВ Мьюзик,Аудиостриминг,,,10,"0,07",0,ICECREAMMUSIC
GUT200299,"Ой, люли-люли","Екатерина Колисниченко, Юлия Колисниченко",Сервисы АДВ Мьюзик,Аудиостриминг,,,35,"0,24",0,ICECREAMMUSIC
GUT200299,"Ой, люли-люли","Екатерина Колисниченко, Юлия Колисниченко",Яндекс.Музыка,Аудиостриминг,,,1,0,"0,01",ICECREAMMUSIC
GUT200299,"Ой, люли-люли","Екатерина Колисниченко, Юлия Колисниченко",Яндекс.Музыка,Аудиостриминг,,,1,0,"0,01",ICECREAMMUSIC
GUT200299,"Ой, люли-люли","Екатерина Колисниченко, Юлия Колисниченко",Яндекс.Музыка,Аудиостриминг,,,3,0,"0,02",ICECREAMMUSIC
GUT200299,"Ой, люли-люли","Екатерина Колисниченко, Юлия Колисниченко",Яндекс.Музыка,Аудиостриминг,,,22,0,"0,15",ICECREAMMUSIC
GUT200299,"Ой, люли-люли","Екатерина Колисниченко, Юлия Колисниченко",Яндекс.Музыка,Аудиостриминг,,,33,0,"0,22",ICECREAMMUSIC
GUT200299,"Ой, люли-люли","Екатерина Колисниченко, Юлия Колисниченко",Яндекс.Музыка,Аудиостриминг,,,36,0,"0,24",ICECREAMMUSIC
GUT200299,"Ой, люли-люли","Екатерина Колисниченко, Юлия Колисниченко",Яндекс.Музыка,Подписка,,,87,0,"3,41",ICECREAMMUSIC
GUT200299,"Ой, люли-люли","Екатерина Колисниченко, Юлия Колисниченко",Яндекс.Музыка,Подписка,,,130,0,"5,16",ICECREAMMUSIC
GUT200299,"Ой, люли-люли","Екатерина Колисниченко, Юлия Колисниченко",Яндекс.Музыка,Подписка,,,144,0,"5,51",ICECREAMMUSIC
GUT200299,"Ой, люли-люли","Екатерина Колисниченко, Юлия Колисниченко",Яндекс.Музыка,Аудиостриминг,,,13,"0,03",0,ICECREAMMUSIC
GUT200299,"Ой, люли-люли","Екатерина Колисниченко, Юлия Колисниченко",Яндекс.Музыка,Подписка,,,504,"2,92",0,ICECREAMMUSIC
GUT200264,Она,МалоеМоре,MusixMatch,Тексты песен,,,8,"0,03",0,ICECREAMMUSIC
GUT200264,Она,МалоеМоре,vk,Аудиостриминг,,,1,0,"0,01",ICECREAMMUSIC
GUT200264,Она,МалоеМоре,vk,Аудиостриминг,,,2,0,"0,03",ICECREAMMUSIC
GUT200264,Она,МалоеМоре,vk,Аудиостриминг,,,4,0,"0,06",ICECREAMMUSIC
GUT200264,Она,МалоеМоре,vk,Подписка,,,2,0,"0,25",ICECREAMMUSIC
GUT200264,Она,МалоеМоре,vk,Аудиостриминг,,,2,"0,01",0,ICECREAMMUSIC
GUT200264,Она,МалоеМоре,vk,Аудиостриминг,,,4,"0,01",0,ICECREAMMUSIC
GUT200264,Она,МалоеМоре,vk,Подписка,,,2,"0,06",0,ICECREAMMUSIC
GUT200264,Она,МалоеМоре,Яндекс.Музыка,Аудиостриминг,,,1,0,0,ICECREAMMUSIC
GUT200264,Она,МалоеМоре,Яндекс.Музыка,Аудиостриминг,,,3,0,"0,01",ICECREAMMUSIC
GUT200264,Она,МалоеМоре,Яндекс.Музыка,Подписка,,,2,0,"0,06",ICECREAMMUSIC
GUT200264,Она,МалоеМоре,Яндекс.Музыка,Подписка,,,10,0,"0,34",ICECREAMMUSIC
GUT200264,Она,МалоеМоре,Яндекс.Музыка,Подписка,,,33,"0,19",0,ICECREAMMUSIC
5063635941389,Она моя,"OTALOE, Dar’eL",vk,Аудиостриминг,,,1,0,"0,03",ICECREAMMUSIC
5063635941389,Она моя,"OTALOE, Dar’eL",vk,Аудиостриминг,,,6,0,"0,25",ICECREAMMUSIC
5063635941389,Она моя,"OTALOE, Dar’eL",vk,Аудиостриминг,,,23,0,"0,47",ICECREAMMUSIC
5063635941389,Она моя,"OTALOE, Dar’eL",vk,Аудиостриминг,,,10,0,"0,52",ICECREAMMUSIC
5063635941389,Она моя,"OTALOE, Dar’eL",vk,Подписка,,,4,0,"0,66",ICECREAMMUSIC
5063635941389,Она моя,"OTALOE, Dar’eL",vk,Аудиостриминг,,,80,0,"1,69",ICECREAMMUSIC
5063635941389,Она моя,"OTALOE, Dar’eL",vk,Аудиостриминг,,,221,0,"4,7",ICECREAMMUSIC
5063635941389,Она моя,"OTALOE, Dar’eL",vk,Подписка,,,31,0,"5,6",ICECREAMMUSIC
5063635941389,Она моя,"OTALOE, Dar’eL",vk,Подписка,,,54,0,"11,66",ICECREAMMUSIC
5063635941389,Она моя,"OTALOE, Dar’eL",vk,Аудиостриминг,,,26,"0,08",0,ICECREAMMUSIC
5063635941389,Она моя,"OTALOE, Dar’eL",vk,Подписка,,,4,"0,16",0,ICECREAMMUSIC
5063635941389,Она моя,"OTALOE, Dar’eL",vk,Тексты песен,,,5,"0,18",0,ICECREAMMUSIC
5063635941389,Она моя,"OTALOE, Dar’eL",vk,Аудиостриминг,,,93,"0,31",0,ICECREAMMUSIC
5063635941389,Она моя,"OTALOE, Dar’eL",vk,Аудиостриминг,,,260,"0,87",0,ICECREAMMUSIC
5063635941389,Она моя,"OTALOE, Dar’eL",vk,Подписка,,,36,"1,38",0,ICECREAMMUSIC
5063635941389,Она моя,"OTALOE, Dar’eL",vk,Подписка,,,63,"2,88",0,ICECREAMMUSIC
5063635941389,Она моя,"OTALOE, Dar’eL",VK Видео,Видеоостримминг,,,1,0,"0,03",ICECREAMMUSIC
5063635941389,Она моя,"OTALOE, Dar’eL",VK Видео,Видеоостримминг,,,2,0,"0,1",ICECREAMMUSIC
5063635941389,Она моя,"OTALOE, Dar’eL",YouTube,Аудио,,,12,0,"0,02",ICECREAMMUSIC
5063635941389,Она моя,"OTALOE, Dar’eL",YouTube,Аудиостриминг,,,10,0,"0,02",ICECREAMMUSIC
5063635941389,Она моя,"OTALOE, Dar’eL",YouTube Music,Подписка,,,4,0,"0,12",ICECREAMMUSIC
5063635941389,Она моя,"OTALOE, Dar’eL",YouTube Music,Подписка,,,16,0,"1,36",ICECREAMMUSIC
5063635941389,Она моя,"OTALOE, Dar’eL",YouTube Premium,Подписка,,,5,0,"0,31",ICECREAMMUSIC
5063635941389,Она моя,"OTALOE, Dar’eL",YouTube Premium,Подписка,,,7,0,"0,86",ICECREAMMUSIC
5063635941389,Она моя,"OTALOE, Dar’eL",YouTube Premium,Подписка,,,7,0,"1,2",ICECREAMMUSIC
5063635941389,Она моя,"OTALOE, Dar’eL",Звук,Подписка,,,1,0,"0,18",ICECREAMMUSIC
5063635941389,Она моя,"OTALOE, Dar’eL",Звук,Подписка,,,5,0,"1,16",ICECREAMMUSIC
5063635941389,Она моя,"OTALOE, Dar’eL",Звук,Подписка,,,11,0,"2,48",ICECREAMMUSIC
5063635941389,Она моя,"OTALOE, Dar’eL",Звук,Подписка,,,4,"0,1",0,ICECREAMMUSIC
5063635941389,Она моя,"OTALOE, Dar’eL",Иная дистрибуция,Видео,,,13,0,"0,01",ICECREAMMUSIC
5063635941389,Она моя,"OTALOE, Dar’eL",КИОН Музыка,Аудиостриминг,,,1,0,"0,02",ICECREAMMUSIC
5063635941389,Она моя,"OTALOE, Dar’eL",КИОН Музыка,Подписка,,,2,0,"0,14",ICECREAMMUSIC
5063635941389,Она моя,"OTALOE, Dar’eL",КИОН Музыка,Аудиостриминг,,,1,"0,01",0,ICECREAMMUSIC
5063635941389,Она моя,"OTALOE, Dar’eL",КИОН Музыка,Подписка,,,2,"0,03",0,ICECREAMMUSIC
5063635941389,Она моя,"OTALOE, Dar’eL",Одноклассники,Аудиостриминг,,,1,0,"0,02",ICECREAMMUSIC
5063635941389,Она моя,"OTALOE, Dar’eL",Яндекс Видео,Подписка,,,5,0,"0,2",ICECREAMMUSIC
5063635941389,Она моя,"OTALOE, Dar’eL",Яндекс Видео,Подписка,,,8,0,"0,31",ICECREAMMUSIC
5063635941389,Она моя,"OTALOE, Dar’eL",Яндекс.Музыка,Аудиостриминг,,,1,0,"0,01",ICECREAMMUSIC
5063635941389,Она моя,"OTALOE, Dar’eL",Яндекс.Музыка,Аудиостриминг,,,1,0,"0,01",ICECREAMMUSIC
5063635941389,Она моя,"OTALOE, Dar’eL",Яндекс.Музыка,Аудиостриминг,,,1,0,"0,01",ICECREAMMUSIC
5063635941389,Она моя,"OTALOE, Dar’eL",Яндекс.Музыка,Аудиостриминг,,,13,0,"0,08",ICECREAMMUSIC
5063635941389,Она моя,"OTALOE, Dar’eL",Яндекс.Музыка,Аудиостриминг,,,62,0,"0,42",ICECREAMMUSIC
5063635941389,Она моя,"OTALOE, Dar’eL",Яндекс.Музыка,Аудиостриминг,,,72,0,"0,49",ICECREAMMUSIC
5063635941389,Она моя,"OTALOE, Dar’eL",Яндекс.Музыка,Подписка,,,52,0,"1,98",ICECREAMMUSIC
5063635941389,Она моя,"OTALOE, Dar’eL",Яндекс.Музыка,Подписка,,,247,0,"9,81",ICECREAMMUSIC
5063635941389,Она моя,"OTALOE, Dar’eL",Яндекс.Музыка,Подписка,,,285,0,"11,33",ICECREAMMUSIC
5063635941389,Она моя,"OTALOE, Dar’eL",Яндекс.Музыка,Подписка,,,193,"1,12",0,ICECREAMMUSIC
5063833180078,Оставь,"OTALOE, Dar’eL",QQMusic,Аудиостриминг,,,1,0,"0,01",ICECREAMMUSIC
5063833180078,Оставь,"OTALOE, Dar’eL",SoundCloud,Аудиостриминг,,,11,0,"0,46",ICECREAMMUSIC
5063833180078,Оставь,"OTALOE, Dar’eL",TikTok,Видео,,,1,0,"0,02",ICECREAMMUSIC
5063833180078,Оставь,"OTALOE, Dar’eL",vk,Аудиостриминг,,,1,0,"0,04",ICECREAMMUSIC
5063833180078,Оставь,"OTALOE, Dar’eL",vk,Аудиостриминг,,,2,0,"0,05",ICECREAMMUSIC
5063833180078,Оставь,"OTALOE, Dar’eL",vk,Аудиостриминг,,,3,0,"0,09",ICECREAMMUSIC
5063833180078,Оставь,"OTALOE, Dar’eL",vk,Аудиостриминг,,,12,0,"0,23",ICECREAMMUSIC
5063833180078,Оставь,"OTALOE, Dar’eL",vk,Аудиостриминг,,,12,0,"0,23",ICECREAMMUSIC
5063833180078,Оставь,"OTALOE, Dar’eL",vk,Аудиостриминг,,,21,0,"0,44",ICECREAMMUSIC
5063833180078,Оставь,"OTALOE, Dar’eL",vk,Подписка,,,6,0,"0,79",ICECREAMMUSIC
5063833180078,Оставь,"OTALOE, Dar’eL",vk,Подписка,,,8,0,"1,13",ICECREAMMUSIC
5063833180078,Оставь,"OTALOE, Dar’eL",vk,Подписка,,,14,0,"1,93",ICECREAMMUSIC
5063833180078,Оставь,"OTALOE, Dar’eL",vk,Аудиостриминг,,,13,"0,04",0,ICECREAMMUSIC
5063833180078,Оставь,"OTALOE, Dar’eL",vk,Аудиостриминг,,,13,"0,04",0,ICECREAMMUSIC
5063833180078,Оставь,"OTALOE, Dar’eL",vk,Аудиостриминг,,,24,"0,08",0,ICECREAMMUSIC
5063833180078,Оставь,"OTALOE, Dar’eL",vk,Тексты песен,,,3,"0,09",0,ICECREAMMUSIC
5063833180078,Оставь,"OTALOE, Dar’eL",vk,Подписка,,,6,"0,2",0,ICECREAMMUSIC
5063833180078,Оставь,"OTALOE, Dar’eL",vk,Подписка,,,9,"0,28",0,ICECREAMMUSIC
5063833180078,Оставь,"OTALOE, Dar’eL",vk,Подписка,,,16,"0,48",0,ICECREAMMUSIC
5063833180078,Оставь,"OTALOE, Dar’eL",YouTube Premium,Подписка,,,2,0,"0,14",ICECREAMMUSIC
5063833180078,Оставь,"OTALOE, Dar’eL",Звук,Подписка,,,1,0,"0,2",ICECREAMMUSIC
5063833180078,Оставь,"OTALOE, Dar’eL",Иная дистрибуция,Видео,,,34,0,"0,01",ICECREAMMUSIC
5063833180078,Оставь,"OTALOE, Dar’eL",Иная дистрибуция,Видео,,,64,0,"0,01",ICECREAMMUSIC
5063833180078,Оставь,"OTALOE, Dar’eL",Иная дистрибуция,Видео,,,64,0,"0,02",ICECREAMMUSIC
5063833180078,Оставь,"OTALOE, Dar’eL",КИОН Музыка,Аудиостриминг,,,1,0,"0,02",ICECREAMMUSIC
5063833180078,Оставь,"OTALOE, Dar’eL",КИОН Музыка,Подписка,,,1,0,"0,07",ICECREAMMUSIC
5063833180078,Оставь,"OTALOE, Dar’eL",КИОН Музыка,Аудиостриминг,,,1,"0,01",0,ICECREAMMUSIC
5063833180078,Оставь,"OTALOE, Dar’eL",КИОН Музыка,Подписка,,,1,"0,02",0,ICECREAMMUSIC
5063833180078,Оставь,"OTALOE, Dar’eL",Яндекс.Музыка,Аудиостриминг,,,3,0,"0,01",ICECREAMMUSIC
5063833180078,Оставь,"OTALOE, Dar’eL",Яндекс.Музыка,Аудиостриминг,,,10,0,"0,06",ICECREAMMUSIC
5063833180078,Оставь,"OTALOE, Dar’eL",Яндекс.Музыка,Аудиостриминг,,,18,0,"0,12",ICECREAMMUSIC
5063833180078,Оставь,"OTALOE, Dar’eL",Яндекс.Музыка,Подписка,,,9,0,"0,32",ICECREAMMUSIC
5063833180078,Оставь,"OTALOE, Dar’eL",Яндекс.Музыка,Подписка,,,38,0,"1,48",ICECREAMMUSIC
5063833180078,Оставь,"OTALOE, Dar’eL",Яндекс.Музыка,Подписка,,,72,0,"2,85",ICECREAMMUSIC
5063833180078,Оставь,"OTALOE, Dar’eL",Яндекс.Музыка,Аудиостриминг,,,3,"0,01",0,ICECREAMMUSIC
5063833180078,Оставь,"OTALOE, Dar’eL",Яндекс.Музыка,Подписка,,,44,"0,25",0,ICECREAMMUSIC
5063316777016,Останься со мной,Екатерина Колисниченко,Apple Music,Подписка,,,3,0,"0,68",ICECREAMMUSIC
5063316777016,Останься со мной,Екатерина Колисниченко,MusixMatch,Тексты песен,,,16,"0,02",0,ICECREAMMUSIC
5063316777016,Останься со мной,Екатерина Колисниченко,vk,Аудиостриминг,,,1,0,"0,02",ICECREAMMUSIC
5063316777016,Останься со мной,Екатерина Колисниченко,vk,Аудиостриминг,,,1,0,"0,02",ICECREAMMUSIC
5063316777016,Останься со мной,Екатерина Колисниченко,vk,Аудиостриминг,,,1,0,"0,03",ICECREAMMUSIC
5063316777016,Останься со мной,Екатерина Колисниченко,vk,Аудиостриминг,,,1,0,"0,04",ICECREAMMUSIC
5063316777016,Останься со мной,Екатерина Колисниченко,vk,Аудиостриминг,,,3,0,"0,05",ICECREAMMUSIC
5063316777016,Останься со мной,Екатерина Колисниченко,vk,Аудиостриминг,,,5,0,"0,09",ICECREAMMUSIC
5063316777016,Останься со мной,Екатерина Колисниченко,vk,Подписка,,,3,0,"0,38",ICECREAMMUSIC
5063316777016,Останься со мной,Екатерина Колисниченко,vk,Подписка,,,5,0,"0,7",ICECREAMMUSIC
5063316777016,Останься со мной,Екатерина Колисниченко,vk,Подписка,,,6,0,1,ICECREAMMUSIC
5063316777016,Останься со мной,Екатерина Колисниченко,vk,Аудиостриминг,,,3,"0,01",0,ICECREAMMUSIC
5063316777016,Останься со мной,Екатерина Колисниченко,vk,Аудиостриминг,,,5,"0,02",0,ICECREAMMUSIC
5063316777016,Останься со мной,Екатерина Колисниченко,vk,Подписка,,,3,"0,1",0,ICECREAMMUSIC
5063316777016,Останься со мной,Екатерина Колисниченко,vk,Подписка,,,5,"0,17",0,ICECREAMMUSIC
5063316777016,Останься со мной,Екатерина Колисниченко,vk,Тексты песен,,,5,"0,18",0,ICECREAMMUSIC
5063316777016,Останься со мной,Екатерина Колисниченко,vk,Подписка,,,6,"0,25",0,ICECREAMMUSIC
5063316777016,Останься со мной,Екатерина Колисниченко,vk клипы,Видео,,,86,0,"0,03",ICECREAMMUSIC
5063316777016,Останься со мной,Екатерина Колисниченко,vk клипы,Видео,,,86,"0,03",0,ICECREAMMUSIC
5063316777016,Останься со мной,Екатерина Колисниченко,Звук,Подписка,,,1,"0,03",0,ICECREAMMUSIC
5063316777016,Останься со мной,Екатерина Колисниченко,Иная дистрибуция,Видео,,,68,0,"0,01",ICECREAMMUSIC
5063316777016,Останься со мной,Екатерина Колисниченко,Иная дистрибуция,Видео,,,76,0,"0,02",ICECREAMMUSIC
5063316777016,Останься со мной,Екатерина Колисниченко,Иная дистрибуция,Видео,,,140,0,"0,04",ICECREAMMUSIC
5063316777016,Останься со мной,Екатерина Колисниченко,Яндекс.Музыка,Аудиостриминг,,,2,0,"0,01",ICECREAMMUSIC
5063316777016,Останься со мной,Екатерина Колисниченко,Яндекс.Музыка,Аудиостриминг,,,3,0,"0,02",ICECREAMMUSIC
5063316777016,Останься со мной,Екатерина Колисниченко,Яндекс.Музыка,Аудиостриминг,,,3,0,"0,02",ICECREAMMUSIC
5063316777016,Останься со мной,Екатерина Колисниченко,Яндекс.Музыка,Подписка,,,6,0,"0,2",ICECREAMMUSIC
5063316777016,Останься со мной,Екатерина Колисниченко,Яндекс.Музыка,Подписка,,,12,0,"0,43",ICECREAMMUSIC
5063316777016,Останься со мной,Екатерина Колисниченко,Яндекс.Музыка,Подписка,,,12,0,"0,46",ICECREAMMUSIC
5063316777016,Останься со мной,Екатерина Колисниченко,Яндекс.Музыка,Подписка,,,24,"0,14",0,ICECREAMMUSIC
5063635635806,Открывай глаза,"CHEDLY, WAINER-KIN",Звук,Подписка,,,2,0,"0,37",ICECREAMMUSIC
5063635635806,Открывай глаза,"CHEDLY, WAINER-KIN",Звук,Подписка,,,2,"0,06",0,ICECREAMMUSIC
5063635635806,Открывай глаза,"CHEDLY, WAINER-KIN",Яндекс.Музыка,Аудиостриминг,,,1,0,0,ICECREAMMUSIC
5063635635806,Открывай глаза,"CHEDLY, WAINER-KIN",Яндекс.Музыка,Аудиостриминг,,,1,0,0,ICECREAMMUSIC
5063635635806,Открывай глаза,"CHEDLY, WAINER-KIN",Яндекс.Музыка,Аудиостриминг,,,1,0,"0,01",ICECREAMMUSIC
5063635635806,Открывай глаза,"CHEDLY, WAINER-KIN",Яндекс.Музыка,Подписка,,,3,0,"0,07",ICECREAMMUSIC
5063635635806,Открывай глаза,"CHEDLY, WAINER-KIN",Яндекс.Музыка,Подписка,,,4,0,"0,1",ICECREAMMUSIC
5063635635806,Открывай глаза,"CHEDLY, WAINER-KIN",Яндекс.Музыка,Подписка,,,4,0,"0,13",ICECREAMMUSIC
5063635635806,Открывай глаза,"CHEDLY, WAINER-KIN",Яндекс.Музыка,Подписка,,,10,"0,06",0,ICECREAMMUSIC
5063466311443,Отражение,"FeelEx, WAINER-KIN",vk,Аудиостриминг,,,2,0,"0,03",ICECREAMMUSIC
5063466311443,Отражение,"FeelEx, WAINER-KIN",vk,Аудиостриминг,,,2,0,"0,03",ICECREAMMUSIC
5063466311443,Отражение,"FeelEx, WAINER-KIN",vk,Аудиостриминг,,,2,"0,01",0,ICECREAMMUSIC
5063466311443,Отражение,"FeelEx, WAINER-KIN",vk,Аудиостриминг,,,2,"0,01",0,ICECREAMMUSIC
5063466311443,Отражение,"FeelEx, WAINER-KIN",Яндекс.Музыка,Аудиостриминг,,,1,0,0,ICECREAMMUSIC
5063466311443,Отражение,"FeelEx, WAINER-KIN",Яндекс.Музыка,Аудиостриминг,,,1,0,0,ICECREAMMUSIC
5063466311443,Отражение,"FeelEx, WAINER-KIN",Яндекс.Музыка,Аудиостриминг,,,1,0,"0,01",ICECREAMMUSIC
5063466311443,Отражение,"FeelEx, WAINER-KIN",Яндекс.Музыка,Подписка,,,2,0,"0,06",ICECREAMMUSIC
5063466311443,Отражение,"FeelEx, WAINER-KIN",Яндекс.Музыка,Подписка,,,2,0,"0,06",ICECREAMMUSIC
5063466311443,Отражение,"FeelEx, WAINER-KIN",Яндекс.Музыка,Подписка,,,4,0,"0,13",ICECREAMMUSIC
5063466311443,Отражение,"FeelEx, WAINER-KIN",Яндекс.Музыка,Подписка,,,8,"0,04",0,ICECREAMMUSIC
5063466465870,Пазл,Nastia Che,Яндекс.Музыка,Аудиостриминг,,,1,0,0,ICECREAMMUSIC
5063466465870,Пазл,Nastia Che,Яндекс.Музыка,Аудиостриминг,,,1,0,0,ICECREAMMUSIC
5063466465870,Пазл,Nastia Che,Яндекс.Музыка,Аудиостриминг,,,1,0,0,ICECREAMMUSIC
5063466465870,Пазл,Nastia Che,Яндекс.Музыка,Подписка,,,1,0,"0,02",ICECREAMMUSIC
5063466465870,Пазл,Nastia Che,Яндекс.Музыка,Подписка,,,1,0,"0,02",ICECREAMMUSIC
5063466465870,Пазл,Nastia Che,Яндекс.Музыка,Подписка,,,1,0,"0,02",ICECREAMMUSIC
5063466465870,Пазл,Nastia Che,Яндекс.Музыка,Подписка,,,2,"0,01",0,ICECREAMMUSIC
GUT200414,ПАНИНЭРО 2025 (Или Полшестого): Новый хит группы К,Крюк,vk,Аудиостриминг,,,1,0,"0,02",ICECREAMMUSIC
GUT200414,ПАНИНЭРО 2025 (Или Полшестого): Новый хит группы К,Крюк,YouTube,Аудиостриминг,,,4,0,"0,14",ICECREAMMUSIC
GUT200414,ПАНИНЭРО 2025 (Или Полшестого): Новый хит группы К,Крюк,Иная дистрибуция,Видео,,,39,0,"0,01",ICECREAMMUSIC
GUT200414,ПАНИНЭРО 2025 (Или Полшестого): Новый хит группы К,Крюк,КИОН Музыка,Аудиостриминг,,,1,0,"0,02",ICECREAMMUSIC
GUT200414,ПАНИНЭРО 2025 (Или Полшестого): Новый хит группы К,Крюк,КИОН Музыка,Аудиостриминг,,,1,"0,01",0,ICECREAMMUSIC
GUT200414,ПАНИНЭРО 2025 (Или Полшестого): Новый хит группы К,Крюк,Яндекс.Музыка,Аудиостриминг,,,1,0,"0,01",ICECREAMMUSIC
GUT200414,ПАНИНЭРО 2025 (Или Полшестого): Новый хит группы К,Крюк,Яндекс.Музыка,Аудиостриминг,,,2,0,"0,01",ICECREAMMUSIC
GUT200414,ПАНИНЭРО 2025 (Или Полшестого): Новый хит группы К,Крюк,Яндекс.Музыка,Аудиостриминг,,,15,0,"0,1",ICECREAMMUSIC
GUT200414,ПАНИНЭРО 2025 (Или Полшестого): Новый хит группы К,Крюк,Яндекс.Музыка,Аудиостриминг,,,26,0,"0,16",ICECREAMMUSIC
GUT200414,ПАНИНЭРО 2025 (Или Полшестого): Новый хит группы К,Крюк,Яндекс.Музыка,Аудиостриминг,,,25,0,"0,17",ICECREAMMUSIC
GUT200414,ПАНИНЭРО 2025 (Или Полшестого): Новый хит группы К,Крюк,Яндекс.Музыка,Подписка,,,60,0,"2,37",ICECREAMMUSIC
GUT200414,ПАНИНЭРО 2025 (Или Полшестого): Новый хит группы К,Крюк,Яндекс.Музыка,Подписка,,,101,0,"3,84",ICECREAMMUSIC
GUT200414,ПАНИНЭРО 2025 (Или Полшестого): Новый хит группы К,Крюк,Яндекс.Музыка,Подписка,,,99,0,"3,89",ICECREAMMUSIC
GUT200414,ПАНИНЭРО 2025 (Или Полшестого): Новый хит группы К,Крюк,Яндекс.Музыка,Подписка,,,330,"1,92",0,ICECREAMMUSIC
5063833484947,Парадокс,Крюк,Apple Music,Подписка,,,1,0,"0,06",ICECREAMMUSIC
5063833484947,Парадокс,Крюк,Apple Music,Подписка,,,2,"0,02",0,ICECREAMMUSIC
5063833484947,Парадокс,Крюк,vk,Аудиостриминг,,,1,0,"0,02",ICECREAMMUSIC
5063833484947,Парадокс,Крюк,vk,Аудиостриминг,,,2,0,"0,03",ICECREAMMUSIC
5063833484947,Парадокс,Крюк,vk,Аудиостриминг,,,7,0,"0,15",ICECREAMMUSIC
5063833484947,Парадокс,Крюк,vk,Аудиостриминг,,,2,"0,01",0,ICECREAMMUSIC
5063833484947,Парадокс,Крюк,vk,Аудиостриминг,,,8,"0,03",0,ICECREAMMUSIC
5063833484947,Парадокс,Крюк,YouTube,Аудиостриминг,,,2,0,"0,22",ICECREAMMUSIC
5063833484947,Парадокс,Крюк,Яндекс.Музыка,Аудиостриминг,,,1,0,"0,01",ICECREAMMUSIC
5063833484947,Парадокс,Крюк,Яндекс.Музыка,Аудиостриминг,,,7,0,"0,05",ICECREAMMUSIC
5063833484947,Парадокс,Крюк,Яндекс.Музыка,Аудиостриминг,,,8,0,"0,05",ICECREAMMUSIC
5063833484947,Парадокс,Крюк,Яндекс.Музыка,Аудиостриминг,,,11,0,"0,07",ICECREAMMUSIC
5063833484947,Парадокс,Крюк,Яндекс.Музыка,Подписка,,,28,0,"1,07",ICECREAMMUSIC
5063833484947,Парадокс,Крюк,Яндекс.Музыка,Подписка,,,31,0,"1,2",ICECREAMMUSIC
5063833484947,Парадокс,Крюк,Яндекс.Музыка,Подписка,,,41,0,"1,54",ICECREAMMUSIC
5063833484947,Парадокс,Крюк,Яндекс.Музыка,Подписка,,,134,"0,78",0,ICECREAMMUSIC
5063833463195,Паранойя,BARCETON,vk,Аудиостриминг,,,1,0,"0,02",ICECREAMMUSIC
5063833463195,Паранойя,BARCETON,vk,Аудиостриминг,,,1,0,"0,02",ICECREAMMUSIC
5063833463195,Паранойя,BARCETON,vk,Аудиостриминг,,,7,0,"0,15",ICECREAMMUSIC
5063833463195,Паранойя,BARCETON,vk,Аудиостриминг,,,8,"0,03",0,ICECREAMMUSIC
5063833463195,Паранойя,BARCETON,Звук,Подписка,,,3,0,"0,55",ICECREAMMUSIC
5063833463195,Паранойя,BARCETON,Звук,Подписка,,,4,"0,1",0,ICECREAMMUSIC
5063833463195,Паранойя,BARCETON,Яндекс.Музыка,Аудиостриминг,,,1,0,0,ICECREAMMUSIC
5063833463195,Паранойя,BARCETON,Яндекс.Музыка,Аудиостриминг,,,2,0,"0,01",ICECREAMMUSIC
5063833463195,Паранойя,BARCETON,Яндекс.Музыка,Аудиостриминг,,,4,0,"0,02",ICECREAMMUSIC
5063833463195,Паранойя,BARCETON,Яндекс.Музыка,Подписка,,,4,0,"0,1",ICECREAMMUSIC
5063833463195,Паранойя,BARCETON,Яндекс.Музыка,Подписка,,,7,0,"0,26",ICECREAMMUSIC
5063833463195,Паранойя,BARCETON,Яндекс.Музыка,Подписка,,,15,0,"0,54",ICECREAMMUSIC
5063833463195,Паранойя,BARCETON,Яндекс.Музыка,Аудиостриминг,,,4,"0,01",0,ICECREAMMUSIC
5063833463195,Паранойя,BARCETON,Яндекс.Музыка,Подписка,,,46,"0,27",0,ICECREAMMUSIC
5063635393164,Пацан в армейском сапоге...,Spirit Glam,Apple Music,Подписка,,,2,0,"0,2",ICECREAMMUSIC
5063635393164,Пацан в армейском сапоге...,Spirit Glam,Apple Music,Подписка,,,3,0,"0,2",ICECREAMMUSIC
5063635393164,Пацан в армейском сапоге...,Spirit Glam,Apple Music,Подписка,,,4,"0,05",0,ICECREAMMUSIC
5063635393164,Пацан в армейском сапоге...,Spirit Glam,MusixMatch,Тексты песен,,,145,"0,42",0,ICECREAMMUSIC
5063635393164,Пацан в армейском сапоге...,Spirit Glam,vk,Аудиостриминг,,,4,0,"0,18",ICECREAMMUSIC
5063635393164,Пацан в армейском сапоге...,Spirit Glam,vk,Аудиостриминг,,,6,0,"0,23",ICECREAMMUSIC
5063635393164,Пацан в армейском сапоге...,Spirit Glam,vk,Аудиостриминг,,,8,0,"0,29",ICECREAMMUSIC
5063635393164,Пацан в армейском сапоге...,Spirit Glam,vk,Аудиостриминг,,,44,0,"0,92",ICECREAMMUSIC
5063635393164,Пацан в армейском сапоге...,Spirit Glam,vk,Аудиостриминг,,,64,0,"1,35",ICECREAMMUSIC
5063635393164,Пацан в армейском сапоге...,Spirit Glam,vk,Аудиостриминг,,,95,0,2,ICECREAMMUSIC
5063635393164,Пацан в армейском сапоге...,Spirit Glam,vk,Подписка,,,21,0,"3,93",ICECREAMMUSIC
5063635393164,Пацан в армейском сапоге...,Spirit Glam,vk,Подписка,,,32,0,"5,1",ICECREAMMUSIC
5063635393164,Пацан в армейском сапоге...,Spirit Glam,vk,Подписка,,,42,0,"6,59",ICECREAMMUSIC
5063635393164,Пацан в армейском сапоге...,Spirit Glam,vk,Аудиостриминг,,,51,"0,17",0,ICECREAMMUSIC
5063635393164,Пацан в армейском сапоге...,Spirit Glam,vk,Аудиостриминг,,,75,"0,25",0,ICECREAMMUSIC
5063635393164,Пацан в армейском сапоге...,Spirit Glam,vk,Аудиостриминг,,,111,"0,37",0,ICECREAMMUSIC
5063635393164,Пацан в армейском сапоге...,Spirit Glam,vk,Тексты песен,,,17,"0,64",0,ICECREAMMUSIC
5063635393164,Пацан в армейском сапоге...,Spirit Glam,vk,Подписка,,,24,"0,97",0,ICECREAMMUSIC
5063635393164,Пацан в армейском сапоге...,Spirit Glam,vk,Подписка,,,37,"1,26",0,ICECREAMMUSIC
5063635393164,Пацан в армейском сапоге...,Spirit Glam,vk,Подписка,,,49,"1,62",0,ICECREAMMUSIC
5063635393164,Пацан в армейском сапоге...,Spirit Glam,vk клипы,Видео,,,23,0,"0,01",ICECREAMMUSIC
5063635393164,Пацан в армейском сапоге...,Spirit Glam,vk клипы,Видео,,,23,"0,01",0,ICECREAMMUSIC
5063635393164,Пацан в армейском сапоге...,Spirit Glam,Звук,Подписка,,,16,0,"3,63",ICECREAMMUSIC
5063635393164,Пацан в армейском сапоге...,Spirit Glam,Звук,Подписка,,,3,"0,08",0,ICECREAMMUSIC
5063635393164,Пацан в армейском сапоге...,Spirit Glam,Иная дистрибуция,Видео,,,16,0,"0,01",ICECREAMMUSIC
5063635393164,Пацан в армейском сапоге...,Spirit Glam,Иная дистрибуция,Видео,,,15,0,"0,01",ICECREAMMUSIC
5063635393164,Пацан в армейском сапоге...,Spirit Glam,КИОН Музыка,Подписка,,,2,0,"0,14",ICECREAMMUSIC
5063635393164,Пацан в армейском сапоге...,Spirit Glam,КИОН Музыка,Подписка,,,2,"0,03",0,ICECREAMMUSIC
5063635393164,Пацан в армейском сапоге...,Spirit Glam,Сервисы АДВ Мьюзик,РБТ,,,3,0,"0,08",ICECREAMMUSIC
5063635393164,Пацан в армейском сапоге...,Spirit Glam,Сервисы АДВ Мьюзик,РБТ,,,3,"0,02",0,ICECREAMMUSIC
5063635393164,Пацан в армейском сапоге...,Spirit Glam,Яндекс.Музыка,Аудиостриминг,,,3,0,"0,02",ICECREAMMUSIC
5063635393164,Пацан в армейском сапоге...,Spirit Glam,Яндекс.Музыка,Аудиостриминг,,,16,0,"0,1",ICECREAMMUSIC
5063635393164,Пацан в армейском сапоге...,Spirit Glam,Яндекс.Музыка,Аудиостриминг,,,15,0,"0,1",ICECREAMMUSIC
5063635393164,Пацан в армейском сапоге...,Spirit Glam,Яндекс.Музыка,Аудиостриминг,,,15,0,"0,1",ICECREAMMUSIC
5063635393164,Пацан в армейском сапоге...,Spirit Glam,Яндекс.Музыка,Подписка,,,61,0,"2,32",ICECREAMMUSIC
5063635393164,Пацан в армейском сапоге...,Spirit Glam,Яндекс.Музыка,Подписка,,,59,0,"2,32",ICECREAMMUSIC
5063635393164,Пацан в армейском сапоге...,Spirit Glam,Яндекс.Музыка,Подписка,,,60,0,"2,34",ICECREAMMUSIC
5063635393164,Пацан в армейском сапоге...,Spirit Glam,Яндекс.Музыка,Подписка,,,315,"1,83",0,ICECREAMMUSIC
5063833323734,Первая глава,OTALOE,SoundCloud,Аудиостриминг,,,1,0,"0,03",ICECREAMMUSIC
5063833323734,Первая глава,OTALOE,vk,Аудиостриминг,,,1,0,"0,02",ICECREAMMUSIC
5063833323734,Первая глава,OTALOE,vk,Аудиостриминг,,,3,0,"0,17",ICECREAMMUSIC
5063833323734,Первая глава,OTALOE,vk,Аудиостриминг,,,6,0,"0,25",ICECREAMMUSIC
5063833323734,Первая глава,OTALOE,vk,Подписка,,,4,0,"0,37",ICECREAMMUSIC
5063833323734,Первая глава,OTALOE,vk,Аудиостриминг,,,44,0,"0,92",ICECREAMMUSIC
5063833323734,Первая глава,OTALOE,vk,Аудиостриминг,,,44,0,"0,92",ICECREAMMUSIC
5063833323734,Первая глава,OTALOE,vk,Аудиостриминг,,,58,0,"1,22",ICECREAMMUSIC
5063833323734,Первая глава,OTALOE,vk,Подписка,,,17,0,"3,71",ICECREAMMUSIC
5063833323734,Первая глава,OTALOE,vk,Подписка,,,31,0,"5,51",ICECREAMMUSIC
5063833323734,Первая глава,OTALOE,vk,Подписка,,,4,"0,09",0,ICECREAMMUSIC
5063833323734,Первая глава,OTALOE,vk,Аудиостриминг,,,51,"0,17",0,ICECREAMMUSIC
5063833323734,Первая глава,OTALOE,vk,Аудиостриминг,,,51,"0,17",0,ICECREAMMUSIC
5063833323734,Первая глава,OTALOE,vk,Аудиостриминг,,,68,"0,22",0,ICECREAMMUSIC
5063833323734,Первая глава,OTALOE,vk,Тексты песен,,,8,"0,27",0,ICECREAMMUSIC
5063833323734,Первая глава,OTALOE,vk,Подписка,,,20,"0,92",0,ICECREAMMUSIC
5063833323734,Первая глава,OTALOE,vk,Подписка,,,36,"1,36",0,ICECREAMMUSIC
5063833323734,Первая глава,OTALOE,VK Видео,Видеоостримминг,,,12,0,"0,07",ICECREAMMUSIC
5063833323734,Первая глава,OTALOE,VK Видео,Видеоостримминг,,,8,0,"0,18",ICECREAMMUSIC
5063833323734,Первая глава,OTALOE,YouTube,Аудио,,,26,0,"0,05",ICECREAMMUSIC
5063833323734,Первая глава,OTALOE,YouTube,Аудиостриминг,,,26,0,"0,08",ICECREAMMUSIC
5063833323734,Первая глава,OTALOE,YouTube,Аудио,,,52,0,"0,17",ICECREAMMUSIC
5063833323734,Первая глава,OTALOE,Звук,Подписка,,,2,0,"0,39",ICECREAMMUSIC
5063833323734,Первая глава,OTALOE,Звук,Подписка,,,2,"0,06",0,ICECREAMMUSIC
5063833323734,Первая глава,OTALOE,Иная дистрибуция,Видео,,,13,0,"0,01",ICECREAMMUSIC
5063833323734,Первая глава,OTALOE,Иная дистрибуция,Видео,,,16,0,"0,01",ICECREAMMUSIC
5063833323734,Первая глава,OTALOE,Иная дистрибуция,Видео,,,112,0,"0,02",ICECREAMMUSIC
5063833323734,Первая глава,OTALOE,Яндекс Видео,Подписка,,,4,0,"0,09",ICECREAMMUSIC
5063833323734,Первая глава,OTALOE,Яндекс Видео,Подписка,,,5,0,"0,14",ICECREAMMUSIC
5063833323734,Первая глава,OTALOE,Яндекс Видео,Подписка,,,7,0,"0,25",ICECREAMMUSIC
5063833323734,Первая глава,OTALOE,Яндекс.Музыка,Аудиостриминг,,,3,0,"0,02",ICECREAMMUSIC
5063833323734,Первая глава,OTALOE,Яндекс.Музыка,Аудиостриминг,,,17,0,"0,11",ICECREAMMUSIC
5063833323734,Первая глава,OTALOE,Яндекс.Музыка,Аудиостриминг,,,35,0,"0,23",ICECREAMMUSIC
5063833323734,Первая глава,OTALOE,Яндекс.Музыка,Аудиостриминг,,,43,0,"0,29",ICECREAMMUSIC
5063833323734,Первая глава,OTALOE,Яндекс.Музыка,Подписка,,,68,0,"2,57",ICECREAMMUSIC
5063833323734,Первая глава,OTALOE,Яндекс.Музыка,Подписка,,,137,0,"5,44",ICECREAMMUSIC
5063833323734,Первая глава,OTALOE,Яндекс.Музыка,Подписка,,,172,0,"6,82",ICECREAMMUSIC
5063833323734,Первая глава,OTALOE,Яндекс.Музыка,Подписка,,,209,"1,21",0,ICECREAMMUSIC
5063316631899,ПЕРВЫЙ ВЗГЛЯД,Tripowy,MusixMatch,Тексты песен,,,1,"0,01",0,Ckeabrona Beats
5063316631899,ПЕРВЫЙ ВЗГЛЯД,Tripowy,vk,Аудиостриминг,,,1,0,"0,02",Ckeabrona Beats
5063316631899,ПЕРВЫЙ ВЗГЛЯД,Tripowy,vk,Аудиостриминг,,,1,0,"0,02",Ckeabrona Beats
5063316631899,ПЕРВЫЙ ВЗГЛЯД,Tripowy,vk,Аудиостриминг,,,1,0,"0,02",Ckeabrona Beats
5063316631899,ПЕРВЫЙ ВЗГЛЯД,Tripowy,vk,Аудиостриминг,,,4,0,"0,07",Ckeabrona Beats
5063316631899,ПЕРВЫЙ ВЗГЛЯД,Tripowy,vk,Подписка,,,3,0,"0,36",Ckeabrona Beats
5063316631899,ПЕРВЫЙ ВЗГЛЯД,Tripowy,vk,Подписка,,,3,0,"0,38",Ckeabrona Beats
5063316631899,ПЕРВЫЙ ВЗГЛЯД,Tripowy,vk,Аудиостриминг,,,4,"0,01",0,Ckeabrona Beats
5063316631899,ПЕРВЫЙ ВЗГЛЯД,Tripowy,vk,Подписка,,,3,"0,09",0,Ckeabrona Beats
5063316631899,ПЕРВЫЙ ВЗГЛЯД,Tripowy,vk,Подписка,,,3,"0,1",0,Ckeabrona Beats
5063316631899,ПЕРВЫЙ ВЗГЛЯД,Tripowy,Одноклассники,Аудиостриминг,,,1,0,"0,02",Ckeabrona Beats
5063316631899,ПЕРВЫЙ ВЗГЛЯД,Tripowy,Одноклассники,Аудиостриминг,,,2,0,"0,03",Ckeabrona Beats
5063316631899,ПЕРВЫЙ ВЗГЛЯД,Tripowy,Одноклассники,Аудиостриминг,,,2,"0,01",0,Ckeabrona Beats
5063316631899,ПЕРВЫЙ ВЗГЛЯД,Tripowy,Яндекс.Музыка,Аудиостриминг,,,1,0,0,Ckeabrona Beats
5063316631899,ПЕРВЫЙ ВЗГЛЯД,Tripowy,Яндекс.Музыка,Аудиостриминг,,,1,0,"0,01",Ckeabrona Beats
5063316631899,ПЕРВЫЙ ВЗГЛЯД,Tripowy,Яндекс.Музыка,Аудиостриминг,,,1,0,"0,01",Ckeabrona Beats
5063316631899,ПЕРВЫЙ ВЗГЛЯД,Tripowy,Яндекс.Музыка,Аудиостриминг,,,2,0,"0,01",Ckeabrona Beats
5063316631899,ПЕРВЫЙ ВЗГЛЯД,Tripowy,Яндекс.Музыка,Аудиостриминг,,,2,0,"0,01",Ckeabrona Beats
5063316631899,ПЕРВЫЙ ВЗГЛЯД,Tripowy,Яндекс.Музыка,Подписка,,,1,0,"0,02",Ckeabrona Beats
5063316631899,ПЕРВЫЙ ВЗГЛЯД,Tripowy,Яндекс.Музыка,Подписка,,,4,0,"0,13",Ckeabrona Beats
5063316631899,ПЕРВЫЙ ВЗГЛЯД,Tripowy,Яндекс.Музыка,Аудиостриминг,,,4,"0,01",0,Ckeabrona Beats
5063316631899,ПЕРВЫЙ ВЗГЛЯД,Tripowy,Яндекс.Музыка,Подписка,,,10,"0,06",0,Ckeabrona Beats
5063635759922,Перемены,VYSHUTIN,SoundCloud,Аудиостриминг,,,1,0,"0,03",ICECREAMMUSIC
5063635759922,Перемены,VYSHUTIN,vk,Аудиостриминг,,,1,0,"0,01",ICECREAMMUSIC
5063635759922,Перемены,VYSHUTIN,vk,Аудиостриминг,,,1,0,"0,02",ICECREAMMUSIC
5063635759922,Перемены,VYSHUTIN,vk,Аудиостриминг,,,2,0,"0,04",ICECREAMMUSIC
5063635759922,Перемены,VYSHUTIN,vk,Аудиостриминг,,,4,0,"0,06",ICECREAMMUSIC
5063635759922,Перемены,VYSHUTIN,vk,Аудиостриминг,,,3,0,"0,07",ICECREAMMUSIC
5063635759922,Перемены,VYSHUTIN,vk,Аудиостриминг,,,7,0,"0,13",ICECREAMMUSIC
5063635759922,Перемены,VYSHUTIN,vk,Подписка,,,2,0,"0,13",ICECREAMMUSIC
5063635759922,Перемены,VYSHUTIN,vk,Подписка,,,10,0,"0,97",ICECREAMMUSIC
5063635759922,Перемены,VYSHUTIN,vk,Подписка,,,14,0,"1,5",ICECREAMMUSIC
5063635759922,Перемены,VYSHUTIN,vk,Аудиостриминг,,,4,"0,01",0,ICECREAMMUSIC
5063635759922,Перемены,VYSHUTIN,vk,Аудиостриминг,,,8,"0,02",0,ICECREAMMUSIC
5063635759922,Перемены,VYSHUTIN,vk,Подписка,,,2,"0,04",0,ICECREAMMUSIC
5063635759922,Перемены,VYSHUTIN,vk,Подписка,,,11,"0,24",0,ICECREAMMUSIC
5063635759922,Перемены,VYSHUTIN,vk,Подписка,,,16,"0,37",0,ICECREAMMUSIC
5063635759922,Перемены,VYSHUTIN,Яндекс.Музыка,Подписка,,,2,"0,01",0,ICECREAMMUSIC
5063833135771,Песок,Kriyk,КИОН Музыка,Подписка,,,1,0,"0,07",ICECREAMMUSIC
5063833135771,Песок,Kriyk,КИОН Музыка,Аудиостриминг,,,4,0,"0,1",ICECREAMMUSIC
5063833135771,Песок,Kriyk,КИОН Музыка,Подписка,,,1,"0,02",0,ICECREAMMUSIC
5063833135771,Песок,Kriyk,КИОН Музыка,Аудиостриминг,,,4,"0,03",0,ICECREAMMUSIC
5063833135771,Песок,Kriyk,Яндекс.Музыка,Аудиостриминг,,,1,0,0,ICECREAMMUSIC
5063833135771,Песок,Kriyk,Яндекс.Музыка,Аудиостриминг,,,1,0,0,ICECREAMMUSIC
5063833135771,Песок,Kriyk,Яндекс.Музыка,Аудиостриминг,,,1,0,0,ICECREAMMUSIC
5063833135771,Песок,Kriyk,Яндекс.Музыка,Подписка,,,1,0,"0,02",ICECREAMMUSIC
5063833135771,Песок,Kriyk,Яндекс.Музыка,Подписка,,,2,0,"0,06",ICECREAMMUSIC
5063833135771,Песок,Kriyk,Яндекс.Музыка,Подписка,,,3,0,"0,08",ICECREAMMUSIC
5063833135771,Песок,Kriyk,Яндекс.Музыка,Подписка,,,6,"0,03",0,ICECREAMMUSIC
5063635214230,Плывут,"WhiteFluffy, ilyxinadgo",vk,Аудиостриминг,,,1,0,"0,02",ICECREAMMUSIC
5063635214230,Плывут,"WhiteFluffy, ilyxinadgo",vk,Пробная подписка,,,3,0,"1,06",ICECREAMMUSIC
5063635214230,Плывут,"WhiteFluffy, ilyxinadgo",vk,Пробная подписка,,,4,0,"1,77",ICECREAMMUSIC
5063635214230,Плывут,"WhiteFluffy, ilyxinadgo",vk,Пробная подписка,,,3,"0,26",0,ICECREAMMUSIC
5063635214230,Плывут,"WhiteFluffy, ilyxinadgo",vk,Пробная подписка,,,4,"0,44",0,ICECREAMMUSIC
5063635214230,Плывут,"WhiteFluffy, ilyxinadgo",Яндекс.Музыка,Аудиостриминг,,,1,0,0,ICECREAMMUSIC
5063635214230,Плывут,"WhiteFluffy, ilyxinadgo",Яндекс.Музыка,Подписка,,,3,0,"0,07",ICECREAMMUSIC
5063635214230,Плывут,"WhiteFluffy, ilyxinadgo",Яндекс.Музыка,Подписка,,,4,"0,02",0,ICECREAMMUSIC
5063635355124,Плывут II,"WhiteFluffy, ilyxinadgo",TikTok,Видео,,,1,0,"0,02",ICECREAMMUSIC
5063635355124,Плывут II,"WhiteFluffy, ilyxinadgo",vk,Аудиостриминг,,,3,0,"0,05",ICECREAMMUSIC
5063635355124,Плывут II,"WhiteFluffy, ilyxinadgo",vk,Аудиостриминг,,,3,"0,01",0,ICECREAMMUSIC
5063635355124,Плывут II,"WhiteFluffy, ilyxinadgo",Яндекс.Музыка,Аудиостриминг,,,1,0,0,ICECREAMMUSIC
5063635355124,Плывут II,"WhiteFluffy, ilyxinadgo",Яндекс.Музыка,Подписка,,,2,0,"0,06",ICECREAMMUSIC
5063635355124,Плывут II,"WhiteFluffy, ilyxinadgo",Яндекс.Музыка,Подписка,,,2,"0,01",0,ICECREAMMUSIC
5063466403483,По газам,OTALOE,Apple Music,Подписка,,,1,0,"0,1",ICECREAMMUSIC
5063466403483,По газам,OTALOE,Apple Music,Подписка,,,3,0,"0,4",ICECREAMMUSIC
5063466403483,По газам,OTALOE,Apple Music,Подписка,,,32,"0,49",0,ICECREAMMUSIC
5063466403483,По газам,OTALOE,MusixMatch,Тексты песен,,,3,"0,01",0,ICECREAMMUSIC
5063466403483,По газам,OTALOE,SoundCloud,Аудиостриминг,,,2,0,"0,05",ICECREAMMUSIC
5063466403483,По газам,OTALOE,vk,Аудиостриминг,,,5,0,"0,18",ICECREAMMUSIC
5063466403483,По газам,OTALOE,vk,Аудиостриминг,,,6,0,"0,33",ICECREAMMUSIC
5063466403483,По газам,OTALOE,vk,Аудиостриминг,,,8,0,"0,34",ICECREAMMUSIC
5063466403483,По газам,OTALOE,vk,Пробная подписка,,,1,0,"0,62",ICECREAMMUSIC
5063466403483,По газам,OTALOE,vk,Аудиостриминг,,,57,0,"1,19",ICECREAMMUSIC
5063466403483,По газам,OTALOE,vk,Аудиостриминг,,,69,0,"1,47",ICECREAMMUSIC
5063466403483,По газам,OTALOE,vk,Аудиостриминг,,,116,0,"2,47",ICECREAMMUSIC
5063466403483,По газам,OTALOE,vk,Подписка,,,26,0,"4,11",ICECREAMMUSIC
5063466403483,По газам,OTALOE,vk,Подписка,,,34,0,"7,35",ICECREAMMUSIC
5063466403483,По газам,OTALOE,vk,Подписка,,,43,0,"7,68",ICECREAMMUSIC
5063466403483,По газам,OTALOE,vk,Тексты песен,,,3,"0,09",0,ICECREAMMUSIC
5063466403483,По газам,OTALOE,vk,Пробная подписка,,,1,"0,15",0,ICECREAMMUSIC
5063466403483,По газам,OTALOE,vk,Аудиостриминг,,,66,"0,22",0,ICECREAMMUSIC
5063466403483,По газам,OTALOE,vk,Аудиостриминг,,,81,"0,27",0,ICECREAMMUSIC
5063466403483,По газам,OTALOE,vk,Аудиостриминг,,,136,"0,46",0,ICECREAMMUSIC
5063466403483,По газам,OTALOE,vk,Подписка,,,30,"1,01",0,ICECREAMMUSIC
5063466403483,По газам,OTALOE,vk,Подписка,,,39,"1,81",0,ICECREAMMUSIC
5063466403483,По газам,OTALOE,vk,Подписка,,,50,"1,9",0,ICECREAMMUSIC
5063466403483,По газам,OTALOE,VK Видео,Видеоостримминг,,,8,0,"0,05",ICECREAMMUSIC
5063466403483,По газам,OTALOE,Звук,Подписка,,,2,"0,06",0,ICECREAMMUSIC
5063466403483,По газам,OTALOE,Яндекс Видео,Подписка,,,1,0,"0,02",ICECREAMMUSIC
5063466403483,По газам,OTALOE,Яндекс Видео,Подписка,,,4,0,"0,18",ICECREAMMUSIC
5063466403483,По газам,OTALOE,Яндекс Видео,Подписка,,,4,0,"0,2",ICECREAMMUSIC
5063466403483,По газам,OTALOE,Яндекс.Музыка,Аудиостриминг,,,7,0,"0,04",ICECREAMMUSIC
5063466403483,По газам,OTALOE,Яндекс.Музыка,Аудиостриминг,,,28,0,"0,19",ICECREAMMUSIC
5063466403483,По газам,OTALOE,Яндекс.Музыка,Аудиостриминг,,,29,0,"0,2",ICECREAMMUSIC
5063466403483,По газам,OTALOE,Яндекс.Музыка,Подписка,,,26,0,"0,95",ICECREAMMUSIC
5063466403483,По газам,OTALOE,Яндекс.Музыка,Подписка,,,111,0,"4,38",ICECREAMMUSIC
5063466403483,По газам,OTALOE,Яндекс.Музыка,Подписка,,,116,0,"4,62",ICECREAMMUSIC
5063466403483,По газам,OTALOE,Яндекс.Музыка,Подписка,,,76,"0,44",0,ICECREAMMUSIC
5063833389815,Под Водопадом,WhiteFluffy,Netease Cloud Music,Аудиостриминг,,,1,0,"0,01",ICECREAMMUSIC
5063833389815,Под Водопадом,WhiteFluffy,Snap,Видео,,,3,0,"0,02",ICECREAMMUSIC
5063833389815,Под Водопадом,WhiteFluffy,vk,Аудиостриминг,,,1,0,"0,01",ICECREAMMUSIC
5063833389815,Под Водопадом,WhiteFluffy,vk,Аудиостриминг,,,1,0,"0,01",ICECREAMMUSIC
5063833389815,Под Водопадом,WhiteFluffy,vk,Аудиостриминг,,,1,0,"0,02",ICECREAMMUSIC
5063833389815,Под Водопадом,WhiteFluffy,vk,Аудиостриминг,,,1,0,"0,02",ICECREAMMUSIC
5063833389815,Под Водопадом,WhiteFluffy,vk,Аудиостриминг,,,4,0,"0,07",ICECREAMMUSIC
5063833389815,Под Водопадом,WhiteFluffy,vk,Подписка,,,1,0,"0,15",ICECREAMMUSIC
5063833389815,Под Водопадом,WhiteFluffy,vk,Подписка,,,2,0,"0,25",ICECREAMMUSIC
5063833389815,Под Водопадом,WhiteFluffy,vk,Пробная подписка,,,1,0,"0,62",ICECREAMMUSIC
5063833389815,Под Водопадом,WhiteFluffy,vk,Пробная подписка,,,2,0,"0,7",ICECREAMMUSIC
5063833389815,Под Водопадом,WhiteFluffy,vk,Пробная подписка,,,2,0,"0,7",ICECREAMMUSIC
5063833389815,Под Водопадом,WhiteFluffy,vk,Аудиостриминг,,,4,"0,01",0,ICECREAMMUSIC
5063833389815,Под Водопадом,WhiteFluffy,vk,Подписка,,,1,"0,04",0,ICECREAMMUSIC
5063833389815,Под Водопадом,WhiteFluffy,vk,Подписка,,,2,"0,06",0,ICECREAMMUSIC
5063833389815,Под Водопадом,WhiteFluffy,vk,Пробная подписка,,,1,"0,15",0,ICECREAMMUSIC
5063833389815,Под Водопадом,WhiteFluffy,vk,Пробная подписка,,,2,"0,17",0,ICECREAMMUSIC
5063833389815,Под Водопадом,WhiteFluffy,vk,Пробная подписка,,,2,"0,17",0,ICECREAMMUSIC
5063833389815,Под Водопадом,WhiteFluffy,Яндекс.Музыка,Аудиостриминг,,,1,0,0,ICECREAMMUSIC
5063833389815,Под Водопадом,WhiteFluffy,Яндекс.Музыка,Аудиостриминг,,,1,0,"0,01",ICECREAMMUSIC
5063833389815,Под Водопадом,WhiteFluffy,Яндекс.Музыка,Аудиостриминг,,,2,0,"0,01",ICECREAMMUSIC
5063833389815,Под Водопадом,WhiteFluffy,Яндекс.Музыка,Подписка,,,3,0,"0,08",ICECREAMMUSIC
5063833389815,Под Водопадом,WhiteFluffy,Яндекс.Музыка,Подписка,,,4,0,"0,15",ICECREAMMUSIC
5063833389815,Под Водопадом,WhiteFluffy,Яндекс.Музыка,Подписка,,,5,0,"0,18",ICECREAMMUSIC
5063833389815,Под Водопадом,WhiteFluffy,Яндекс.Музыка,Подписка,,,17,"0,1",0,ICECREAMMUSIC
5063945577711,пока ты спишь,obs1d1an,vk,Аудиостриминг,,,1,0,"0,01",ICECREAMMUSIC
5063945577711,пока ты спишь,obs1d1an,vk,Подписка,,,1,0,"0,15",ICECREAMMUSIC
5063945577711,пока ты спишь,obs1d1an,vk,Подписка,,,1,"0,04",0,ICECREAMMUSIC
5063945577711,пока ты спишь,obs1d1an,YouTube,Аудио,,,21,0,"0,04",ICECREAMMUSIC
5063945577711,пока ты спишь,obs1d1an,Яндекс.Музыка,Аудиостриминг,,,7,0,"0,04",ICECREAMMUSIC
5063945577711,пока ты спишь,obs1d1an,Яндекс.Музыка,Подписка,,,25,0,"0,97",ICECREAMMUSIC
5063466542397,Покажи в неоне,PRAVDALUV,KKBOX,Подписка,,,1,0,"0,12",ICECREAMMUSIC
5063466542397,Покажи в неоне,PRAVDALUV,MusixMatch,Тексты песен,,,1,"0,01",0,ICECREAMMUSIC
5063466542397,Покажи в неоне,PRAVDALUV,Netease Cloud Music,Аудиостриминг,,,2,0,"0,02",ICECREAMMUSIC
5063466542397,Покажи в неоне,PRAVDALUV,Netease Cloud Music,Аудиостриминг,,,2,0,"0,02",ICECREAMMUSIC
5063466542397,Покажи в неоне,PRAVDALUV,Netease Cloud Music,Подписка,,,1,0,"0,03",ICECREAMMUSIC
5063466542397,Покажи в неоне,PRAVDALUV,Netease Cloud Music,Подписка,,,5,0,"0,13",ICECREAMMUSIC
5063466542397,Покажи в неоне,PRAVDALUV,Netease Cloud Music,Подписка,,,4,0,"0,15",ICECREAMMUSIC
5063466542397,Покажи в неоне,PRAVDALUV,vk,Аудиостриминг,,,1,0,"0,02",ICECREAMMUSIC
5063466542397,Покажи в неоне,PRAVDALUV,vk,Аудиостриминг,,,1,0,"0,02",ICECREAMMUSIC
5063466542397,Покажи в неоне,PRAVDALUV,Яндекс.Музыка,Аудиостриминг,,,1,0,0,ICECREAMMUSIC
5063466542397,Покажи в неоне,PRAVDALUV,Яндекс.Музыка,Аудиостриминг,,,1,0,0,ICECREAMMUSIC
5063466542397,Покажи в неоне,PRAVDALUV,Яндекс.Музыка,Аудиостриминг,,,1,0,"0,01",ICECREAMMUSIC
5063466542397,Покажи в неоне,PRAVDALUV,Яндекс.Музыка,Подписка,,,1,0,"0,02",ICECREAMMUSIC
5063466542397,Покажи в неоне,PRAVDALUV,Яндекс.Музыка,Подписка,,,1,0,"0,02",ICECREAMMUSIC
5063466542397,Покажи в неоне,PRAVDALUV,Яндекс.Музыка,Подписка,,,4,0,"0,13",ICECREAMMUSIC
5063466542397,Покажи в неоне,PRAVDALUV,Яндекс.Музыка,Подписка,,,2,"0,01",0,ICECREAMMUSIC
5063635189026,Поколение,Spirit Glam,Kugou,Аудиостриминг,,,1,0,"0,01",ICECREAMMUSIC
5063635189026,Поколение,Spirit Glam,TikTok,Видео,,,10,0,"0,24",ICECREAMMUSIC
5063635189026,Поколение,Spirit Glam,TikTok,Видео,,,12,0,"0,3",ICECREAMMUSIC
5063635189026,Поколение,Spirit Glam,TikTok,Видео,,,20,0,"0,42",ICECREAMMUSIC
5063635189026,Поколение,Spirit Glam,vk,Аудиостриминг,,,4,0,"0,14",ICECREAMMUSIC
5063635189026,Поколение,Spirit Glam,vk,Аудиостриминг,,,3,0,"0,14",ICECREAMMUSIC
5063635189026,Поколение,Spirit Glam,vk,Аудиостриминг,,,6,0,"0,3",ICECREAMMUSIC
5063635189026,Поколение,Spirit Glam,vk,Аудиостриминг,,,58,0,"1,22",ICECREAMMUSIC
5063635189026,Поколение,Spirit Glam,vk,Аудиостриминг,,,82,0,"1,73",ICECREAMMUSIC
5063635189026,Поколение,Spirit Glam,vk,Аудиостриминг,,,88,0,"1,86",ICECREAMMUSIC
5063635189026,Поколение,Spirit Glam,vk,Подписка,,,18,0,"3,06",ICECREAMMUSIC
5063635189026,Поколение,Spirit Glam,vk,Подписка,,,16,0,"3,1",ICECREAMMUSIC
5063635189026,Поколение,Spirit Glam,vk,Подписка,,,32,0,"6,69",ICECREAMMUSIC
5063635189026,Поколение,Spirit Glam,vk,Аудиостриминг,,,68,"0,22",0,ICECREAMMUSIC
5063635189026,Поколение,Spirit Glam,vk,Аудиостриминг,,,96,"0,32",0,ICECREAMMUSIC
5063635189026,Поколение,Spirit Glam,vk,Аудиостриминг,,,103,"0,34",0,ICECREAMMUSIC
5063635189026,Поколение,Spirit Glam,vk,Подписка,,,21,"0,76",0,ICECREAMMUSIC
5063635189026,Поколение,Spirit Glam,vk,Подписка,,,18,"0,76",0,ICECREAMMUSIC
5063635189026,Поколение,Spirit Glam,vk,Тексты песен,,,29,"1,09",0,ICECREAMMUSIC
5063635189026,Поколение,Spirit Glam,vk,Подписка,,,37,"1,65",0,ICECREAMMUSIC
5063635189026,Поколение,Spirit Glam,КИОН Музыка,Подписка,,,2,0,"0,14",ICECREAMMUSIC
5063635189026,Поколение,Spirit Glam,КИОН Музыка,Подписка,,,2,"0,03",0,ICECREAMMUSIC
5063635189026,Поколение,Spirit Glam,Яндекс.Музыка,Аудиостриминг,,,2,0,"0,01",ICECREAMMUSIC
5063635189026,Поколение,Spirit Glam,Яндекс.Музыка,Аудиостриминг,,,2,0,"0,01",ICECREAMMUSIC
5063635189026,Поколение,Spirit Glam,Яндекс.Музыка,Аудиостриминг,,,5,0,"0,05",ICECREAMMUSIC
5063635189026,Поколение,Spirit Glam,Яндекс.Музыка,Аудиостриминг,,,30,0,"0,2",ICECREAMMUSIC
5063635189026,Поколение,Spirit Glam,Яндекс.Музыка,Аудиостриминг,,,56,0,"0,36",ICECREAMMUSIC
5063635189026,Поколение,Spirit Glam,Яндекс.Музыка,Аудиостриминг,,,59,0,"0,4",ICECREAMMUSIC
5063635189026,Поколение,Spirit Glam,Яндекс.Музыка,Подписка,,,120,0,"4,76",ICECREAMMUSIC
5063635189026,Поколение,Spirit Glam,Яндекс.Музыка,Подписка,,,223,0,"8,5",ICECREAMMUSIC
5063635189026,Поколение,Spirit Glam,Яндекс.Музыка,Подписка,,,236,0,"9,37",ICECREAMMUSIC
5063635189026,Поколение,Spirit Glam,Яндекс.Музыка,Аудиостриминг,,,5,"0,01",0,ICECREAMMUSIC
5063635189026,Поколение,Spirit Glam,Яндекс.Музыка,Подписка,,,849,"4,93",0,ICECREAMMUSIC
5063635610797,Полумесяц И Звезда,WANDERING FOG,vk,Аудиостриминг,,,4,0,"0,06",ICECREAMMUSIC
5063635610797,Полумесяц И Звезда,WANDERING FOG,vk,Аудиостриминг,,,4,0,"0,07",ICECREAMMUSIC
5063635610797,Полумесяц И Звезда,WANDERING FOG,vk,Аудиостриминг,,,4,"0,01",0,ICECREAMMUSIC
5063635610797,Полумесяц И Звезда,WANDERING FOG,vk,Аудиостриминг,,,4,"0,01",0,ICECREAMMUSIC
5063635610797,Полумесяц И Звезда,WANDERING FOG,Одноклассники,Аудиостриминг,,,1,0,"0,02",ICECREAMMUSIC
5063635610797,Полумесяц И Звезда,WANDERING FOG,Яндекс.Музыка,Подписка,,,1,"0,01",0,ICECREAMMUSIC
5063466556028,Помолчать,T-MATE,Lyric Find,Тексты песен,,,1,"0,02",0,ICECREAMMUSIC
5063466556028,Помолчать,T-MATE,vk,Аудиостриминг,,,1,0,"0,02",ICECREAMMUSIC
5063466556028,Помолчать,T-MATE,vk,Аудиостриминг,,,1,0,"0,02",ICECREAMMUSIC
5063466556028,Помолчать,T-MATE,vk,Аудиостриминг,,,3,0,"0,05",ICECREAMMUSIC
5063466556028,Помолчать,T-MATE,vk,Аудиостриминг,,,3,"0,01",0,ICECREAMMUSIC
5063466556028,Помолчать,T-MATE,Звук,Подписка,,,1,"0,03",0,ICECREAMMUSIC
5063466556028,Помолчать,T-MATE,Яндекс.Музыка,Подписка,,,4,"0,02",0,ICECREAMMUSIC
5063833135825,Портреты,Phil Mahart,TikTok,Видео,,,1,0,"0,02",ICECREAMMUSIC
5063833135825,Портреты,Phil Mahart,vk,Аудиостриминг,,,1,0,"0,01",ICECREAMMUSIC
5063833135825,Портреты,Phil Mahart,vk,Аудиостриминг,,,1,0,"0,01",ICECREAMMUSIC
5063833135825,Портреты,Phil Mahart,vk,Аудиостриминг,,,1,0,"0,01",ICECREAMMUSIC
5063833135825,Портреты,Phil Mahart,vk,Подписка,,,1,0,"0,15",ICECREAMMUSIC
5063833135825,Портреты,Phil Mahart,vk,Подписка,,,2,0,"0,25",ICECREAMMUSIC
5063833135825,Портреты,Phil Mahart,vk,Подписка,,,2,0,"0,3",ICECREAMMUSIC
5063833135825,Портреты,Phil Mahart,vk,Подписка,,,1,"0,04",0,ICECREAMMUSIC
5063833135825,Портреты,Phil Mahart,vk,Подписка,,,2,"0,06",0,ICECREAMMUSIC
5063833135825,Портреты,Phil Mahart,vk,Подписка,,,2,"0,08",0,ICECREAMMUSIC
5063833135825,Портреты,Phil Mahart,Звук,Подписка,,,3,0,"0,58",ICECREAMMUSIC
5063833135825,Портреты,Phil Mahart,Звук,Подписка,,,4,0,"0,76",ICECREAMMUSIC
5063833135825,Портреты,Phil Mahart,Звук,Подписка,,,20,"0,67",0,ICECREAMMUSIC
5063833135825,Портреты,Phil Mahart,Иная дистрибуция,Видео,,,90,0,"0,02",ICECREAMMUSIC
5063833135825,Портреты,Phil Mahart,Иная дистрибуция,Видео,,,99,0,"0,02",ICECREAMMUSIC
5063833135825,Портреты,Phil Mahart,Иная дистрибуция,Видео,,,184,0,"0,05",ICECREAMMUSIC
5063833135825,Портреты,Phil Mahart,КИОН Музыка,Аудиостриминг,,,14,0,"0,35",ICECREAMMUSIC
5063833135825,Портреты,Phil Mahart,КИОН Музыка,Подписка,,,20,0,"1,7",ICECREAMMUSIC
5063833135825,Портреты,Phil Mahart,КИОН Музыка,Аудиостриминг,,,14,"0,09",0,ICECREAMMUSIC
5063833135825,Портреты,Phil Mahart,КИОН Музыка,Подписка,,,20,"0,37",0,ICECREAMMUSIC
5063833135825,Портреты,Phil Mahart,Яндекс.Музыка,Аудиостриминг,,,1,0,"0,01",ICECREAMMUSIC
5063833135825,Портреты,Phil Mahart,Яндекс.Музыка,Аудиостриминг,,,2,0,"0,01",ICECREAMMUSIC
5063833135825,Портреты,Phil Mahart,Яндекс.Музыка,Аудиостриминг,,,4,0,"0,02",ICECREAMMUSIC
5063833135825,Портреты,Phil Mahart,Яндекс.Музыка,Аудиостриминг,,,22,0,"0,14",ICECREAMMUSIC
5063833135825,Портреты,Phil Mahart,Яндекс.Музыка,Аудиостриминг,,,32,0,"0,21",ICECREAMMUSIC
5063833135825,Портреты,Phil Mahart,Яндекс.Музыка,Аудиостриминг,,,36,0,"0,24",ICECREAMMUSIC
5063833135825,Портреты,Phil Mahart,Яндекс.Музыка,Подписка,,,85,0,"3,37",ICECREAMMUSIC
5063833135825,Портреты,Phil Mahart,Яндекс.Музыка,Подписка,,,125,0,"4,96",ICECREAMMUSIC
5063833135825,Портреты,Phil Mahart,Яндекс.Музыка,Подписка,,,144,0,"5,51",ICECREAMMUSIC
5063833135825,Портреты,Phil Mahart,Яндекс.Музыка,Аудиостриминг,,,6,"0,01",0,ICECREAMMUSIC
5063833135825,Портреты,Phil Mahart,Яндекс.Музыка,Подписка,,,496,"2,88",0,ICECREAMMUSIC
5063466978974,После слов,"Laxon, Lill Kiska",Amazon,Подписка,,,2,0,"0,05",ICECREAMMUSIC
5063466929730,После слов,"Laxon, Lill Kiska",MusixMatch,Тексты песен,,,5,"0,02",0,ICECREAMMUSIC
5063466929730,После слов,"Laxon, Lill Kiska",vk,Аудиостриминг,,,1,0,"0,02",ICECREAMMUSIC
5063466929730,После слов,"Laxon, Lill Kiska",vk,Аудиостриминг,,,2,0,"0,03",ICECREAMMUSIC
5063466929730,После слов,"Laxon, Lill Kiska",vk,Аудиостриминг,,,2,"0,01",0,ICECREAMMUSIC
5063466978974,После слов,"Laxon, Lill Kiska",vk,Аудиостриминг,,,1,0,"0,02",ICECREAMMUSIC
5063466929730,После слов,"Laxon, Lill Kiska",YouTube,Аудио,,,2,0,"0,01",ICECREAMMUSIC
5063466929730,После слов,"Laxon, Lill Kiska",КИОН Музыка,Подписка,,,2,0,"0,14",ICECREAMMUSIC
5063466929730,После слов,"Laxon, Lill Kiska",КИОН Музыка,Подписка,,,2,"0,03",0,ICECREAMMUSIC
5063466929730,После слов,"Laxon, Lill Kiska",Яндекс.Музыка,Аудиостриминг,,,1,0,0,ICECREAMMUSIC
5063466929730,После слов,"Laxon, Lill Kiska",Яндекс.Музыка,Аудиостриминг,,,1,0,0,ICECREAMMUSIC
5063466929730,После слов,"Laxon, Lill Kiska",Яндекс.Музыка,Аудиостриминг,,,1,0,"0,01",ICECREAMMUSIC
5063466929730,После слов,"Laxon, Lill Kiska",Яндекс.Музыка,Подписка,,,2,0,"0,06",ICECREAMMUSIC
5063466929730,После слов,"Laxon, Lill Kiska",Яндекс.Музыка,Подписка,,,3,0,"0,08",ICECREAMMUSIC
5063466929730,После слов,"Laxon, Lill Kiska",Яндекс.Музыка,Подписка,,,4,0,"0,15",ICECREAMMUSIC
5063466929730,После слов,"Laxon, Lill Kiska",Яндекс.Музыка,Подписка,,,7,"0,04",0,ICECREAMMUSIC
5063316585918,Последний закат,STANN,vk,Аудиостриминг,,,1,0,"0,01",Ckeabrona Beats
5063316585918,Последний закат,STANN,vk,Подписка,,,1,0,"0,13",Ckeabrona Beats
5063316585918,Последний закат,STANN,vk,Подписка,,,1,"0,03",0,Ckeabrona Beats
5063316585918,Последний закат,STANN,Яндекс.Музыка,Аудиостриминг,,,1,0,0,Ckeabrona Beats
5063316585918,Последний закат,STANN,Яндекс.Музыка,Аудиостриминг,,,1,0,0,Ckeabrona Beats
5063316585918,Последний закат,STANN,Яндекс.Музыка,Подписка,,,1,0,"0,02",Ckeabrona Beats
5063316585918,Последний закат,STANN,Яндекс.Музыка,Подписка,,,2,0,"0,05",Ckeabrona Beats
5063316585918,Последний закат,STANN,Яндекс.Музыка,Подписка,,,3,"0,01",0,Ckeabrona Beats
5063466256706,Последний танец,VALERON,Amazon,Подписка,,,2,0,"0,09",ICECREAMMUSIC
5063466256706,Последний танец,VALERON,Deezer,Подписка,,,2,0,"0,11",ICECREAMMUSIC
5063466256706,Последний танец,VALERON,Kugou,Подписка,,,1,0,"0,03",ICECREAMMUSIC
5063466256706,Последний танец,VALERON,Kugou,Подписка,,,2,0,"0,06",ICECREAMMUSIC
5063466256706,Последний танец,VALERON,vk,Аудиостриминг,,,2,0,"0,03",ICECREAMMUSIC
5063466256706,Последний танец,VALERON,vk,Аудиостриминг,,,2,"0,01",0,ICECREAMMUSIC
5063466256706,Последний танец,VALERON,КИОН Музыка,Подписка,,,2,0,"0,14",ICECREAMMUSIC
5063466256706,Последний танец,VALERON,КИОН Музыка,Подписка,,,2,"0,03",0,ICECREAMMUSIC
5063466256706,Последний танец,VALERON,Одноклассники,Аудиостриминг,,,1,0,"0,02",ICECREAMMUSIC
5063466256706,Последний танец,VALERON,Яндекс.Музыка,Аудиостриминг,,,1,0,0,ICECREAMMUSIC
5063466256706,Последний танец,VALERON,Яндекс.Музыка,Аудиостриминг,,,1,0,0,ICECREAMMUSIC
5063466256706,Последний танец,VALERON,Яндекс.Музыка,Аудиостриминг,,,1,0,0,ICECREAMMUSIC
5063466256706,Последний танец,VALERON,Яндекс.Музыка,Аудиостриминг,,,1,0,"0,01",ICECREAMMUSIC
5063466256706,Последний танец,VALERON,Яндекс.Музыка,Подписка,,,1,0,"0,02",ICECREAMMUSIC
5063466256706,Последний танец,VALERON,Яндекс.Музыка,Подписка,,,1,0,"0,02",ICECREAMMUSIC
5063466256706,Последний танец,VALERON,Яндекс.Музыка,Подписка,,,2,0,"0,05",ICECREAMMUSIC
5063466256706,Последний танец,VALERON,Яндекс.Музыка,Подписка,,,10,"0,06",0,ICECREAMMUSIC
5063945424244,Последний Танец,"WhiteFluffy, s1eepy",vk,Аудиостриминг,,,1,0,"0,01",ICECREAMMUSIC
5063945424244,Последний Танец,"WhiteFluffy, s1eepy",vk,Подписка,,,1,0,"0,15",ICECREAMMUSIC
5063945424244,Последний Танец,"WhiteFluffy, s1eepy",vk,Аудиостриминг,,,17,0,"0,36",ICECREAMMUSIC
5063945424244,Последний Танец,"WhiteFluffy, s1eepy",vk,Аудиостриминг,,,11,0,"0,51",ICECREAMMUSIC
5063945424244,Последний Танец,"WhiteFluffy, s1eepy",vk,Пробная подписка,,,2,0,"0,7",ICECREAMMUSIC
5063945424244,Последний Танец,"WhiteFluffy, s1eepy",vk,Пробная подписка,,,4,0,"1,77",ICECREAMMUSIC
5063945424244,Последний Танец,"WhiteFluffy, s1eepy",vk,Аудиостриминг,,,187,0,"3,99",ICECREAMMUSIC
5063945424244,Последний Танец,"WhiteFluffy, s1eepy",vk,Подписка,,,63,0,"11,29",ICECREAMMUSIC
5063945424244,Последний Танец,"WhiteFluffy, s1eepy",vk,Подписка,,,1,"0,04",0,ICECREAMMUSIC
5063945424244,Последний Танец,"WhiteFluffy, s1eepy",vk,Аудиостриминг,,,20,"0,06",0,ICECREAMMUSIC
5063945424244,Последний Танец,"WhiteFluffy, s1eepy",vk,Пробная подписка,,,2,"0,17",0,ICECREAMMUSIC
5063945424244,Последний Танец,"WhiteFluffy, s1eepy",vk,Пробная подписка,,,4,"0,44",0,ICECREAMMUSIC
5063945424244,Последний Танец,"WhiteFluffy, s1eepy",vk,Аудиостриминг,,,220,"0,73",0,ICECREAMMUSIC
5063945424244,Последний Танец,"WhiteFluffy, s1eepy",vk,Подписка,,,73,"2,79",0,ICECREAMMUSIC
5063945424244,Последний Танец,"WhiteFluffy, s1eepy",Одноклассники,Аудиостриминг,,,1,0,"0,02",ICECREAMMUSIC
5063945424244,Последний Танец,"WhiteFluffy, s1eepy",Яндекс.Музыка,Аудиостриминг,,,4,0,"0,02",ICECREAMMUSIC
5063945424244,Последний Танец,"WhiteFluffy, s1eepy",Яндекс.Музыка,Аудиостриминг,,,4,0,"0,02",ICECREAMMUSIC
5063945424244,Последний Танец,"WhiteFluffy, s1eepy",Яндекс.Музыка,Аудиостриминг,,,27,0,"0,27",ICECREAMMUSIC
5063945424244,Последний Танец,"WhiteFluffy, s1eepy",Яндекс.Музыка,Подписка,,,14,0,"0,54",ICECREAMMUSIC
5063945424244,Последний Танец,"WhiteFluffy, s1eepy",Яндекс.Музыка,Подписка,,,15,0,"0,56",ICECREAMMUSIC
5063466037893,Привет-прощай,Reiko,vk,Аудиостриминг,,,1,0,"0,01",ICECREAMMUSIC
5063466037893,Привет-прощай,Reiko,vk,Аудиостриминг,,,1,0,"0,02",ICECREAMMUSIC
5063466037893,Привет-прощай,Reiko,vk,Аудиостриминг,,,1,0,"0,02",ICECREAMMUSIC
5063466037893,Привет-прощай,Reiko,vk,Аудиостриминг,,,3,0,"0,05",ICECREAMMUSIC
5063466037893,Привет-прощай,Reiko,vk,Подписка,,,1,0,"0,13",ICECREAMMUSIC
5063466037893,Привет-прощай,Reiko,vk,Аудиостриминг,,,3,"0,01",0,ICECREAMMUSIC
5063466037893,Привет-прощай,Reiko,vk,Подписка,,,1,"0,03",0,ICECREAMMUSIC
5063466037893,Привет-прощай,Reiko,Яндекс.Музыка,Аудиостриминг,,,1,0,0,ICECREAMMUSIC
5063466037893,Привет-прощай,Reiko,Яндекс.Музыка,Аудиостриминг,,,1,0,0,ICECREAMMUSIC
5063466037893,Привет-прощай,Reiko,Яндекс.Музыка,Подписка,,,1,0,"0,02",ICECREAMMUSIC
5063466037893,Привет-прощай,Reiko,Яндекс.Музыка,Подписка,,,4,0,"0,1",ICECREAMMUSIC
5063466037893,Привет-прощай,Reiko,Яндекс.Музыка,Подписка,,,4,"0,02",0,ICECREAMMUSIC
5063945256708,пришествие,WhiteFluffy,vk,Аудиостриминг,,,2,0,"0,03",ICECREAMMUSIC
5063945256708,пришествие,WhiteFluffy,vk,Аудиостриминг,,,10,0,"0,19",ICECREAMMUSIC
5063945256708,пришествие,WhiteFluffy,vk,Пробная подписка,,,2,0,"0,7",ICECREAMMUSIC
5063945256708,пришествие,WhiteFluffy,vk,Аудиостриминг,,,2,"0,01",0,ICECREAMMUSIC
5063945256708,пришествие,WhiteFluffy,vk,Аудиостриминг,,,11,"0,04",0,ICECREAMMUSIC
5063945256708,пришествие,WhiteFluffy,vk,Пробная подписка,,,2,"0,17",0,ICECREAMMUSIC
5063945256708,пришествие,WhiteFluffy,Яндекс.Музыка,Аудиостриминг,,,1,0,"0,01",ICECREAMMUSIC
5063945256708,пришествие,WhiteFluffy,Яндекс.Музыка,Аудиостриминг,,,2,0,"0,01",ICECREAMMUSIC
5063945256708,пришествие,WhiteFluffy,Яндекс.Музыка,Аудиостриминг,,,4,0,"0,03",ICECREAMMUSIC
5063945256708,пришествие,WhiteFluffy,Яндекс.Музыка,Подписка,,,7,0,"0,22",ICECREAMMUSIC
5063945256708,пришествие,WhiteFluffy,Яндекс.Музыка,Подписка,,,16,0,"0,59",ICECREAMMUSIC
5063945807887,Прости,YONAS,vk,Аудиостриминг,,,1,0,"0,02",ICECREAMMUSIC
5063945807887,Прости,YONAS,vk,Аудиостриминг,,,2,0,"0,06",ICECREAMMUSIC
5063945807887,Прости,YONAS,vk,Подписка,,,7,0,"1,31",ICECREAMMUSIC
5063945807887,Прости,YONAS,vk,Подписка,,,8,"0,33",0,ICECREAMMUSIC
5063945807887,Прости,YONAS,YouTube,Аудио,,,34,0,"0,51",ICECREAMMUSIC
5063945807887,Прости,YONAS,YouTube Premium,Подписка,,,2,0,"0,14",ICECREAMMUSIC
5063945807887,Прости,YONAS,Яндекс.Музыка,Аудиостриминг,,,1,0,"0,01",ICECREAMMUSIC
5063945807887,Прости,YONAS,Яндекс.Музыка,Подписка,,,4,0,"0,15",ICECREAMMUSIC
5063466258571,Прочь,M-VEL,TikTok,Видео,,,2,0,"0,03",ICECREAMMUSIC
5063466258571,Прочь,M-VEL,TikTok,Видео,,,20,0,"0,51",ICECREAMMUSIC
5063466258571,Прочь,M-VEL,vk,Пробная подписка,,,1,0,"0,62",ICECREAMMUSIC
5063466258571,Прочь,M-VEL,vk,Аудиостриминг,,,13,0,"0,67",ICECREAMMUSIC
5063466258571,Прочь,M-VEL,vk,Пробная подписка,,,2,0,"0,7",ICECREAMMUSIC
5063466258571,Прочь,M-VEL,vk,Аудиостриминг,,,16,0,"0,84",ICECREAMMUSIC
5063466258571,Прочь,M-VEL,vk,Аудиостриминг,,,22,0,"0,98",ICECREAMMUSIC
5063466258571,Прочь,M-VEL,vk,Аудиостриминг,,,163,0,"3,46",ICECREAMMUSIC
5063466258571,Прочь,M-VEL,vk,Аудиостриминг,,,221,0,"4,7",ICECREAMMUSIC
5063466258571,Прочь,M-VEL,vk,Аудиостриминг,,,306,0,"6,51",ICECREAMMUSIC
5063466258571,Прочь,M-VEL,vk,Подписка,,,70,0,"14,98",ICECREAMMUSIC
5063466258571,Прочь,M-VEL,vk,Подписка,,,89,0,"18,77",ICECREAMMUSIC
5063466258571,Прочь,M-VEL,vk,Подписка,,,123,0,"21,91",ICECREAMMUSIC
5063466258571,Прочь,M-VEL,vk,Пробная подписка,,,1,"0,15",0,ICECREAMMUSIC
5063466258571,Прочь,M-VEL,vk,Пробная подписка,,,2,"0,17",0,ICECREAMMUSIC
5063466258571,Прочь,M-VEL,vk,Аудиостриминг,,,191,"0,64",0,ICECREAMMUSIC
5063466258571,Прочь,M-VEL,vk,Аудиостриминг,,,260,"0,87",0,ICECREAMMUSIC
5063466258571,Прочь,M-VEL,vk,Аудиостриминг,,,359,"1,2",0,ICECREAMMUSIC
5063466258571,Прочь,M-VEL,vk,Подписка,,,82,"3,7",0,ICECREAMMUSIC
5063466258571,Прочь,M-VEL,vk,Подписка,,,104,"4,63",0,ICECREAMMUSIC
5063466258571,Прочь,M-VEL,vk,Подписка,,,144,"5,41",0,ICECREAMMUSIC
5063466258571,Прочь,M-VEL,YouTube,Аудио,,,24,0,"0,01",ICECREAMMUSIC
5063466258571,Прочь,M-VEL,YouTube Premium,Подписка,,,4,0,"0,03",ICECREAMMUSIC
5063466258571,Прочь,M-VEL,YouTube Premium,Подписка,,,2,0,"0,08",ICECREAMMUSIC
5063466258571,Прочь,M-VEL,YouTube Premium,Подписка,,,4,0,"0,15",ICECREAMMUSIC
5063466258571,Прочь,M-VEL,Яндекс.Музыка,Аудиостриминг,,,1,0,0,ICECREAMMUSIC
5063466258571,Прочь,M-VEL,Яндекс.Музыка,Подписка,,,2,0,"0,05",ICECREAMMUSIC
5063466258571,Прочь,M-VEL,Яндекс.Музыка,Подписка,,,5,"0,03",0,ICECREAMMUSIC
5063833740104,Пули не задели,"Manali Crime, Никита ОСТ",KKBOX,Подписка,,,3,0,"0,57",ICECREAMMUSIC
5063833740104,Пули не задели,"Manali Crime, Никита ОСТ",vk,Аудиостриминг,,,8,0,"0,41",ICECREAMMUSIC
5063833740104,Пули не задели,"Manali Crime, Никита ОСТ",vk,Аудиостриминг,,,18,0,"0,74",ICECREAMMUSIC
5063833740104,Пули не задели,"Manali Crime, Никита ОСТ",vk,Пробная подписка,,,2,0,"1,23",ICECREAMMUSIC
5063833740104,Пули не задели,"Manali Crime, Никита ОСТ",vk,Аудиостриминг,,,88,0,"1,86",ICECREAMMUSIC
5063833740104,Пули не задели,"Manali Crime, Никита ОСТ",vk,Аудиостриминг,,,47,0,"2,44",ICECREAMMUSIC
5063833740104,Пули не задели,"Manali Crime, Никита ОСТ",vk,Аудиостриминг,,,165,0,"3,51",ICECREAMMUSIC
5063833740104,Пули не задели,"Manali Crime, Никита ОСТ",vk,Аудиостриминг,,,381,0,"8,13",ICECREAMMUSIC
5063833740104,Пули не задели,"Manali Crime, Никита ОСТ",vk,Подписка,,,42,0,"9,04",ICECREAMMUSIC
5063833740104,Пули не задели,"Manali Crime, Никита ОСТ",vk,Подписка,,,97,0,"16,59",ICECREAMMUSIC
5063833740104,Пули не задели,"Manali Crime, Никита ОСТ",vk,Подписка,,,262,0,"54,42",ICECREAMMUSIC
5063833740104,Пули не задели,"Manali Crime, Никита ОСТ",vk,Пробная подписка,,,2,"0,3",0,ICECREAMMUSIC
5063833740104,Пули не задели,"Manali Crime, Никита ОСТ",vk,Аудиостриминг,,,103,"0,34",0,ICECREAMMUSIC
5063833740104,Пули не задели,"Manali Crime, Никита ОСТ",vk,Аудиостриминг,,,194,"0,65",0,ICECREAMMUSIC
5063833740104,Пули не задели,"Manali Crime, Никита ОСТ",vk,Аудиостриминг,,,448,"1,5",0,ICECREAMMUSIC
5063833740104,Пули не задели,"Manali Crime, Никита ОСТ",vk,Тексты песен,,,56,"2,1",0,ICECREAMMUSIC
5063833740104,Пули не задели,"Manali Crime, Никита ОСТ",vk,Подписка,,,49,"2,23",0,ICECREAMMUSIC
5063833740104,Пули не задели,"Manali Crime, Никита ОСТ",vk,Подписка,,,114,"4,09",0,ICECREAMMUSIC
5063833740104,Пули не задели,"Manali Crime, Никита ОСТ",vk,Подписка,,,308,"13,44",0,ICECREAMMUSIC
5063833740104,Пули не задели,"Manali Crime, Никита ОСТ",vk клипы,Видео,,,20,0,"0,01",ICECREAMMUSIC
5063833740104,Пули не задели,"Manali Crime, Никита ОСТ",vk клипы,Видео,,,20,"0,01",0,ICECREAMMUSIC
5063833740104,Пули не задели,"Manali Crime, Никита ОСТ",Wink Music,Подписка,,,3,0,"0,01",ICECREAMMUSIC
5063833740104,Пули не задели,"Manali Crime, Никита ОСТ",Wink Music,Подписка,,,5,"0,01",0,ICECREAMMUSIC
5063833740104,Пули не задели,"Manali Crime, Никита ОСТ",YouTube,Аудио,,,4,0,"0,03",ICECREAMMUSIC
5063833740104,Пули не задели,"Manali Crime, Никита ОСТ",YouTube,Аудиостриминг,,,12,0,"0,31",ICECREAMMUSIC
5063833740104,Пули не задели,"Manali Crime, Никита ОСТ",YouTube Premium,Подписка,,,2,0,"0,06",ICECREAMMUSIC
5063833740104,Пули не задели,"Manali Crime, Никита ОСТ",YouTube Premium,Подписка,,,10,0,"3,1",ICECREAMMUSIC
5063833740104,Пули не задели,"Manali Crime, Никита ОСТ",YouTube Premium,Подписка,,,15,0,"4,7",ICECREAMMUSIC
5063833740104,Пули не задели,"Manali Crime, Никита ОСТ",Звук,Подписка,,,1,0,"0,2",ICECREAMMUSIC
5063833740104,Пули не задели,"Manali Crime, Никита ОСТ",Звук,Подписка,,,4,0,"0,97",ICECREAMMUSIC
5063833740104,Пули не задели,"Manali Crime, Никита ОСТ",Звук,Подписка,,,45,0,"10,35",ICECREAMMUSIC
5063833740104,Пули не задели,"Manali Crime, Никита ОСТ",Звук,Подписка,,,92,"3,07",0,ICECREAMMUSIC
5063833740104,Пули не задели,"Manali Crime, Никита ОСТ",КИОН Музыка,Аудиостриминг,,,3,0,"0,06",ICECREAMMUSIC
5063833740104,Пули не задели,"Manali Crime, Никита ОСТ",КИОН Музыка,Подписка,,,11,0,"0,92",ICECREAMMUSIC
5063833740104,Пули не задели,"Manali Crime, Никита ОСТ",КИОН Музыка,Аудиостриминг,,,3,"0,02",0,ICECREAMMUSIC
5063833740104,Пули не задели,"Manali Crime, Никита ОСТ",КИОН Музыка,Подписка,,,11,"0,2",0,ICECREAMMUSIC
5063833740104,Пули не задели,"Manali Crime, Никита ОСТ",Одноклассники,Аудиостриминг,,,1,0,"0,02",ICECREAMMUSIC
5063833740104,Пули не задели,"Manali Crime, Никита ОСТ",Яндекс.Музыка,Аудиостриминг,,,1,0,"0,01",ICECREAMMUSIC
5063833740104,Пули не задели,"Manali Crime, Никита ОСТ",Яндекс.Музыка,Аудиостриминг,,,9,0,"0,06",ICECREAMMUSIC
5063833740104,Пули не задели,"Manali Crime, Никита ОСТ",Яндекс.Музыка,Аудиостриминг,,,12,0,"0,08",ICECREAMMUSIC
5063833740104,Пули не задели,"Manali Crime, Никита ОСТ",Яндекс.Музыка,Аудиостриминг,,,47,0,"0,3",ICECREAMMUSIC
5063833740104,Пули не задели,"Manali Crime, Никита ОСТ",Яндекс.Музыка,Подписка,,,36,0,"1,37",ICECREAMMUSIC
5063833740104,Пули не задели,"Manali Crime, Никита ОСТ",Яндекс.Музыка,Подписка,,,48,0,"1,92",ICECREAMMUSIC
5063833740104,Пули не задели,"Manali Crime, Никита ОСТ",Яндекс.Музыка,Подписка,,,186,0,"7,08",ICECREAMMUSIC
5063833740104,Пули не задели,"Manali Crime, Никита ОСТ",Яндекс.Музыка,Аудиостриминг,,,3,"0,01",0,ICECREAMMUSIC
5063833740104,Пули не задели,"Manali Crime, Никита ОСТ",Яндекс.Музыка,Подписка,,,665,"3,86",0,ICECREAMMUSIC
5063466063182,ПУСТИ МЕНЯ В РАЙ,CANDYL,Яндекс.Музыка,Аудиостриминг,,,1,0,0,ICECREAMMUSIC
5063466063182,ПУСТИ МЕНЯ В РАЙ,CANDYL,Яндекс.Музыка,Аудиостриминг,,,1,0,0,ICECREAMMUSIC
5063466063182,ПУСТИ МЕНЯ В РАЙ,CANDYL,Яндекс.Музыка,Аудиостриминг,,,1,0,0,ICECREAMMUSIC
5063466063182,ПУСТИ МЕНЯ В РАЙ,CANDYL,Яндекс.Музыка,Подписка,,,1,0,"0,02",ICECREAMMUSIC
5063466063182,ПУСТИ МЕНЯ В РАЙ,CANDYL,Яндекс.Музыка,Подписка,,,1,0,"0,02",ICECREAMMUSIC
5063466063182,ПУСТИ МЕНЯ В РАЙ,CANDYL,Яндекс.Музыка,Подписка,,,3,0,"0,07",ICECREAMMUSIC
5063466063182,ПУСТИ МЕНЯ В РАЙ,CANDYL,Яндекс.Музыка,Подписка,,,6,"0,03",0,ICECREAMMUSIC
GUT200238,Путь,МалоеМоре,Яндекс.Музыка,Аудиостриминг,,,1,0,0,ICECREAMMUSIC
GUT200238,Путь,МалоеМоре,Яндекс.Музыка,Аудиостриминг,,,1,0,0,ICECREAMMUSIC
GUT200238,Путь,МалоеМоре,Яндекс.Музыка,Аудиостриминг,,,2,0,"0,01",ICECREAMMUSIC
GUT200238,Путь,МалоеМоре,Яндекс.Музыка,Подписка,,,1,0,"0,02",ICECREAMMUSIC
GUT200238,Путь,МалоеМоре,Яндекс.Музыка,Подписка,,,1,0,"0,02",ICECREAMMUSIC
GUT200238,Путь,МалоеМоре,Яндекс.Музыка,Подписка,,,6,0,"0,2",ICECREAMMUSIC
GUT200238,Путь,МалоеМоре,Яндекс.Музыка,Подписка,,,9,"0,06",0,ICECREAMMUSIC
5063635960717,Разбивай стёкла,CHEDLY,Lyric Find,Тексты песен,,,3,"0,02",0,ICECREAMMUSIC
5063635960717,Разбивай стёкла,CHEDLY,vk,Аудиостриминг,,,1,0,"0,02",ICECREAMMUSIC
5063635960717,Разбивай стёкла,CHEDLY,vk,Аудиостриминг,,,2,0,"0,03",ICECREAMMUSIC
5063635960717,Разбивай стёкла,CHEDLY,vk,Аудиостриминг,,,3,0,"0,05",ICECREAMMUSIC
5063635960717,Разбивай стёкла,CHEDLY,vk,Аудиостриминг,,,5,0,"0,09",ICECREAMMUSIC
5063635960717,Разбивай стёкла,CHEDLY,vk,Подписка,,,4,0,"0,36",ICECREAMMUSIC
5063635960717,Разбивай стёкла,CHEDLY,vk,Аудиостриминг,,,3,"0,01",0,ICECREAMMUSIC
5063635960717,Разбивай стёкла,CHEDLY,vk,Аудиостриминг,,,2,"0,01",0,ICECREAMMUSIC
5063635960717,Разбивай стёкла,CHEDLY,vk,Аудиостриминг,,,5,"0,02",0,ICECREAMMUSIC
5063635960717,Разбивай стёкла,CHEDLY,vk,Подписка,,,4,"0,09",0,ICECREAMMUSIC
5063635960717,Разбивай стёкла,CHEDLY,vk,Тексты песен,,,3,"0,09",0,ICECREAMMUSIC
5063635960717,Разбивай стёкла,CHEDLY,Яндекс.Музыка,Аудиостриминг,,,1,0,0,ICECREAMMUSIC
5063635960717,Разбивай стёкла,CHEDLY,Яндекс.Музыка,Аудиостриминг,,,1,0,0,ICECREAMMUSIC
5063635960717,Разбивай стёкла,CHEDLY,Яндекс.Музыка,Аудиостриминг,,,1,0,0,ICECREAMMUSIC
5063635960717,Разбивай стёкла,CHEDLY,Яндекс.Музыка,Подписка,,,2,0,"0,06",ICECREAMMUSIC
5063635960717,Разбивай стёкла,CHEDLY,Яндекс.Музыка,Подписка,,,3,0,"0,08",ICECREAMMUSIC
5063635960717,Разбивай стёкла,CHEDLY,Яндекс.Музыка,Подписка,,,4,0,"0,1",ICECREAMMUSIC
5063635960717,Разбивай стёкла,CHEDLY,Яндекс.Музыка,Подписка,,,7,"0,04",0,ICECREAMMUSIC
5063833143806,Разговоры по душам,OTALOE,vk,Аудиостриминг,,,1,0,"0,01",ICECREAMMUSIC
5063833143806,Разговоры по душам,OTALOE,vk,Аудиостриминг,,,2,0,"0,06",ICECREAMMUSIC
5063833143806,Разговоры по душам,OTALOE,vk,Аудиостриминг,,,4,0,"0,15",ICECREAMMUSIC
5063833143806,Разговоры по душам,OTALOE,vk,Аудиостриминг,,,9,0,"0,17",ICECREAMMUSIC
5063833143806,Разговоры по душам,OTALOE,vk,Подписка,,,2,0,"0,21",ICECREAMMUSIC
5063833143806,Разговоры по душам,OTALOE,vk,Аудиостриминг,,,25,0,"0,52",ICECREAMMUSIC
5063833143806,Разговоры по душам,OTALOE,vk,Аудиостриминг,,,35,0,"0,74",ICECREAMMUSIC
5063833143806,Разговоры по душам,OTALOE,vk,Подписка,,,6,0,"1,24",ICECREAMMUSIC
5063833143806,Разговоры по душам,OTALOE,vk,Подписка,,,20,0,"3,42",ICECREAMMUSIC
5063833143806,Разговоры по душам,OTALOE,vk,Аудиостриминг,,,10,"0,03",0,ICECREAMMUSIC
5063833143806,Разговоры по душам,OTALOE,vk,Подписка,,,2,"0,06",0,ICECREAMMUSIC
5063833143806,Разговоры по душам,OTALOE,vk,Аудиостриминг,,,29,"0,1",0,ICECREAMMUSIC
5063833143806,Разговоры по душам,OTALOE,vk,Аудиостриминг,,,41,"0,14",0,ICECREAMMUSIC
5063833143806,Разговоры по душам,OTALOE,vk,Подписка,,,7,"0,31",0,ICECREAMMUSIC
5063833143806,Разговоры по душам,OTALOE,vk,Подписка,,,23,"0,85",0,ICECREAMMUSIC
5063833143806,Разговоры по душам,OTALOE,Звук,Подписка,,,1,0,"0,2",ICECREAMMUSIC
5063833143806,Разговоры по душам,OTALOE,Иная дистрибуция,Видео,,,26,0,"0,01",ICECREAMMUSIC
5063833143806,Разговоры по душам,OTALOE,Иная дистрибуция,Видео,,,24,0,"0,01",ICECREAMMUSIC
5063833143806,Разговоры по душам,OTALOE,Иная дистрибуция,Видео,,,41,0,"0,01",ICECREAMMUSIC
5063833143806,Разговоры по душам,OTALOE,Яндекс.Музыка,Аудиостриминг,,,3,0,"0,02",ICECREAMMUSIC
5063833143806,Разговоры по душам,OTALOE,Яндекс.Музыка,Аудиостриминг,,,10,0,"0,07",ICECREAMMUSIC
5063833143806,Разговоры по душам,OTALOE,Яндекс.Музыка,Аудиостриминг,,,20,0,"0,14",ICECREAMMUSIC
5063833143806,Разговоры по душам,OTALOE,Яндекс.Музыка,Подписка,,,12,0,"0,44",ICECREAMMUSIC
5063833143806,Разговоры по душам,OTALOE,Яндекс.Музыка,Подписка,,,39,0,"1,53",ICECREAMMUSIC
5063833143806,Разговоры по душам,OTALOE,Яндекс.Музыка,Подписка,,,80,0,"3,18",ICECREAMMUSIC
5063833143806,Разговоры по душам,OTALOE,Яндекс.Музыка,Подписка,,,68,"0,39",0,ICECREAMMUSIC
5063945018016,Рап на узком,The Paket Clan,Snap,Видео,,,1,0,"0,03",ICECREAMMUSIC
5063945018016,Рап на узком,The Paket Clan,Snap,Видео,,,6,0,"0,28",ICECREAMMUSIC
5063945018016,Рап на узком,The Paket Clan,vk,Аудиостриминг,,,1,0,"0,01",ICECREAMMUSIC
5063945018016,Рап на узком,The Paket Clan,vk,Аудиостриминг,,,1,0,"0,01",ICECREAMMUSIC
5063945018016,Рап на узком,The Paket Clan,vk,Аудиостриминг,,,2,0,"0,03",ICECREAMMUSIC
5063945018016,Рап на узком,The Paket Clan,vk,Аудиостриминг,,,3,0,"0,05",ICECREAMMUSIC
5063945018016,Рап на узком,The Paket Clan,vk,Подписка,,,1,0,"0,13",ICECREAMMUSIC
5063945018016,Рап на узком,The Paket Clan,vk,Подписка,,,2,0,"0,3",ICECREAMMUSIC
5063945018016,Рап на узком,The Paket Clan,vk,Аудиостриминг,,,23,0,"0,48",ICECREAMMUSIC
5063945018016,Рап на узком,The Paket Clan,vk,Аудиостриминг,,,3,"0,01",0,ICECREAMMUSIC
5063945018016,Рап на узком,The Paket Clan,vk,Аудиостриминг,,,2,"0,01",0,ICECREAMMUSIC
5063945018016,Рап на узком,The Paket Clan,vk,Подписка,,,1,"0,03",0,ICECREAMMUSIC
5063945018016,Рап на узком,The Paket Clan,vk,Подписка,,,2,"0,08",0,ICECREAMMUSIC
5063945018016,Рап на узком,The Paket Clan,vk,Аудиостриминг,,,27,"0,09",0,ICECREAMMUSIC
5063833490245,Раскачаем,OTALOE,Spotify,Подписка,,,1,"0,01",0,ICECREAMMUSIC
5063833490245,Раскачаем,OTALOE,Spotify,Подписка,,,3,"0,03",0,ICECREAMMUSIC
5063833490245,Раскачаем,OTALOE,TikTok,Видео,,,1,0,"0,02",ICECREAMMUSIC
5063833490245,Раскачаем,OTALOE,vk,Аудиостриминг,,,4,0,"0,17",ICECREAMMUSIC
5063833490245,Раскачаем,OTALOE,vk,Аудиостриминг,,,4,0,"0,18",ICECREAMMUSIC
5063833490245,Раскачаем,OTALOE,vk,Аудиостриминг,,,11,0,"0,44",ICECREAMMUSIC
5063833490245,Раскачаем,OTALOE,vk,Аудиостриминг,,,32,0,"0,66",ICECREAMMUSIC
5063833490245,Раскачаем,OTALOE,vk,Аудиостриминг,,,79,0,"1,67",ICECREAMMUSIC
5063833490245,Раскачаем,OTALOE,vk,Аудиостриминг,,,95,0,2,ICECREAMMUSIC
5063833490245,Раскачаем,OTALOE,vk,Подписка,,,18,0,"3,79",ICECREAMMUSIC
5063833490245,Раскачаем,OTALOE,vk,Подписка,,,20,0,"4,09",ICECREAMMUSIC
5063833490245,Раскачаем,OTALOE,vk,Подписка,,,57,0,"9,78",ICECREAMMUSIC
5063833490245,Раскачаем,OTALOE,vk,Тексты песен,,,3,"0,09",0,ICECREAMMUSIC
5063833490245,Раскачаем,OTALOE,vk,Аудиостриминг,,,37,"0,13",0,ICECREAMMUSIC
5063833490245,Раскачаем,OTALOE,vk,Аудиостриминг,,,92,"0,31",0,ICECREAMMUSIC
5063833490245,Раскачаем,OTALOE,vk,Аудиостриминг,,,111,"0,37",0,ICECREAMMUSIC
5063833490245,Раскачаем,OTALOE,vk,Подписка,,,21,"0,93",0,ICECREAMMUSIC
5063833490245,Раскачаем,OTALOE,vk,Подписка,,,23,"1,01",0,ICECREAMMUSIC
5063833490245,Раскачаем,OTALOE,vk,Подписка,,,67,"2,42",0,ICECREAMMUSIC
5063833490245,Раскачаем,OTALOE,YouTube,Аудио,,,2,0,"0,01",ICECREAMMUSIC
5063833490245,Раскачаем,OTALOE,YouTube,Аудиостриминг,,,10,0,"0,01",ICECREAMMUSIC
5063833490245,Раскачаем,OTALOE,Звук,Подписка,,,2,0,"0,39",ICECREAMMUSIC
5063833490245,Раскачаем,OTALOE,Звук,Подписка,,,2,"0,06",0,ICECREAMMUSIC
5063833490245,Раскачаем,OTALOE,КИОН Музыка,Подписка,,,2,0,"0,14",ICECREAMMUSIC
5063833490245,Раскачаем,OTALOE,КИОН Музыка,Подписка,,,2,"0,03",0,ICECREAMMUSIC
5063833490245,Раскачаем,OTALOE,Яндекс.Музыка,Аудиостриминг,,,1,0,"0,01",ICECREAMMUSIC
5063833490245,Раскачаем,OTALOE,Яндекс.Музыка,Аудиостриминг,,,2,0,"0,01",ICECREAMMUSIC
5063833490245,Раскачаем,OTALOE,Яндекс.Музыка,Аудиостриминг,,,6,0,"0,04",ICECREAMMUSIC
5063833490245,Раскачаем,OTALOE,Яндекс.Музыка,Аудиостриминг,,,29,0,"0,19",ICECREAMMUSIC
5063833490245,Раскачаем,OTALOE,Яндекс.Музыка,Аудиостриминг,,,31,0,"0,21",ICECREAMMUSIC
5063833490245,Раскачаем,OTALOE,Яндекс.Музыка,Подписка,,,23,0,"0,83",ICECREAMMUSIC
5063833490245,Раскачаем,OTALOE,Яндекс.Музыка,Подписка,,,115,0,"4,53",ICECREAMMUSIC
5063833490245,Раскачаем,OTALOE,Яндекс.Музыка,Подписка,,,122,0,"4,82",ICECREAMMUSIC
5063833490245,Раскачаем,OTALOE,Яндекс.Музыка,Аудиостриминг,,,2,"0,01",0,ICECREAMMUSIC
5063833490245,Раскачаем,OTALOE,Яндекс.Музыка,Подписка,,,116,"0,67",0,ICECREAMMUSIC
5063833135788,Редкий пульс,THIRTEENKILLA,QQMusic,Подписка,,,1,0,"0,03",ICECREAMMUSIC
5063833135788,Редкий пульс,THIRTEENKILLA,vk,Аудиостриминг,,,1,0,"0,02",ICECREAMMUSIC
5063833135788,Редкий пульс,THIRTEENKILLA,vk,Аудиостриминг,,,2,0,"0,03",ICECREAMMUSIC
5063833135788,Редкий пульс,THIRTEENKILLA,vk,Аудиостриминг,,,2,0,"0,03",ICECREAMMUSIC
5063833135788,Редкий пульс,THIRTEENKILLA,vk,Аудиостриминг,,,2,"0,01",0,ICECREAMMUSIC
5063833135788,Редкий пульс,THIRTEENKILLA,vk,Аудиостриминг,,,2,"0,01",0,ICECREAMMUSIC
5063833135788,Редкий пульс,THIRTEENKILLA,Одноклассники,Аудиостриминг,,,1,0,"0,02",ICECREAMMUSIC
5063833135788,Редкий пульс,THIRTEENKILLA,Сервисы АДВ Мьюзик,РБТ,,,3,0,"0,08",ICECREAMMUSIC
5063833135788,Редкий пульс,THIRTEENKILLA,Сервисы АДВ Мьюзик,РБТ,,,3,"0,02",0,ICECREAMMUSIC
5063833135788,Редкий пульс,THIRTEENKILLA,Яндекс.Музыка,Аудиостриминг,,,1,0,"0,01",ICECREAMMUSIC
5063833135788,Редкий пульс,THIRTEENKILLA,Яндекс.Музыка,Аудиостриминг,,,2,0,"0,01",ICECREAMMUSIC
5063833135788,Редкий пульс,THIRTEENKILLA,Яндекс.Музыка,Аудиостриминг,,,5,0,"0,03",ICECREAMMUSIC
5063833135788,Редкий пульс,THIRTEENKILLA,Яндекс.Музыка,Подписка,,,4,0,"0,13",ICECREAMMUSIC
5063833135788,Редкий пульс,THIRTEENKILLA,Яндекс.Музыка,Подписка,,,8,0,"0,31",ICECREAMMUSIC
5063833135788,Редкий пульс,THIRTEENKILLA,Яндекс.Музыка,Подписка,,,17,0,"0,64",ICECREAMMUSIC
5063833135788,Редкий пульс,THIRTEENKILLA,Яндекс.Музыка,Подписка,,,86,"0,5",0,ICECREAMMUSIC
5063316711768,Родители,Анна Медведева,Apple Music,Подписка,,,2,"0,03",0,ICECREAMMUSIC
5063316711768,Родители,Анна Медведева,vk,Аудиостриминг,,,1,0,"0,01",ICECREAMMUSIC
5063316711768,Родители,Анна Медведева,vk,Аудиостриминг,,,1,0,"0,01",ICECREAMMUSIC
5063316711768,Родители,Анна Медведева,vk,Аудиостриминг,,,1,0,"0,02",ICECREAMMUSIC
5063316711768,Родители,Анна Медведева,vk,Аудиостриминг,,,4,0,"0,06",ICECREAMMUSIC
5063316711768,Родители,Анна Медведева,vk,Подписка,,,1,0,"0,13",ICECREAMMUSIC
5063316711768,Родители,Анна Медведева,vk,Подписка,,,2,0,"0,31",ICECREAMMUSIC
5063316711768,Родители,Анна Медведева,vk,Аудиостриминг,,,4,"0,01",0,ICECREAMMUSIC
5063316711768,Родители,Анна Медведева,vk,Подписка,,,1,"0,03",0,ICECREAMMUSIC
5063316711768,Родители,Анна Медведева,vk,Подписка,,,2,"0,08",0,ICECREAMMUSIC
5063316711768,Родители,Анна Медведева,Яндекс.Музыка,Аудиостриминг,,,2,0,"0,01",ICECREAMMUSIC
5063316711768,Родители,Анна Медведева,Яндекс.Музыка,Аудиостриминг,,,2,0,"0,01",ICECREAMMUSIC
5063316711768,Родители,Анна Медведева,Яндекс.Музыка,Аудиостриминг,,,4,0,"0,02",ICECREAMMUSIC
5063316711768,Родители,Анна Медведева,Яндекс.Музыка,Подписка,,,6,0,"0,2",ICECREAMMUSIC
5063316711768,Родители,Анна Медведева,Яндекс.Музыка,Подписка,,,6,0,"0,2",ICECREAMMUSIC
5063316711768,Родители,Анна Медведева,Яндекс.Музыка,Подписка,,,13,0,"0,49",ICECREAMMUSIC
5063316711768,Родители,Анна Медведева,Яндекс.Музыка,Подписка,,,32,"0,18",0,ICECREAMMUSIC
5063316966786,С Днём Рождения!,WIZKEY,vk,Аудиостриминг,,,2,0,"0,05",ICECREAMMUSIC
5063316966786,С Днём Рождения!,WIZKEY,vk,Аудиостриминг,,,2,0,"0,09",ICECREAMMUSIC
5063316966786,С Днём Рождения!,WIZKEY,vk,Аудиостриминг,,,4,0,"0,15",ICECREAMMUSIC
5063316966786,С Днём Рождения!,WIZKEY,vk,Аудиостриминг,,,21,0,"0,44",ICECREAMMUSIC
5063316966786,С Днём Рождения!,WIZKEY,vk,Аудиостриминг,,,35,0,"0,74",ICECREAMMUSIC
5063316966786,С Днём Рождения!,WIZKEY,vk,Подписка,,,7,0,"1,19",ICECREAMMUSIC
5063316966786,С Днём Рождения!,WIZKEY,vk,Аудиостриминг,,,72,0,"1,51",ICECREAMMUSIC
5063316966786,С Днём Рождения!,WIZKEY,vk,Подписка,,,11,0,"2,1",ICECREAMMUSIC
5063316966786,С Днём Рождения!,WIZKEY,vk,Подписка,,,21,0,"3,42",ICECREAMMUSIC
5063316966786,С Днём Рождения!,WIZKEY,vk,Аудиостриминг,,,24,"0,08",0,ICECREAMMUSIC
5063316966786,С Днём Рождения!,WIZKEY,vk,Аудиостриминг,,,41,"0,14",0,ICECREAMMUSIC
5063316966786,С Днём Рождения!,WIZKEY,vk,Аудиостриминг,,,84,"0,28",0,ICECREAMMUSIC
5063316966786,С Днём Рождения!,WIZKEY,vk,Подписка,,,8,"0,29",0,ICECREAMMUSIC
5063316966786,С Днём Рождения!,WIZKEY,vk,Тексты песен,,,12,"0,46",0,ICECREAMMUSIC
5063316966786,С Днём Рождения!,WIZKEY,vk,Подписка,,,12,"0,52",0,ICECREAMMUSIC
5063316966786,С Днём Рождения!,WIZKEY,vk,Подписка,,,24,"0,85",0,ICECREAMMUSIC
5063316966786,С Днём Рождения!,WIZKEY,Звук,Подписка,,,2,0,"0,38",ICECREAMMUSIC
5063316966786,С Днём Рождения!,WIZKEY,КИОН Музыка,Подписка,,,4,0,"0,28",ICECREAMMUSIC
5063316966786,С Днём Рождения!,WIZKEY,КИОН Музыка,Подписка,,,4,"0,06",0,ICECREAMMUSIC
5063316966786,С Днём Рождения!,WIZKEY,Одноклассники,Аудиостриминг,,,1,0,"0,02",ICECREAMMUSIC
5063316966786,С Днём Рождения!,WIZKEY,Одноклассники,Аудиостриминг,,,2,0,"0,03",ICECREAMMUSIC
5063316966786,С Днём Рождения!,WIZKEY,Одноклассники,Аудиостриминг,,,2,"0,01",0,ICECREAMMUSIC
5063316966786,С Днём Рождения!,WIZKEY,Яндекс.Музыка,Аудиостриминг,,,1,0,0,ICECREAMMUSIC
5063316966786,С Днём Рождения!,WIZKEY,Яндекс.Музыка,Аудиостриминг,,,1,0,0,ICECREAMMUSIC
5063316966786,С Днём Рождения!,WIZKEY,Яндекс.Музыка,Аудиостриминг,,,2,0,"0,01",ICECREAMMUSIC
5063316966786,С Днём Рождения!,WIZKEY,Яндекс.Музыка,Подписка,,,2,0,"0,06",ICECREAMMUSIC
5063316966786,С Днём Рождения!,WIZKEY,Яндекс.Музыка,Подписка,,,3,0,"0,07",ICECREAMMUSIC
5063316966786,С Днём Рождения!,WIZKEY,Яндекс.Музыка,Подписка,,,6,0,"0,2",ICECREAMMUSIC
5063316966786,С Днём Рождения!,WIZKEY,Яндекс.Музыка,Подписка,,,15,"0,08",0,ICECREAMMUSIC
5063635732093,С низов,"URSOV, OTALOE",SoundCloud,Аудиостриминг,,,2,0,"0,21",ICECREAMMUSIC
5063635732093,С низов,"URSOV, OTALOE",vk,Аудиостриминг,,,1,0,"0,01",ICECREAMMUSIC
5063635732093,С низов,"URSOV, OTALOE",vk,Аудиостриминг,,,1,0,"0,04",ICECREAMMUSIC
5063635732093,С низов,"URSOV, OTALOE",vk,Подписка,,,1,0,"0,15",ICECREAMMUSIC
5063635732093,С низов,"URSOV, OTALOE",vk,Аудиостриминг,,,17,0,"0,36",ICECREAMMUSIC
5063635732093,С низов,"URSOV, OTALOE",vk,Аудиостриминг,,,20,0,"0,4",ICECREAMMUSIC
5063635732093,С низов,"URSOV, OTALOE",vk,Аудиостриминг,,,30,0,"0,63",ICECREAMMUSIC
5063635732093,С низов,"URSOV, OTALOE",vk,Подписка,,,6,0,"0,89",ICECREAMMUSIC
5063635732093,С низов,"URSOV, OTALOE",vk,Подписка,,,1,"0,04",0,ICECREAMMUSIC
5063635732093,С низов,"URSOV, OTALOE",vk,Аудиостриминг,,,20,"0,06",0,ICECREAMMUSIC
5063635732093,С низов,"URSOV, OTALOE",vk,Аудиостриминг,,,23,"0,08",0,ICECREAMMUSIC
5063635732093,С низов,"URSOV, OTALOE",vk,Аудиостриминг,,,35,"0,11",0,ICECREAMMUSIC
5063635732093,С низов,"URSOV, OTALOE",vk,Подписка,,,6,"0,22",0,ICECREAMMUSIC
5063635732093,С низов,"URSOV, OTALOE",Иная дистрибуция,Видео,,,14,0,"0,01",ICECREAMMUSIC
5063635732093,С низов,"URSOV, OTALOE",Иная дистрибуция,Видео,,,36,0,"0,01",ICECREAMMUSIC
5063635732093,С низов,"URSOV, OTALOE",Иная дистрибуция,Видео,,,50,0,"0,01",ICECREAMMUSIC
5063635732093,С низов,"URSOV, OTALOE",Яндекс.Музыка,Аудиостриминг,,,2,0,"0,01",ICECREAMMUSIC
5063635732093,С низов,"URSOV, OTALOE",Яндекс.Музыка,Аудиостриминг,,,3,0,"0,02",ICECREAMMUSIC
5063635732093,С низов,"URSOV, OTALOE",Яндекс.Музыка,Аудиостриминг,,,10,0,"0,06",ICECREAMMUSIC
5063635732093,С низов,"URSOV, OTALOE",Яндекс.Музыка,Подписка,,,8,0,"0,29",ICECREAMMUSIC
5063635732093,С низов,"URSOV, OTALOE",Яндекс.Музыка,Подписка,,,10,0,"0,36",ICECREAMMUSIC
5063635732093,С низов,"URSOV, OTALOE",Яндекс.Музыка,Подписка,,,38,0,"1,48",ICECREAMMUSIC
5063635732093,С низов,"URSOV, OTALOE",Яндекс.Музыка,Подписка,,,24,"0,14",0,ICECREAMMUSIC
5063945393687,Связаны,"POVOD, Полумягкие",vk,Пробная подписка,,,9,0,"4,23",ICECREAMMUSIC
5063945393687,Связаны,"POVOD, Полумягкие",vk,Аудиостриминг,,,129,0,"5,6",ICECREAMMUSIC
5063945393687,Связаны,"POVOD, Полумягкие",vk,Аудиостриминг,,,826,0,"17,61",ICECREAMMUSIC
5063945393687,Связаны,"POVOD, Полумягкие",vk,Пробная подписка,,,58,0,"29,73",ICECREAMMUSIC
5063945393687,Связаны,"POVOD, Полумягкие",vk,Аудиостриминг,,,1472,0,"78,64",ICECREAMMUSIC
5063945393687,Связаны,"POVOD, Полумягкие",vk,Подписка,,,728,0,"125,02",ICECREAMMUSIC
5063945393687,Связаны,"POVOD, Полумягкие",vk,Аудиостриминг,,,11999,0,"256,23",ICECREAMMUSIC
5063945393687,Связаны,"POVOD, Полумягкие",vk,Подписка,,,8337,0,"1756,33",ICECREAMMUSIC
5063945393687,Связаны,"POVOD, Полумягкие",vk,Пробная подписка,,,10,"1,05",0,ICECREAMMUSIC
5063945393687,Связаны,"POVOD, Полумягкие",vk,Аудиостриминг,,,971,"3,25",0,ICECREAMMUSIC
5063945393687,Связаны,"POVOD, Полумягкие",vk,Пробная подписка,,,68,"7,35",0,ICECREAMMUSIC
5063945393687,Связаны,"POVOD, Полумягкие",vk,Подписка,,,856,"30,88",0,ICECREAMMUSIC
5063945393687,Связаны,"POVOD, Полумягкие",vk,Аудиостриминг,,,14116,"47,24",0,ICECREAMMUSIC
5063945393687,Связаны,"POVOD, Полумягкие",vk,Подписка,,,9808,"433,72",0,ICECREAMMUSIC
5063945393687,Связаны,"POVOD, Полумягкие",YouTube,Аудио,,,8,0,"0,05",ICECREAMMUSIC
5063945393687,Связаны,"POVOD, Полумягкие",YouTube,Аудио,,,87,0,"0,9",ICECREAMMUSIC
5063945393687,Связаны,"POVOD, Полумягкие",YouTube,Подписка,,,93,"0,38",0,ICECREAMMUSIC
5063945393687,Связаны,"POVOD, Полумягкие",YouTube Premium,Подписка,,,5,0,"0,36",ICECREAMMUSIC
5063945393687,Связаны,"POVOD, Полумягкие",YouTube Premium,Подписка,,,90,0,12,ICECREAMMUSIC
5063945393687,Связаны,"POVOD, Полумягкие",Звук,Аудиостриминг,,,4,0,"0,01",ICECREAMMUSIC
5063945393687,Связаны,"POVOD, Полумягкие",Звук,Подписка,,,36,0,"8,57",ICECREAMMUSIC
5063945393687,Связаны,"POVOD, Полумягкие",Звук,Подписка,,,167,0,"39,67",ICECREAMMUSIC
5063945393687,Связаны,"POVOD, Полумягкие",Иная дистрибуция,Видео,,,930,0,"0,25",ICECREAMMUSIC
5063945393687,Связаны,"POVOD, Полумягкие",Одноклассники,Аудиостриминг,,,12,0,"0,21",ICECREAMMUSIC
5063945393687,Связаны,"POVOD, Полумягкие",Одноклассники,Аудиостриминг,,,12,"0,04",0,ICECREAMMUSIC
5063945393687,Связаны,"POVOD, Полумягкие",Яндекс.Музыка,Аудиостриминг,,,28,0,"0,28",ICECREAMMUSIC
5063945393687,Связаны,"POVOD, Полумягкие",Яндекс.Музыка,Аудиостриминг,,,109,0,"0,74",ICECREAMMUSIC
5063945393687,Связаны,"POVOD, Полумягкие",Яндекс.Музыка,Аудиостриминг,,,97,0,1,ICECREAMMUSIC
5063945393687,Связаны,"POVOD, Полумягкие",Яндекс.Музыка,Подписка,,,435,0,"17,32",ICECREAMMUSIC
5063945393687,Связаны,"POVOD, Полумягкие",Яндекс.Музыка,Аудиостриминг,,,4726,0,"32,2",ICECREAMMUSIC
5063945393687,Связаны,"POVOD, Полумягкие",Яндекс.Музыка,Подписка,,,18904,0,"751,43",ICECREAMMUSIC
5063635188999,Сейчас или никогда,CHEDLY,vk,Аудиостриминг,,,1,0,"0,01",ICECREAMMUSIC
5063635188999,Сейчас или никогда,CHEDLY,vk,Аудиостриминг,,,1,0,"0,01",ICECREAMMUSIC
5063635188999,Сейчас или никогда,CHEDLY,vk,Аудиостриминг,,,1,0,"0,02",ICECREAMMUSIC
5063635188999,Сейчас или никогда,CHEDLY,vk,Аудиостриминг,,,3,0,"0,05",ICECREAMMUSIC
5063635188999,Сейчас или никогда,CHEDLY,vk,Аудиостриминг,,,4,0,"0,07",ICECREAMMUSIC
5063635188999,Сейчас или никогда,CHEDLY,vk,Подписка,,,2,0,"0,25",ICECREAMMUSIC
5063635188999,Сейчас или никогда,CHEDLY,vk,Подписка,,,2,0,"0,31",ICECREAMMUSIC
5063635188999,Сейчас или никогда,CHEDLY,vk,Аудиостриминг,,,3,"0,01",0,ICECREAMMUSIC
5063635188999,Сейчас или никогда,CHEDLY,vk,Аудиостриминг,,,4,"0,01",0,ICECREAMMUSIC
5063635188999,Сейчас или никогда,CHEDLY,vk,Подписка,,,2,"0,06",0,ICECREAMMUSIC
5063635188999,Сейчас или никогда,CHEDLY,vk,Подписка,,,2,"0,08",0,ICECREAMMUSIC
5063635188999,Сейчас или никогда,CHEDLY,Яндекс.Музыка,Аудиостриминг,,,1,0,0,ICECREAMMUSIC
5063635188999,Сейчас или никогда,CHEDLY,Яндекс.Музыка,Аудиостриминг,,,1,0,0,ICECREAMMUSIC
5063635188999,Сейчас или никогда,CHEDLY,Яндекс.Музыка,Подписка,,,1,0,"0,02",ICECREAMMUSIC
5063635188999,Сейчас или никогда,CHEDLY,Яндекс.Музыка,Подписка,,,2,0,"0,06",ICECREAMMUSIC
5063635188999,Сейчас или никогда,CHEDLY,Яндекс.Музыка,Подписка,,,1,"0,01",0,ICECREAMMUSIC
5063635748292,Семь рассветов без тебя,WhiteFluffy,MusixMatch,Тексты песен,,,5,"0,02",0,ICECREAMMUSIC
5063635748292,Семь рассветов без тебя,WhiteFluffy,YouTube,Аудио,,,53,0,"0,01",ICECREAMMUSIC
5063635748292,Семь рассветов без тебя,WhiteFluffy,YouTube,Аудио,,,24,0,"0,03",ICECREAMMUSIC
5063635748292,Семь рассветов без тебя,WhiteFluffy,YouTube Premium,Подписка,,,5,0,"0,63",ICECREAMMUSIC
5063635748292,Семь рассветов без тебя,WhiteFluffy,Яндекс.Музыка,Аудиостриминг,,,1,0,0,ICECREAMMUSIC
5063635748292,Семь рассветов без тебя,WhiteFluffy,Яндекс.Музыка,Аудиостриминг,,,1,0,0,ICECREAMMUSIC
5063635748292,Семь рассветов без тебя,WhiteFluffy,Яндекс.Музыка,Аудиостриминг,,,1,0,"0,01",ICECREAMMUSIC
5063635748292,Семь рассветов без тебя,WhiteFluffy,Яндекс.Музыка,Аудиостриминг,,,2,0,"0,01",ICECREAMMUSIC
5063635748292,Семь рассветов без тебя,WhiteFluffy,Яндекс.Музыка,Подписка,,,2,0,"0,05",ICECREAMMUSIC
5063635748292,Семь рассветов без тебя,WhiteFluffy,Яндекс.Музыка,Подписка,,,3,0,"0,08",ICECREAMMUSIC
5063635748292,Семь рассветов без тебя,WhiteFluffy,Яндекс.Музыка,Подписка,,,5,0,"0,18",ICECREAMMUSIC
5063635748292,Семь рассветов без тебя,WhiteFluffy,Яндекс.Музыка,Подписка,,,4,"0,02",0,ICECREAMMUSIC
5063316685113,СИЛУЭТ,Tripowy,vk,Аудиостриминг,,,1,0,"0,01",ICECREAMMUSIC
5063316685113,СИЛУЭТ,Tripowy,vk,Аудиостриминг,,,1,0,"0,01",ICECREAMMUSIC
5063316685113,СИЛУЭТ,Tripowy,vk,Аудиостриминг,,,1,0,"0,01",ICECREAMMUSIC
5063316685113,СИЛУЭТ,Tripowy,vk,Аудиостриминг,,,2,0,"0,03",ICECREAMMUSIC
5063316685113,СИЛУЭТ,Tripowy,vk,Аудиостриминг,,,2,0,"0,03",ICECREAMMUSIC
5063316685113,СИЛУЭТ,Tripowy,vk,Аудиостриминг,,,5,0,"0,09",ICECREAMMUSIC
5063316685113,СИЛУЭТ,Tripowy,vk,Подписка,,,2,0,"0,15",ICECREAMMUSIC
5063316685113,СИЛУЭТ,Tripowy,vk,Подписка,,,3,0,"0,2",ICECREAMMUSIC
5063316685113,СИЛУЭТ,Tripowy,vk,Подписка,,,3,0,"0,23",ICECREAMMUSIC
5063316685113,СИЛУЭТ,Tripowy,vk,Аудиостриминг,,,2,"0,01",0,ICECREAMMUSIC
5063316685113,СИЛУЭТ,Tripowy,vk,Аудиостриминг,,,2,"0,01",0,ICECREAMMUSIC
5063316685113,СИЛУЭТ,Tripowy,vk,Аудиостриминг,,,5,"0,02",0,ICECREAMMUSIC
5063316685113,СИЛУЭТ,Tripowy,vk,Подписка,,,2,"0,04",0,ICECREAMMUSIC
5063316685113,СИЛУЭТ,Tripowy,vk,Подписка,,,3,"0,05",0,ICECREAMMUSIC
5063316685113,СИЛУЭТ,Tripowy,vk,Подписка,,,3,"0,06",0,ICECREAMMUSIC
5063316685113,СИЛУЭТ,Tripowy,Яндекс.Музыка,Аудиостриминг,,,1,0,0,ICECREAMMUSIC
5063316685113,СИЛУЭТ,Tripowy,Яндекс.Музыка,Подписка,,,1,0,"0,02",ICECREAMMUSIC
5063316685113,СИЛУЭТ,Tripowy,Яндекс.Музыка,Подписка,,,2,"0,01",0,ICECREAMMUSIC
5063635097727,СКУЧАЕШЬ,YUNG$HVED,Apple Music,Подписка,,,2,"0,03",0,ICECREAMMUSIC
5063635097727,СКУЧАЕШЬ,YUNG$HVED,MusixMatch,Тексты песен,,,14,"0,03",0,ICECREAMMUSIC
5063635097727,СКУЧАЕШЬ,YUNG$HVED,vk,Аудиостриминг,,,1,0,"0,02",ICECREAMMUSIC
5063635097727,СКУЧАЕШЬ,YUNG$HVED,vk,Аудиостриминг,,,1,0,"0,02",ICECREAMMUSIC
5063635097727,СКУЧАЕШЬ,YUNG$HVED,vk,Аудиостриминг,,,2,0,"0,03",ICECREAMMUSIC
5063635097727,СКУЧАЕШЬ,YUNG$HVED,vk,Аудиостриминг,,,2,"0,01",0,ICECREAMMUSIC
5063635097727,СКУЧАЕШЬ,YUNG$HVED,КИОН Музыка,Подписка,,,1,0,"0,07",ICECREAMMUSIC
5063635097727,СКУЧАЕШЬ,YUNG$HVED,КИОН Музыка,Подписка,,,1,"0,02",0,ICECREAMMUSIC
5063635097727,СКУЧАЕШЬ,YUNG$HVED,Яндекс.Музыка,Аудиостриминг,,,1,0,0,ICECREAMMUSIC
5063635097727,СКУЧАЕШЬ,YUNG$HVED,Яндекс.Музыка,Аудиостриминг,,,1,0,0,ICECREAMMUSIC
5063635097727,СКУЧАЕШЬ,YUNG$HVED,Яндекс.Музыка,Подписка,,,3,0,"0,08",ICECREAMMUSIC
5063635097727,СКУЧАЕШЬ,YUNG$HVED,Яндекс.Музыка,Подписка,,,4,0,"0,1",ICECREAMMUSIC
5063635097727,СКУЧАЕШЬ,YUNG$HVED,Яндекс.Музыка,Подписка,,,6,"0,03",0,ICECREAMMUSIC
5063466212139,СЛЕДУЙ ЗА МНОЙ,CANDYL,vk,Аудиостриминг,,,1,0,"0,01",ICECREAMMUSIC
5063466212139,СЛЕДУЙ ЗА МНОЙ,CANDYL,vk,Подписка,,,1,0,"0,13",ICECREAMMUSIC
5063466212139,СЛЕДУЙ ЗА МНОЙ,CANDYL,vk,Подписка,,,1,"0,03",0,ICECREAMMUSIC
5063466212139,СЛЕДУЙ ЗА МНОЙ,CANDYL,Яндекс.Музыка,Аудиостриминг,,,1,0,0,ICECREAMMUSIC
5063466212139,СЛЕДУЙ ЗА МНОЙ,CANDYL,Яндекс.Музыка,Аудиостриминг,,,1,0,0,ICECREAMMUSIC
5063466212139,СЛЕДУЙ ЗА МНОЙ,CANDYL,Яндекс.Музыка,Аудиостриминг,,,1,0,0,ICECREAMMUSIC
5063466212139,СЛЕДУЙ ЗА МНОЙ,CANDYL,Яндекс.Музыка,Подписка,,,1,0,"0,02",ICECREAMMUSIC
5063466212139,СЛЕДУЙ ЗА МНОЙ,CANDYL,Яндекс.Музыка,Подписка,,,2,0,"0,06",ICECREAMMUSIC
5063466212139,СЛЕДУЙ ЗА МНОЙ,CANDYL,Яндекс.Музыка,Подписка,,,2,0,"0,06",ICECREAMMUSIC
5063466212139,СЛЕДУЙ ЗА МНОЙ,CANDYL,Яндекс.Музыка,Подписка,,,16,"0,1",0,ICECREAMMUSIC
5063466075796,Сленг,BARCETON,vk,Аудиостриминг,,,1,0,"0,02",ICECREAMMUSIC
5063466075796,Сленг,BARCETON,Яндекс.Музыка,Аудиостриминг,,,1,0,0,ICECREAMMUSIC
5063466075796,Сленг,BARCETON,Яндекс.Музыка,Аудиостриминг,,,1,0,0,ICECREAMMUSIC
5063466075796,Сленг,BARCETON,Яндекс.Музыка,Подписка,,,1,0,"0,02",ICECREAMMUSIC
5063466075796,Сленг,BARCETON,Яндекс.Музыка,Подписка,,,4,0,"0,1",ICECREAMMUSIC
5063466075796,Сленг,BARCETON,Яндекс.Музыка,Подписка,,,3,"0,01",0,ICECREAMMUSIC
5063316940526,Слов,BARCETON,vk,Аудиостриминг,,,1,0,"0,01",ICECREAMMUSIC
5063316940526,Слов,BARCETON,vk,Аудиостриминг,,,1,0,"0,02",ICECREAMMUSIC
5063316940526,Слов,BARCETON,vk,Аудиостриминг,,,4,0,"0,06",ICECREAMMUSIC
5063316940526,Слов,BARCETON,vk,Подписка,,,2,0,"0,15",ICECREAMMUSIC
5063316940526,Слов,BARCETON,vk,Аудиостриминг,,,4,"0,01",0,ICECREAMMUSIC
5063316940526,Слов,BARCETON,vk,Подписка,,,2,"0,04",0,ICECREAMMUSIC
5063316940526,Слов,BARCETON,YouTube,Аудиостриминг,,,7,0,"0,05",ICECREAMMUSIC
5063316940526,Слов,BARCETON,Яндекс.Музыка,Аудиостриминг,,,1,0,0,ICECREAMMUSIC
5063316940526,Слов,BARCETON,Яндекс.Музыка,Аудиостриминг,,,1,0,0,ICECREAMMUSIC
5063316940526,Слов,BARCETON,Яндекс.Музыка,Аудиостриминг,,,1,0,"0,01",ICECREAMMUSIC
5063316940526,Слов,BARCETON,Яндекс.Музыка,Подписка,,,1,0,"0,02",ICECREAMMUSIC
5063316940526,Слов,BARCETON,Яндекс.Музыка,Подписка,,,3,0,"0,08",ICECREAMMUSIC
5063316940526,Слов,BARCETON,Яндекс.Музыка,Подписка,,,4,0,"0,13",ICECREAMMUSIC
5063316940526,Слов,BARCETON,Яндекс.Музыка,Подписка,,,2,"0,01",0,ICECREAMMUSIC
5063833830836,Снегопад,"Qtoni, VYSHUTIN",vk,Аудиостриминг,,,1,0,"0,03",ICECREAMMUSIC
5063833830836,Снегопад,"Qtoni, VYSHUTIN",vk,Аудиостриминг,,,3,0,"0,09",ICECREAMMUSIC
5063833830836,Снегопад,"Qtoni, VYSHUTIN",vk,Аудиостриминг,,,4,0,"0,13",ICECREAMMUSIC
5063833830836,Снегопад,"Qtoni, VYSHUTIN",vk,Аудиостриминг,,,16,0,"0,32",ICECREAMMUSIC
5063833830836,Снегопад,"Qtoni, VYSHUTIN",vk,Пробная подписка,,,1,0,"0,36",ICECREAMMUSIC
5063833830836,Снегопад,"Qtoni, VYSHUTIN",vk,Аудиостриминг,,,21,0,"0,44",ICECREAMMUSIC
5063833830836,Снегопад,"Qtoni, VYSHUTIN",vk,Аудиостриминг,,,22,0,"0,45",ICECREAMMUSIC
5063833830836,Снегопад,"Qtoni, VYSHUTIN",vk,Подписка,,,6,0,"0,77",ICECREAMMUSIC
5063833830836,Снегопад,"Qtoni, VYSHUTIN",vk,Подписка,,,13,0,"2,03",ICECREAMMUSIC
5063833830836,Снегопад,"Qtoni, VYSHUTIN",vk,Подписка,,,21,0,"2,94",ICECREAMMUSIC
5063833830836,Снегопад,"Qtoni, VYSHUTIN",vk,Аудиостриминг,,,18,"0,06",0,ICECREAMMUSIC
5063833830836,Снегопад,"Qtoni, VYSHUTIN",vk,Аудиостриминг,,,25,"0,08",0,ICECREAMMUSIC
5063833830836,Снегопад,"Qtoni, VYSHUTIN",vk,Аудиостриминг,,,24,"0,08",0,ICECREAMMUSIC
5063833830836,Снегопад,"Qtoni, VYSHUTIN",vk,Пробная подписка,,,1,"0,09",0,ICECREAMMUSIC
5063833830836,Снегопад,"Qtoni, VYSHUTIN",vk,Подписка,,,6,"0,19",0,ICECREAMMUSIC
5063833830836,Снегопад,"Qtoni, VYSHUTIN",vk,Тексты песен,,,10,"0,36",0,ICECREAMMUSIC
5063833830836,Снегопад,"Qtoni, VYSHUTIN",vk,Подписка,,,15,"0,5",0,ICECREAMMUSIC
5063833830836,Снегопад,"Qtoni, VYSHUTIN",vk,Подписка,,,24,"0,73",0,ICECREAMMUSIC
5063833830836,Снегопад,"Qtoni, VYSHUTIN",Одноклассники,Аудиостриминг,,,1,0,"0,02",ICECREAMMUSIC
5063833830836,Снегопад,"Qtoni, VYSHUTIN",Яндекс.Музыка,Аудиостриминг,,,1,0,0,ICECREAMMUSIC
5063833830836,Снегопад,"Qtoni, VYSHUTIN",Яндекс.Музыка,Аудиостриминг,,,1,0,"0,01",ICECREAMMUSIC
5063833830836,Снегопад,"Qtoni, VYSHUTIN",Яндекс.Музыка,Аудиостриминг,,,2,0,"0,01",ICECREAMMUSIC
5063833830836,Снегопад,"Qtoni, VYSHUTIN",Яндекс.Музыка,Подписка,,,3,0,"0,08",ICECREAMMUSIC
5063833830836,Снегопад,"Qtoni, VYSHUTIN",Яндекс.Музыка,Подписка,,,4,0,"0,15",ICECREAMMUSIC
5063833830836,Снегопад,"Qtoni, VYSHUTIN",Яндекс.Музыка,Подписка,,,8,0,"0,27",ICECREAMMUSIC
5063833830836,Снегопад,"Qtoni, VYSHUTIN",Яндекс.Музыка,Аудиостриминг,,,4,"0,01",0,ICECREAMMUSIC
5063833830836,Снегопад,"Qtoni, VYSHUTIN",Яндекс.Музыка,Подписка,,,32,"0,18",0,ICECREAMMUSIC
5063833447843,СНОУДЕН,nineywofive,TikTok,Видео,,,1,0,"0,02",ICECREAMMUSIC
5063833447843,СНОУДЕН,nineywofive,vk,Аудиостриминг,,,1,0,"0,01",ICECREAMMUSIC
5063833447843,СНОУДЕН,nineywofive,vk,Аудиостриминг,,,1,0,"0,02",ICECREAMMUSIC
5063833447843,СНОУДЕН,nineywofive,vk,Аудиостриминг,,,2,0,"0,03",ICECREAMMUSIC
5063833447843,СНОУДЕН,nineywofive,vk,Аудиостриминг,,,2,0,"0,03",ICECREAMMUSIC
5063833447843,СНОУДЕН,nineywofive,vk,Аудиостриминг,,,4,0,"0,06",ICECREAMMUSIC
5063833447843,СНОУДЕН,nineywofive,vk,Подписка,,,1,0,"0,13",ICECREAMMUSIC
5063833447843,СНОУДЕН,nineywofive,vk,Подписка,,,3,0,"0,46",ICECREAMMUSIC
5063833447843,СНОУДЕН,nineywofive,vk,Аудиостриминг,,,2,"0,01",0,ICECREAMMUSIC
5063833447843,СНОУДЕН,nineywofive,vk,Аудиостриминг,,,2,"0,01",0,ICECREAMMUSIC
5063833447843,СНОУДЕН,nineywofive,vk,Аудиостриминг,,,4,"0,01",0,ICECREAMMUSIC
5063833447843,СНОУДЕН,nineywofive,vk,Подписка,,,1,"0,03",0,ICECREAMMUSIC
5063833447843,СНОУДЕН,nineywofive,vk,Подписка,,,3,"0,11",0,ICECREAMMUSIC
5063833447843,СНОУДЕН,nineywofive,Яндекс.Музыка,Аудиостриминг,,,1,0,0,ICECREAMMUSIC
5063833447843,СНОУДЕН,nineywofive,Яндекс.Музыка,Подписка,,,1,0,"0,02",ICECREAMMUSIC
5063833447843,СНОУДЕН,nineywofive,Яндекс.Музыка,Подписка,,,12,"0,07",0,ICECREAMMUSIC
5063635581103,Солдату,FATAL',vk,Аудиостриминг,,,7,0,"0,15",ICECREAMMUSIC
5063635581103,Солдату,FATAL',vk,Аудиостриминг,,,11,0,"0,21",ICECREAMMUSIC
5063635581103,Солдату,FATAL',vk,Аудиостриминг,,,28,0,"0,58",ICECREAMMUSIC
5063635581103,Солдату,FATAL',vk,Аудиостриминг,,,8,"0,03",0,ICECREAMMUSIC
5063635581103,Солдату,FATAL',vk,Аудиостриминг,,,12,"0,04",0,ICECREAMMUSIC
5063635581103,Солдату,FATAL',vk,Аудиостриминг,,,32,"0,1",0,ICECREAMMUSIC
5063635581103,Солдату,FATAL',КИОН Музыка,Подписка,,,5,0,"0,42",ICECREAMMUSIC
5063635581103,Солдату,FATAL',КИОН Музыка,Подписка,,,5,"0,09",0,ICECREAMMUSIC
5063635581103,Солдату,FATAL',Яндекс.Музыка,Аудиостриминг,,,1,0,"0,01",ICECREAMMUSIC
5063635581103,Солдату,FATAL',Яндекс.Музыка,Аудиостриминг,,,11,0,"0,07",ICECREAMMUSIC
5063635581103,Солдату,FATAL',Яндекс.Музыка,Аудиостриминг,,,32,0,"0,21",ICECREAMMUSIC
5063635581103,Солдату,FATAL',Яндекс.Музыка,Аудиостриминг,,,139,0,"0,91",ICECREAMMUSIC
5063635581103,Солдату,FATAL',Яндекс.Музыка,Подписка,,,41,0,"1,6",ICECREAMMUSIC
5063635581103,Солдату,FATAL',Яндекс.Музыка,Подписка,,,125,0,"4,96",ICECREAMMUSIC
5063635581103,Солдату,FATAL',Яндекс.Музыка,Подписка,,,554,0,"21,18",ICECREAMMUSIC
5063635581103,Солдату,FATAL',Яндекс.Музыка,Подписка,,,808,"4,7",0,ICECREAMMUSIC
5063833740043,Спичка,Manali Crime,KKBOX,Подписка,,,4,0,"0,41",ICECREAMMUSIC
5063833740043,Спичка,Manali Crime,KKBOX,Подписка,,,4,0,"0,41",ICECREAMMUSIC
5063833740043,Спичка,Manali Crime,Snap,Видео,,,65,0,"0,13",ICECREAMMUSIC
5063833740043,Спичка,Manali Crime,vk,Аудиостриминг,,,1,0,"0,02",ICECREAMMUSIC
5063833740043,Спичка,Manali Crime,vk,Аудиостриминг,,,1,0,"0,03",ICECREAMMUSIC
5063833740043,Спичка,Manali Crime,vk,Аудиостриминг,,,2,0,"0,05",ICECREAMMUSIC
5063833740043,Спичка,Manali Crime,vk,Аудиостриминг,,,7,0,"0,15",ICECREAMMUSIC
5063833740043,Спичка,Manali Crime,vk,Подписка,,,4,0,"0,51",ICECREAMMUSIC
5063833740043,Спичка,Manali Crime,vk,Аудиостриминг,,,29,0,"0,6",ICECREAMMUSIC
5063833740043,Спичка,Manali Crime,vk,Подписка,,,4,0,"0,78",ICECREAMMUSIC
5063833740043,Спичка,Manali Crime,vk,Аудиостриминг,,,38,0,"0,8",ICECREAMMUSIC
5063833740043,Спичка,Manali Crime,vk,Подписка,,,7,0,"1,21",ICECREAMMUSIC
5063833740043,Спичка,Manali Crime,vk,Аудиостриминг,,,8,"0,03",0,ICECREAMMUSIC
5063833740043,Спичка,Manali Crime,vk,Тексты песен,,,3,"0,09",0,ICECREAMMUSIC
5063833740043,Спичка,Manali Crime,vk,Аудиостриминг,,,33,"0,1",0,ICECREAMMUSIC
5063833740043,Спичка,Manali Crime,vk,Подписка,,,4,"0,13",0,ICECREAMMUSIC
5063833740043,Спичка,Manali Crime,vk,Аудиостриминг,,,44,"0,15",0,ICECREAMMUSIC
5063833740043,Спичка,Manali Crime,vk,Подписка,,,4,"0,19",0,ICECREAMMUSIC
5063833740043,Спичка,Manali Crime,vk,Подписка,,,8,"0,3",0,ICECREAMMUSIC
5063833740043,Спичка,Manali Crime,vk клипы,Видео,,,126,0,"0,04",ICECREAMMUSIC
5063833740043,Спичка,Manali Crime,vk клипы,Видео,,,126,"0,04",0,ICECREAMMUSIC
5063833740043,Спичка,Manali Crime,Звук,Подписка,,,1,0,"0,18",ICECREAMMUSIC
5063833740043,Спичка,Manali Crime,Звук,Подписка,,,1,"0,03",0,ICECREAMMUSIC
5063833740043,Спичка,Manali Crime,Яндекс.Музыка,Аудиостриминг,,,6,0,"0,03",ICECREAMMUSIC
5063833740043,Спичка,Manali Crime,Яндекс.Музыка,Аудиостриминг,,,6,0,"0,04",ICECREAMMUSIC
5063833740043,Спичка,Manali Crime,Яндекс.Музыка,Аудиостриминг,,,11,0,"0,07",ICECREAMMUSIC
5063833740043,Спичка,Manali Crime,Яндекс.Музыка,Подписка,,,21,0,"0,81",ICECREAMMUSIC
5063833740043,Спичка,Manali Crime,Яндекс.Музыка,Подписка,,,24,0,"0,92",ICECREAMMUSIC
5063833740043,Спичка,Manali Crime,Яндекс.Музыка,Подписка,,,43,0,"1,62",ICECREAMMUSIC
5063833740043,Спичка,Manali Crime,Яндекс.Музыка,Подписка,,,53,"0,31",0,ICECREAMMUSIC
5063466245311,Спутник,TPG,Line,Подписка,,,1,0,"0,16",ICECREAMMUSIC
5063466245311,Спутник,TPG,vk,Аудиостриминг,,,1,0,"0,02",ICECREAMMUSIC
5063466245311,Спутник,TPG,vk,Аудиостриминг,,,2,0,"0,03",ICECREAMMUSIC
5063466245311,Спутник,TPG,vk,Аудиостриминг,,,4,0,"0,06",ICECREAMMUSIC
5063466245311,Спутник,TPG,vk,Аудиостриминг,,,2,"0,01",0,ICECREAMMUSIC
5063466245311,Спутник,TPG,vk,Аудиостриминг,,,4,"0,01",0,ICECREAMMUSIC
5063466245311,Спутник,TPG,Яндекс.Музыка,Аудиостриминг,,,1,0,0,ICECREAMMUSIC
5063466245311,Спутник,TPG,Яндекс.Музыка,Подписка,,,1,0,"0,02",ICECREAMMUSIC
5063466245311,Спутник,TPG,Яндекс.Музыка,Подписка,,,2,"0,01",0,ICECREAMMUSIC
5063833378321,СС,Kedee,YouTube Premium,Подписка,,,2,0,"0,06",ICECREAMMUSIC
5063833378321,СС,Kedee,КИОН Музыка,Подписка,,,1,0,"0,07",ICECREAMMUSIC
5063833378321,СС,Kedee,КИОН Музыка,Подписка,,,1,"0,02",0,ICECREAMMUSIC
5063833378321,СС,Kedee,Яндекс.Музыка,Аудиостриминг,,,1,0,0,ICECREAMMUSIC
5063833378321,СС,Kedee,Яндекс.Музыка,Аудиостриминг,,,1,0,0,ICECREAMMUSIC
5063833378321,СС,Kedee,Яндекс.Музыка,Аудиостриминг,,,1,0,"0,01",ICECREAMMUSIC
5063833378321,СС,Kedee,Яндекс.Музыка,Подписка,,,4,0,"0,1",ICECREAMMUSIC
5063833378321,СС,Kedee,Яндекс.Музыка,Подписка,,,4,0,"0,1",ICECREAMMUSIC
5063833378321,СС,Kedee,Яндекс.Музыка,Подписка,,,4,0,"0,15",ICECREAMMUSIC
5063833378321,СС,Kedee,Яндекс.Музыка,Подписка,,,7,"0,04",0,ICECREAMMUSIC
5063635745697,Схожу с ума,CHEDLY,vk,Аудиостриминг,,,1,0,"0,05",ICECREAMMUSIC
5063635745697,Схожу с ума,CHEDLY,vk,Аудиостриминг,,,11,0,"0,21",ICECREAMMUSIC
5063635745697,Схожу с ума,CHEDLY,vk,Подписка,,,6,0,"1,09",ICECREAMMUSIC
5063635745697,Схожу с ума,CHEDLY,vk,Аудиостриминг,,,12,"0,04",0,ICECREAMMUSIC
5063635745697,Схожу с ума,CHEDLY,vk,Подписка,,,6,"0,27",0,ICECREAMMUSIC
5063635745697,Схожу с ума,CHEDLY,Звук,Подписка,,,1,"0,03",0,ICECREAMMUSIC
5063635745697,Схожу с ума,CHEDLY,Яндекс.Музыка,Аудиостриминг,,,1,0,0,ICECREAMMUSIC
5063635745697,Схожу с ума,CHEDLY,Яндекс.Музыка,Аудиостриминг,,,1,0,0,ICECREAMMUSIC
5063635745697,Схожу с ума,CHEDLY,Яндекс.Музыка,Аудиостриминг,,,1,0,0,ICECREAMMUSIC
5063635745697,Схожу с ума,CHEDLY,Яндекс.Музыка,Подписка,,,1,0,"0,02",ICECREAMMUSIC
5063635745697,Схожу с ума,CHEDLY,Яндекс.Музыка,Подписка,,,1,0,"0,02",ICECREAMMUSIC
5063635745697,Схожу с ума,CHEDLY,Яндекс.Музыка,Подписка,,,2,0,"0,06",ICECREAMMUSIC
5063635745697,Схожу с ума,CHEDLY,Яндекс.Музыка,Подписка,,,4,"0,02",0,ICECREAMMUSIC
5063635748292,Тайна,WhiteFluffy,MusixMatch,Тексты песен,,,2,"0,01",0,ICECREAMMUSIC
5063635748292,Тайна,WhiteFluffy,Яндекс.Музыка,Аудиостриминг,,,1,0,0,ICECREAMMUSIC
5063635748292,Тайна,WhiteFluffy,Яндекс.Музыка,Аудиостриминг,,,1,0,0,ICECREAMMUSIC
5063635748292,Тайна,WhiteFluffy,Яндекс.Музыка,Подписка,,,2,0,"0,06",ICECREAMMUSIC
5063635748292,Тайна,WhiteFluffy,Яндекс.Музыка,Подписка,,,4,0,"0,1",ICECREAMMUSIC
5063635748292,Тайна,WhiteFluffy,Яндекс.Музыка,Подписка,,,5,"0,03",0,ICECREAMMUSIC
5063466168412,Так нельзя,VYSHUTIN,vk,Аудиостриминг,,,1,0,0,ICECREAMMUSIC
5063466168412,Так нельзя,VYSHUTIN,vk,Аудиостриминг,,,2,0,"0,03",ICECREAMMUSIC
5063466168412,Так нельзя,VYSHUTIN,vk,Аудиостриминг,,,1,0,"0,03",ICECREAMMUSIC
5063466168412,Так нельзя,VYSHUTIN,vk,Аудиостриминг,,,2,0,"0,03",ICECREAMMUSIC
5063466168412,Так нельзя,VYSHUTIN,vk,Подписка,,,1,0,"0,07",ICECREAMMUSIC
5063466168412,Так нельзя,VYSHUTIN,vk,Подписка,,,6,0,"0,6",ICECREAMMUSIC
5063466168412,Так нельзя,VYSHUTIN,vk,Подписка,,,7,0,"0,68",ICECREAMMUSIC
5063466168412,Так нельзя,VYSHUTIN,vk,Аудиостриминг,,,2,"0,01",0,ICECREAMMUSIC
5063466168412,Так нельзя,VYSHUTIN,vk,Подписка,,,1,"0,02",0,ICECREAMMUSIC
5063466168412,Так нельзя,VYSHUTIN,vk,Подписка,,,6,"0,15",0,ICECREAMMUSIC
5063466168412,Так нельзя,VYSHUTIN,vk,Подписка,,,8,"0,17",0,ICECREAMMUSIC
5063466168412,Так нельзя,VYSHUTIN,YouTube,Аудио,,,18,0,"0,09",ICECREAMMUSIC
5063466168412,Так нельзя,VYSHUTIN,YouTube,Аудиостриминг,,,34,0,"0,2",ICECREAMMUSIC
5063466168412,Так нельзя,VYSHUTIN,YouTube,Аудио,,,26,0,"0,27",ICECREAMMUSIC
5063466168412,Так нельзя,VYSHUTIN,YouTube Premium,Подписка,,,2,0,"0,05",ICECREAMMUSIC
5063466168412,Так нельзя,VYSHUTIN,YouTube Premium,Подписка,,,2,0,"0,06",ICECREAMMUSIC
5063466168412,Так нельзя,VYSHUTIN,YouTube Premium,Подписка,,,15,0,"1,24",ICECREAMMUSIC
5063466168412,Так нельзя,VYSHUTIN,Яндекс.Музыка,Аудиостриминг,,,1,0,0,ICECREAMMUSIC
5063466168412,Так нельзя,VYSHUTIN,Яндекс.Музыка,Подписка,,,1,0,"0,02",ICECREAMMUSIC
5063466168412,Так нельзя,VYSHUTIN,Яндекс.Музыка,Подписка,,,3,"0,01",0,ICECREAMMUSIC
5063833556941,Танец,Laxon,Amazon,Подписка,,,1,0,"0,03",ICECREAMMUSIC
5063833556941,Танец,Laxon,Kugou,Аудиостриминг,,,1,0,"0,01",ICECREAMMUSIC
5063833556941,Танец,Laxon,Kugou,Аудиостриминг,,,1,0,"0,01",ICECREAMMUSIC
5063833556941,Танец,Laxon,TikTok,Видео,,,1,0,"0,02",ICECREAMMUSIC
5063833556941,Танец,Laxon,vk,Аудиостриминг,,,3,0,"0,05",ICECREAMMUSIC
5063833556941,Танец,Laxon,vk,Аудиостриминг,,,3,"0,01",0,ICECREAMMUSIC
5063833556941,Танец,Laxon,Яндекс.Музыка,Аудиостриминг,,,5,0,"0,03",ICECREAMMUSIC
5063833556941,Танец,Laxon,Яндекс.Музыка,Аудиостриминг,,,6,0,"0,04",ICECREAMMUSIC
5063833556941,Танец,Laxon,Яндекс.Музыка,Аудиостриминг,,,13,0,"0,08",ICECREAMMUSIC
5063833556941,Танец,Laxon,Яндекс.Музыка,Подписка,,,19,0,"0,71",ICECREAMMUSIC
5063833556941,Танец,Laxon,Яндекс.Музыка,Подписка,,,24,0,"0,94",ICECREAMMUSIC
5063833556941,Танец,Laxon,Яндекс.Музыка,Подписка,,,52,0,"1,93",ICECREAMMUSIC
5063833556941,Танец,Laxon,Яндекс.Музыка,Подписка,,,100,"0,57",0,ICECREAMMUSIC
5063635748292,Твои Слёзы,WhiteFluffy,MusixMatch,Тексты песен,,,2,"0,01",0,ICECREAMMUSIC
5063635748292,Твои Слёзы,WhiteFluffy,vk,Аудиостриминг,,,1,0,"0,02",ICECREAMMUSIC
5063635748292,Твои Слёзы,WhiteFluffy,vk,Аудиостриминг,,,1,0,"0,02",ICECREAMMUSIC
5063635748292,Твои Слёзы,WhiteFluffy,Яндекс.Музыка,Аудиостриминг,,,1,0,0,ICECREAMMUSIC
5063635748292,Твои Слёзы,WhiteFluffy,Яндекс.Музыка,Аудиостриминг,,,1,0,0,ICECREAMMUSIC
5063635748292,Твои Слёзы,WhiteFluffy,Яндекс.Музыка,Подписка,,,2,0,"0,06",ICECREAMMUSIC
5063635748292,Твои Слёзы,WhiteFluffy,Яндекс.Музыка,Подписка,,,3,0,"0,07",ICECREAMMUSIC
5063635748292,Твои Слёзы,WhiteFluffy,Яндекс.Музыка,Подписка,,,5,"0,03",0,ICECREAMMUSIC
5063945577711,твоим взглядом,obs1d1an,vk,Аудиостриминг,,,1,0,"0,03",ICECREAMMUSIC
5063945577711,твоим взглядом,obs1d1an,vk,Аудиостриминг,,,4,0,"0,06",ICECREAMMUSIC
5063945577711,твоим взглядом,obs1d1an,vk,Подписка,,,4,0,"0,62",ICECREAMMUSIC
5063945577711,твоим взглядом,obs1d1an,vk,Аудиостриминг,,,4,"0,01",0,ICECREAMMUSIC
5063945577711,твоим взглядом,obs1d1an,vk,Подписка,,,4,"0,15",0,ICECREAMMUSIC
5063945577711,твоим взглядом,obs1d1an,YouTube,Аудио,,,24,0,"0,9",ICECREAMMUSIC
5063945577711,твоим взглядом,obs1d1an,YouTube Premium,Подписка,,,2,0,"0,06",ICECREAMMUSIC
5063945577711,твоим взглядом,obs1d1an,Яндекс.Музыка,Аудиостриминг,,,5,0,"0,03",ICECREAMMUSIC
5063945577711,твоим взглядом,obs1d1an,Яндекс.Музыка,Подписка,,,17,0,"0,66",ICECREAMMUSIC
5063635625562,Точка вкуса,OTALOE,Netease Cloud Music,Подписка,,,1,0,"0,03",ICECREAMMUSIC
5063635625562,Точка вкуса,OTALOE,Netease Cloud Music,Подписка,,,1,0,"0,03",ICECREAMMUSIC
5063635625562,Точка вкуса,OTALOE,SoundCloud,Аудиостриминг,,,1,0,"0,02",ICECREAMMUSIC
5063635625562,Точка вкуса,OTALOE,Spotify,Подписка,,,1,"0,01",0,ICECREAMMUSIC
5063635625562,Точка вкуса,OTALOE,Spotify,Подписка,,,1,"0,01",0,ICECREAMMUSIC
5063635625562,Точка вкуса,OTALOE,TikTok,Видео,,,1,0,"0,02",ICECREAMMUSIC
5063635625562,Точка вкуса,OTALOE,TikTok,Видео,,,5,0,"0,12",ICECREAMMUSIC
5063635625562,Точка вкуса,OTALOE,vk,Аудиостриминг,,,1,0,"0,03",ICECREAMMUSIC
5063635625562,Точка вкуса,OTALOE,vk,Аудиостриминг,,,3,0,"0,09",ICECREAMMUSIC
5063635625562,Точка вкуса,OTALOE,vk,Аудиостриминг,,,11,0,"0,21",ICECREAMMUSIC
5063635625562,Точка вкуса,OTALOE,vk,Аудиостриминг,,,32,0,"0,66",ICECREAMMUSIC
5063635625562,Точка вкуса,OTALOE,vk,Аудиостриминг,,,37,0,"0,77",ICECREAMMUSIC
5063635625562,Точка вкуса,OTALOE,vk,Подписка,,,4,0,"0,78",ICECREAMMUSIC
5063635625562,Точка вкуса,OTALOE,vk,Подписка,,,12,0,"2,1",ICECREAMMUSIC
5063635625562,Точка вкуса,OTALOE,vk,Аудиостриминг,,,12,"0,04",0,ICECREAMMUSIC
5063635625562,Точка вкуса,OTALOE,vk,Аудиостриминг,,,37,"0,13",0,ICECREAMMUSIC
5063635625562,Точка вкуса,OTALOE,vk,Аудиостриминг,,,43,"0,14",0,ICECREAMMUSIC
5063635625562,Точка вкуса,OTALOE,vk,Подписка,,,4,"0,19",0,ICECREAMMUSIC
5063635625562,Точка вкуса,OTALOE,vk,Подписка,,,14,"0,52",0,ICECREAMMUSIC
5063635625562,Точка вкуса,OTALOE,YouTube,Аудио,,,29,0,"0,46",ICECREAMMUSIC
5063635625562,Точка вкуса,OTALOE,YouTube,Аудиостриминг,,,36,0,"0,63",ICECREAMMUSIC
5063635625562,Точка вкуса,OTALOE,YouTube,Аудио,,,24,0,"0,68",ICECREAMMUSIC
5063635625562,Точка вкуса,OTALOE,YouTube Premium,Подписка,,,10,0,"0,2",ICECREAMMUSIC
5063635625562,Точка вкуса,OTALOE,YouTube Premium,Подписка,,,5,0,"0,46",ICECREAMMUSIC
5063635625562,Точка вкуса,OTALOE,Звук,Подписка,,,1,0,"0,2",ICECREAMMUSIC
5063635625562,Точка вкуса,OTALOE,Звук,Подписка,,,1,0,"0,2",ICECREAMMUSIC
5063635625562,Точка вкуса,OTALOE,КИОН Музыка,Подписка,,,2,0,"0,14",ICECREAMMUSIC
5063635625562,Точка вкуса,OTALOE,КИОН Музыка,Подписка,,,2,"0,03",0,ICECREAMMUSIC
5063635625562,Точка вкуса,OTALOE,Яндекс.Музыка,Аудиостриминг,,,8,0,"0,05",ICECREAMMUSIC
5063635625562,Точка вкуса,OTALOE,Яндекс.Музыка,Аудиостриминг,,,10,0,"0,06",ICECREAMMUSIC
5063635625562,Точка вкуса,OTALOE,Яндекс.Музыка,Аудиостриминг,,,26,0,"0,17",ICECREAMMUSIC
5063635625562,Точка вкуса,OTALOE,Яндекс.Музыка,Подписка,,,30,0,"1,13",ICECREAMMUSIC
5063635625562,Точка вкуса,OTALOE,Яндекс.Музыка,Подписка,,,38,0,"1,48",ICECREAMMUSIC
5063635625562,Точка вкуса,OTALOE,Яндекс.Музыка,Подписка,,,102,0,"4,03",ICECREAMMUSIC
5063635625562,Точка вкуса,OTALOE,Яндекс.Музыка,Подписка,,,58,"0,34",0,ICECREAMMUSIC
5063833118408,Травма,Red Pradosa,Amazon,Подписка,,,1,0,"0,02",ICECREAMMUSIC
5063833118408,Травма,Red Pradosa,MusixMatch,Тексты песен,,,38,"0,18",0,ICECREAMMUSIC
5063833118408,Травма,Red Pradosa,vk,Аудиостриминг,,,1,0,"0,01",ICECREAMMUSIC
5063833118408,Травма,Red Pradosa,vk,Аудиостриминг,,,1,0,"0,02",ICECREAMMUSIC
5063833118408,Травма,Red Pradosa,vk,Аудиостриминг,,,3,0,"0,05",ICECREAMMUSIC
5063833118408,Травма,Red Pradosa,vk,Подписка,,,1,0,"0,15",ICECREAMMUSIC
5063833118408,Травма,Red Pradosa,vk,Аудиостриминг,,,3,"0,01",0,ICECREAMMUSIC
5063833118408,Травма,Red Pradosa,vk,Подписка,,,1,"0,04",0,ICECREAMMUSIC
5063833118408,Травма,Red Pradosa,Иная дистрибуция,Видео,,,40,0,"0,01",ICECREAMMUSIC
5063833118408,Травма,Red Pradosa,Яндекс.Музыка,Аудиостриминг,,,2,0,"0,01",ICECREAMMUSIC
5063833118408,Травма,Red Pradosa,Яндекс.Музыка,Аудиостриминг,,,3,0,"0,02",ICECREAMMUSIC
5063833118408,Травма,Red Pradosa,Яндекс.Музыка,Аудиостриминг,,,3,0,"0,02",ICECREAMMUSIC
5063833118408,Травма,Red Pradosa,Яндекс.Музыка,Подписка,,,8,0,"0,31",ICECREAMMUSIC
5063833118408,Травма,Red Pradosa,Яндекс.Музыка,Подписка,,,10,0,"0,38",ICECREAMMUSIC
5063833118408,Травма,Red Pradosa,Яндекс.Музыка,Подписка,,,12,0,"0,44",ICECREAMMUSIC
5063833118408,Травма,Red Pradosa,Яндекс.Музыка,Подписка,,,35,"0,2",0,ICECREAMMUSIC
GUT200035,Тратить,"bBriT, Yang Kenov, Back Prooff",YouTube,Подписка,,,125,"0,38",0,ICECREAMMUSIC
5063466927880,Ты пропала,"WhiteFluffy, Sena132",vk,Аудиостриминг,,,1,0,"0,02",ICECREAMMUSIC
5063466927880,Ты пропала,"WhiteFluffy, Sena132",vk,Аудиостриминг,,,1,0,"0,02",ICECREAMMUSIC
5063466927880,Ты пропала,"WhiteFluffy, Sena132",vk,Аудиостриминг,,,2,0,"0,03",ICECREAMMUSIC
5063466927880,Ты пропала,"WhiteFluffy, Sena132",vk,Пробная подписка,,,1,0,"0,36",ICECREAMMUSIC
5063466927880,Ты пропала,"WhiteFluffy, Sena132",vk,Пробная подписка,,,4,0,"1,42",ICECREAMMUSIC
5063466927880,Ты пропала,"WhiteFluffy, Sena132",vk,Аудиостриминг,,,2,"0,01",0,ICECREAMMUSIC
5063466927880,Ты пропала,"WhiteFluffy, Sena132",vk,Пробная подписка,,,1,"0,09",0,ICECREAMMUSIC
5063466927880,Ты пропала,"WhiteFluffy, Sena132",vk,Пробная подписка,,,4,"0,35",0,ICECREAMMUSIC
5063466927880,Ты пропала,"WhiteFluffy, Sena132",Яндекс.Музыка,Аудиостриминг,,,1,0,0,ICECREAMMUSIC
5063466927880,Ты пропала,"WhiteFluffy, Sena132",Яндекс.Музыка,Аудиостриминг,,,2,0,"0,01",ICECREAMMUSIC
5063466927880,Ты пропала,"WhiteFluffy, Sena132",Яндекс.Музыка,Аудиостриминг,,,2,0,"0,01",ICECREAMMUSIC
5063466927880,Ты пропала,"WhiteFluffy, Sena132",Яндекс.Музыка,Подписка,,,4,0,"0,1",ICECREAMMUSIC
5063466927880,Ты пропала,"WhiteFluffy, Sena132",Яндекс.Музыка,Подписка,,,5,0,"0,17",ICECREAMMUSIC
5063466927880,Ты пропала,"WhiteFluffy, Sena132",Яндекс.Музыка,Подписка,,,6,0,"0,2",ICECREAMMUSIC
5063466927880,Ты пропала,"WhiteFluffy, Sena132",Яндекс.Музыка,Подписка,,,17,"0,1",0,ICECREAMMUSIC
5063466300157,тянет к тебе,BuddyBeatz,vk,Аудиостриминг,,,1,0,"0,02",ICECREAMMUSIC
5063466300157,тянет к тебе,BuddyBeatz,Яндекс.Музыка,Аудиостриминг,,,1,0,0,ICECREAMMUSIC
5063466300157,тянет к тебе,BuddyBeatz,Яндекс.Музыка,Подписка,,,1,0,"0,02",ICECREAMMUSIC
5063466300157,тянет к тебе,BuddyBeatz,Яндекс.Музыка,Подписка,,,2,"0,01",0,ICECREAMMUSIC
5063635188999,Убегай,CHEDLY,Яндекс.Музыка,Аудиостриминг,,,1,0,0,ICECREAMMUSIC
5063635188999,Убегай,CHEDLY,Яндекс.Музыка,Аудиостриминг,,,1,0,0,ICECREAMMUSIC
5063635188999,Убегай,CHEDLY,Яндекс.Музыка,Подписка,,,3,0,"0,07",ICECREAMMUSIC
5063635188999,Убегай,CHEDLY,Яндекс.Музыка,Подписка,,,3,0,"0,08",ICECREAMMUSIC
5063635188999,Убегай,CHEDLY,Яндекс.Музыка,Подписка,,,4,"0,02",0,ICECREAMMUSIC
5063833135801,Убегай,Phil Mahart,vk,Аудиостриминг,,,1,0,"0,02",ICECREAMMUSIC
5063833135801,Убегай,Phil Mahart,vk,Аудиостриминг,,,4,0,"0,07",ICECREAMMUSIC
5063833135801,Убегай,Phil Mahart,vk,Аудиостриминг,,,4,"0,01",0,ICECREAMMUSIC
5063833135801,Убегай,Phil Mahart,vk,Тексты песен,,,3,"0,09",0,ICECREAMMUSIC
5063833135801,Убегай,Phil Mahart,КИОН Музыка,Аудиостриминг,,,4,0,"0,08",ICECREAMMUSIC
5063833135801,Убегай,Phil Mahart,КИОН Музыка,Аудиостриминг,,,4,"0,02",0,ICECREAMMUSIC
5063833135801,Убегай,Phil Mahart,Яндекс.Музыка,Аудиостриминг,,,1,0,0,ICECREAMMUSIC
5063833135801,Убегай,Phil Mahart,Яндекс.Музыка,Аудиостриминг,,,1,0,"0,01",ICECREAMMUSIC
5063833135801,Убегай,Phil Mahart,Яндекс.Музыка,Аудиостриминг,,,2,0,"0,01",ICECREAMMUSIC
5063833135801,Убегай,Phil Mahart,Яндекс.Музыка,Аудиостриминг,,,2,0,"0,01",ICECREAMMUSIC
5063833135801,Убегай,Phil Mahart,Яндекс.Музыка,Подписка,,,1,0,"0,02",ICECREAMMUSIC
5063833135801,Убегай,Phil Mahart,Яндекс.Музыка,Подписка,,,4,0,"0,15",ICECREAMMUSIC
5063833135801,Убегай,Phil Mahart,Яндекс.Музыка,Подписка,,,8,0,"0,3",ICECREAMMUSIC
5063833135801,Убегай,Phil Mahart,Яндекс.Музыка,Подписка,,,28,"0,16",0,ICECREAMMUSIC
5063316969442,Улетай,"ASILA, CHEDLY",vk,Аудиостриминг,,,1,0,"0,02",ICECREAMMUSIC
5063316969442,Улетай,"ASILA, CHEDLY",vk,Аудиостриминг,,,6,0,"0,1",ICECREAMMUSIC
5063316969442,Улетай,"ASILA, CHEDLY",vk,Аудиостриминг,,,6,"0,02",0,ICECREAMMUSIC
5063316969442,Улетай,"ASILA, CHEDLY",vk клипы,Видео,,,17,0,"0,01",ICECREAMMUSIC
5063316969442,Улетай,"ASILA, CHEDLY",vk клипы,Видео,,,17,"0,01",0,ICECREAMMUSIC
5063316969442,Улетай,"ASILA, CHEDLY",Яндекс.Музыка,Аудиостриминг,,,1,0,0,ICECREAMMUSIC
5063316969442,Улетай,"ASILA, CHEDLY",Яндекс.Музыка,Аудиостриминг,,,1,0,0,ICECREAMMUSIC
5063316969442,Улетай,"ASILA, CHEDLY",Яндекс.Музыка,Аудиостриминг,,,1,0,"0,01",ICECREAMMUSIC
5063316969442,Улетай,"ASILA, CHEDLY",Яндекс.Музыка,Подписка,,,2,0,"0,06",ICECREAMMUSIC
5063316969442,Улетай,"ASILA, CHEDLY",Яндекс.Музыка,Подписка,,,4,0,"0,1",ICECREAMMUSIC
5063316969442,Улетай,"ASILA, CHEDLY",Яндекс.Музыка,Подписка,,,4,0,"0,13",ICECREAMMUSIC
5063316969442,Улетай,"ASILA, CHEDLY",Яндекс.Музыка,Подписка,,,8,"0,04",0,ICECREAMMUSIC
5063316882352,Улети со мной,skywillhelpus,YouTube,Аудио,,,295,0,"1,5",ICECREAMMUSIC
5063316882352,Улети со мной,skywillhelpus,YouTube Premium,Подписка,,,23,0,"4,34",ICECREAMMUSIC
5063635748292,Урон,WhiteFluffy,MusixMatch,Тексты песен,,,1,"0,01",0,ICECREAMMUSIC
5063635748292,Урон,WhiteFluffy,vk,Аудиостриминг,,,1,0,"0,02",ICECREAMMUSIC
5063635748292,Урон,WhiteFluffy,vk,Аудиостриминг,,,1,0,"0,02",ICECREAMMUSIC
5063635748292,Урон,WhiteFluffy,vk,Аудиостриминг,,,2,0,"0,03",ICECREAMMUSIC
5063635748292,Урон,WhiteFluffy,vk,Аудиостриминг,,,2,"0,01",0,ICECREAMMUSIC
5063635748292,Урон,WhiteFluffy,Яндекс.Музыка,Аудиостриминг,,,1,0,0,ICECREAMMUSIC
5063635748292,Урон,WhiteFluffy,Яндекс.Музыка,Подписка,,,4,0,"0,1",ICECREAMMUSIC
5063635748292,Урон,WhiteFluffy,Яндекс.Музыка,Подписка,,,4,"0,02",0,ICECREAMMUSIC
5063466850065,УШЛО,"ASTAPOV, Ckeabrona",Apple Music,Подписка,,,1,0,"0,14",ICECREAMMUSIC
5063466850065,УШЛО,"ASTAPOV, Ckeabrona",vk,Аудиостриминг,,,1,0,"0,01",ICECREAMMUSIC
5063466850065,УШЛО,"ASTAPOV, Ckeabrona",vk,Подписка,,,1,0,"0,13",ICECREAMMUSIC
5063466850065,УШЛО,"ASTAPOV, Ckeabrona",vk,Пробная подписка,,,2,0,"0,7",ICECREAMMUSIC
5063466850065,УШЛО,"ASTAPOV, Ckeabrona",vk,Подписка,,,1,"0,03",0,ICECREAMMUSIC
5063466850065,УШЛО,"ASTAPOV, Ckeabrona",vk,Пробная подписка,,,2,"0,17",0,ICECREAMMUSIC
5063466850065,УШЛО,"ASTAPOV, Ckeabrona",Яндекс.Музыка,Аудиостриминг,,,1,0,0,ICECREAMMUSIC
5063466850065,УШЛО,"ASTAPOV, Ckeabrona",Яндекс.Музыка,Подписка,,,1,0,"0,02",ICECREAMMUSIC
5063466850065,УШЛО,"ASTAPOV, Ckeabrona",Яндекс.Музыка,Подписка,,,3,"0,01",0,ICECREAMMUSIC
5063316738123,Фонари,WIZKEY,QQMusic,Подписка,,,2,0,"0,06",ICECREAMMUSIC
5063316738123,Фонари,WIZKEY,vk,Аудиостриминг,,,1,0,"0,02",ICECREAMMUSIC
5063316738123,Фонари,WIZKEY,vk,Аудиостриминг,,,3,0,"0,05",ICECREAMMUSIC
5063316738123,Фонари,WIZKEY,vk,Аудиостриминг,,,3,"0,01",0,ICECREAMMUSIC
5063316738123,Фонари,WIZKEY,Одноклассники,Аудиостриминг,,,1,0,"0,02",ICECREAMMUSIC
5063316886213,Холодно,"CHEDLY, WAINER-KIN",MusixMatch,Тексты песен,,,4,"0,03",0,ICECREAMMUSIC
5063316886213,Холодно,"CHEDLY, WAINER-KIN",Spotify,Подписка,,,1,"0,01",0,ICECREAMMUSIC
5063316886213,Холодно,"CHEDLY, WAINER-KIN",vk,Аудиостриминг,,,1,0,"0,01",ICECREAMMUSIC
5063316886213,Холодно,"CHEDLY, WAINER-KIN",vk,Аудиостриминг,,,1,0,"0,01",ICECREAMMUSIC
5063316886213,Холодно,"CHEDLY, WAINER-KIN",vk,Аудиостриминг,,,1,0,"0,02",ICECREAMMUSIC
5063316886213,Холодно,"CHEDLY, WAINER-KIN",vk,Аудиостриминг,,,2,0,"0,03",ICECREAMMUSIC
5063316886213,Холодно,"CHEDLY, WAINER-KIN",vk,Подписка,,,1,0,"0,13",ICECREAMMUSIC
5063316886213,Холодно,"CHEDLY, WAINER-KIN",vk,Подписка,,,2,0,"0,31",ICECREAMMUSIC
5063316886213,Холодно,"CHEDLY, WAINER-KIN",vk,Аудиостриминг,,,2,"0,01",0,ICECREAMMUSIC
5063316886213,Холодно,"CHEDLY, WAINER-KIN",vk,Подписка,,,1,"0,03",0,ICECREAMMUSIC
5063316886213,Холодно,"CHEDLY, WAINER-KIN",vk,Подписка,,,2,"0,08",0,ICECREAMMUSIC
5063316886213,Холодно,"CHEDLY, WAINER-KIN",КИОН Музыка,Аудиостриминг,,,1,0,"0,02",ICECREAMMUSIC
5063316886213,Холодно,"CHEDLY, WAINER-KIN",КИОН Музыка,Подписка,,,4,0,"0,28",ICECREAMMUSIC
5063316886213,Холодно,"CHEDLY, WAINER-KIN",КИОН Музыка,Аудиостриминг,,,1,"0,01",0,ICECREAMMUSIC
5063316886213,Холодно,"CHEDLY, WAINER-KIN",КИОН Музыка,Подписка,,,4,"0,06",0,ICECREAMMUSIC
5063316886213,Холодно,"CHEDLY, WAINER-KIN",Яндекс.Музыка,Аудиостриминг,,,1,0,0,ICECREAMMUSIC
5063316886213,Холодно,"CHEDLY, WAINER-KIN",Яндекс.Музыка,Аудиостриминг,,,2,0,"0,01",ICECREAMMUSIC
5063316886213,Холодно,"CHEDLY, WAINER-KIN",Яндекс.Музыка,Аудиостриминг,,,2,0,"0,01",ICECREAMMUSIC
5063316886213,Холодно,"CHEDLY, WAINER-KIN",Яндекс.Музыка,Подписка,,,4,0,"0,1",ICECREAMMUSIC
5063316886213,Холодно,"CHEDLY, WAINER-KIN",Яндекс.Музыка,Подписка,,,5,0,"0,17",ICECREAMMUSIC
5063316886213,Холодно,"CHEDLY, WAINER-KIN",Яндекс.Музыка,Подписка,,,6,0,"0,2",ICECREAMMUSIC
5063316886213,Холодно,"CHEDLY, WAINER-KIN",Яндекс.Музыка,Подписка,,,21,"0,12",0,ICECREAMMUSIC
5063466168702,Холодный рассвет,Reiko,vk,Аудиостриминг,,,1,0,"0,02",ICECREAMMUSIC
5063466168702,Холодный рассвет,Reiko,vk,Аудиостриминг,,,2,0,"0,03",ICECREAMMUSIC
5063466168702,Холодный рассвет,Reiko,vk,Аудиостриминг,,,2,0,"0,03",ICECREAMMUSIC
5063466168702,Холодный рассвет,Reiko,vk,Аудиостриминг,,,2,"0,01",0,ICECREAMMUSIC
5063466168702,Холодный рассвет,Reiko,vk,Аудиостриминг,,,2,"0,01",0,ICECREAMMUSIC
5063466168702,Холодный рассвет,Reiko,Яндекс.Музыка,Подписка,,,1,"0,01",0,ICECREAMMUSIC
5063466168412,Хочется жить красиво,VYSHUTIN,vk,Аудиостриминг,,,1,0,"0,02",ICECREAMMUSIC
5063466168412,Хочется жить красиво,VYSHUTIN,vk,Аудиостриминг,,,1,0,"0,02",ICECREAMMUSIC
5063466168412,Хочется жить красиво,VYSHUTIN,vk,Аудиостриминг,,,1,0,"0,02",ICECREAMMUSIC
5063466168412,Хочется жить красиво,VYSHUTIN,vk,Подписка,,,5,0,"0,45",ICECREAMMUSIC
5063466168412,Хочется жить красиво,VYSHUTIN,vk,Подписка,,,6,0,"0,52",ICECREAMMUSIC
5063466168412,Хочется жить красиво,VYSHUTIN,vk,Подписка,,,5,"0,11",0,ICECREAMMUSIC
5063466168412,Хочется жить красиво,VYSHUTIN,vk,Подписка,,,6,"0,13",0,ICECREAMMUSIC
5063466168412,Хочется жить красиво,VYSHUTIN,КИОН Музыка,Подписка,,,3,0,"0,21",ICECREAMMUSIC
5063466168412,Хочется жить красиво,VYSHUTIN,КИОН Музыка,Подписка,,,3,"0,05",0,ICECREAMMUSIC
5063466168412,Хочется жить красиво,VYSHUTIN,Одноклассники,Аудиостриминг,,,2,0,"0,03",ICECREAMMUSIC
5063466168412,Хочется жить красиво,VYSHUTIN,Одноклассники,Аудиостриминг,,,2,0,"0,03",ICECREAMMUSIC
5063466168412,Хочется жить красиво,VYSHUTIN,Одноклассники,Аудиостриминг,,,2,0,"0,03",ICECREAMMUSIC
5063466168412,Хочется жить красиво,VYSHUTIN,Одноклассники,Подписка,,,1,0,"0,27",ICECREAMMUSIC
5063466168412,Хочется жить красиво,VYSHUTIN,Одноклассники,Аудиостриминг,,,2,"0,01",0,ICECREAMMUSIC
5063466168412,Хочется жить красиво,VYSHUTIN,Одноклассники,Аудиостриминг,,,2,"0,01",0,ICECREAMMUSIC
5063466168412,Хочется жить красиво,VYSHUTIN,Одноклассники,Аудиостриминг,,,2,"0,01",0,ICECREAMMUSIC
5063466168412,Хочется жить красиво,VYSHUTIN,Одноклассники,Подписка,,,1,"0,06",0,ICECREAMMUSIC
5063466168412,Хочется жить красиво,VYSHUTIN,Яндекс.Музыка,Аудиостриминг,,,1,0,0,ICECREAMMUSIC
5063466168412,Хочется жить красиво,VYSHUTIN,Яндекс.Музыка,Подписка,,,2,0,"0,06",ICECREAMMUSIC
5063466168412,Хочется жить красиво,VYSHUTIN,Яндекс.Музыка,Подписка,,,8,"0,04",0,ICECREAMMUSIC
5063466075741,Хочу уснуть,lil gyx,vk,Аудиостриминг,,,1,0,"0,02",ICECREAMMUSIC
5063833728294,ХРАНИМ ТОБОЙ,"Voryb, raf1k",TikTok,Видео,,,4,0,"0,08",ICECREAMMUSIC
5063833728294,ХРАНИМ ТОБОЙ,"Voryb, raf1k",Яндекс.Музыка,Аудиостриминг,,,1,0,0,ICECREAMMUSIC
5063833728294,ХРАНИМ ТОБОЙ,"Voryb, raf1k",Яндекс.Музыка,Аудиостриминг,,,1,0,"0,01",ICECREAMMUSIC
5063833728294,ХРАНИМ ТОБОЙ,"Voryb, raf1k",Яндекс.Музыка,Аудиостриминг,,,1,0,"0,01",ICECREAMMUSIC
5063833728294,ХРАНИМ ТОБОЙ,"Voryb, raf1k",Яндекс.Музыка,Подписка,,,2,0,"0,06",ICECREAMMUSIC
5063833728294,ХРАНИМ ТОБОЙ,"Voryb, raf1k",Яндекс.Музыка,Подписка,,,4,0,"0,13",ICECREAMMUSIC
5063833728294,ХРАНИМ ТОБОЙ,"Voryb, raf1k",Яндекс.Музыка,Подписка,,,4,0,"0,13",ICECREAMMUSIC
5063833728294,ХРАНИМ ТОБОЙ,"Voryb, raf1k",Яндекс.Музыка,Подписка,,,48,"0,28",0,ICECREAMMUSIC
5063635748292,Цвети,WhiteFluffy,MusixMatch,Тексты песен,,,1,"0,01",0,ICECREAMMUSIC
5063635748292,Цвети,WhiteFluffy,vk,Аудиостриминг,,,2,0,"0,03",ICECREAMMUSIC
5063635748292,Цвети,WhiteFluffy,vk,Пробная подписка,,,1,0,"0,62",ICECREAMMUSIC
5063635748292,Цвети,WhiteFluffy,vk,Пробная подписка,,,4,0,"1,77",ICECREAMMUSIC
5063635748292,Цвети,WhiteFluffy,vk,Аудиостриминг,,,2,"0,01",0,ICECREAMMUSIC
5063635748292,Цвети,WhiteFluffy,vk,Пробная подписка,,,1,"0,15",0,ICECREAMMUSIC
5063635748292,Цвети,WhiteFluffy,vk,Пробная подписка,,,4,"0,44",0,ICECREAMMUSIC
5063635748292,Цвети,WhiteFluffy,YouTube,Аудио,,,45,0,"0,04",ICECREAMMUSIC
5063635748292,Цвети,WhiteFluffy,YouTube,Аудио,,,24,0,"0,05",ICECREAMMUSIC
5063635748292,Цвети,WhiteFluffy,YouTube Premium,Подписка,,,2,0,"0,07",ICECREAMMUSIC
5063635748292,Цвети,WhiteFluffy,Иная дистрибуция,Видео,,,12,0,"0,03",ICECREAMMUSIC
5063635748292,Цвети,WhiteFluffy,Яндекс.Музыка,Аудиостриминг,,,1,0,0,ICECREAMMUSIC
5063635748292,Цвети,WhiteFluffy,Яндекс.Музыка,Аудиостриминг,,,1,0,0,ICECREAMMUSIC
5063635748292,Цвети,WhiteFluffy,Яндекс.Музыка,Подписка,,,1,0,"0,02",ICECREAMMUSIC
5063635748292,Цвети,WhiteFluffy,Яндекс.Музыка,Подписка,,,1,0,"0,02",ICECREAMMUSIC
5063635748292,Цвети,WhiteFluffy,Яндекс.Музыка,Подписка,,,1,"0,01",0,ICECREAMMUSIC
5063635487801,Целовать,BARCETON,vk,Аудиостриминг,,,1,0,0,ICECREAMMUSIC
5063635487801,Целовать,BARCETON,vk,Аудиостриминг,,,1,0,"0,01",ICECREAMMUSIC
5063635487801,Целовать,BARCETON,vk,Аудиостриминг,,,1,0,"0,02",ICECREAMMUSIC
5063635487801,Целовать,BARCETON,vk,Аудиостриминг,,,3,0,"0,05",ICECREAMMUSIC
5063635487801,Целовать,BARCETON,vk,Аудиостриминг,,,4,0,"0,07",ICECREAMMUSIC
5063635487801,Целовать,BARCETON,vk,Подписка,,,1,0,"0,07",ICECREAMMUSIC
5063635487801,Целовать,BARCETON,vk,Подписка,,,1,0,"0,15",ICECREAMMUSIC
5063635487801,Целовать,BARCETON,vk,Аудиостриминг,,,3,"0,01",0,ICECREAMMUSIC
5063635487801,Целовать,BARCETON,vk,Аудиостриминг,,,4,"0,01",0,ICECREAMMUSIC
5063635487801,Целовать,BARCETON,vk,Подписка,,,1,"0,02",0,ICECREAMMUSIC
5063635487801,Целовать,BARCETON,vk,Подписка,,,1,"0,04",0,ICECREAMMUSIC
5063635487801,Целовать,BARCETON,vk,Аудиостриминг,,,1,0,"0,01",ICECREAMMUSIC
5063635487801,Целовать,BARCETON,vk,Аудиостриминг,,,2,0,"0,03",ICECREAMMUSIC
5063635487801,Целовать,BARCETON,vk,Аудиостриминг,,,3,0,"0,05",ICECREAMMUSIC
5063635487801,Целовать,BARCETON,vk,Подписка,,,2,0,"0,3",ICECREAMMUSIC
5063635487801,Целовать,BARCETON,vk,Аудиостриминг,,,3,"0,01",0,ICECREAMMUSIC
5063635487801,Целовать,BARCETON,vk,Аудиостриминг,,,2,"0,01",0,ICECREAMMUSIC
5063635487801,Целовать,BARCETON,vk,Подписка,,,2,"0,08",0,ICECREAMMUSIC
5063635487801,Целовать,BARCETON,vk,Тексты песен,,,3,"0,09",0,ICECREAMMUSIC
5063635487801,Целовать,BARCETON,Звук,Подписка,,,2,"0,06",0,ICECREAMMUSIC
5063635487801,Целовать,BARCETON,Иная дистрибуция,Видео,,,48,0,"0,14",ICECREAMMUSIC
5063635487801,Целовать,BARCETON,Иная дистрибуция,Видео,,,15,0,"0,12",ICECREAMMUSIC
5063635487801,Целовать,BARCETON,КИОН Музыка,Подписка,,,3,0,"0,21",ICECREAMMUSIC
5063635487801,Целовать,BARCETON,КИОН Музыка,Подписка,,,3,"0,05",0,ICECREAMMUSIC
5063635487801,Целовать,BARCETON,КИОН Музыка,Подписка,,,2,0,"0,14",ICECREAMMUSIC
5063635487801,Целовать,BARCETON,КИОН Музыка,Подписка,,,2,"0,03",0,ICECREAMMUSIC
5063635487801,Целовать,BARCETON,Одноклассники,Аудиостриминг,,,1,0,"0,02",ICECREAMMUSIC
5063635487801,Целовать,BARCETON,Одноклассники,Аудиостриминг,,,1,0,"0,02",ICECREAMMUSIC
5063635487801,Целовать,BARCETON,Яндекс.Музыка,Аудиостриминг,,,1,0,0,ICECREAMMUSIC
5063635487801,Целовать,BARCETON,Яндекс.Музыка,Аудиостриминг,,,1,0,"0,01",ICECREAMMUSIC
5063635487801,Целовать,BARCETON,Яндекс.Музыка,Аудиостриминг,,,2,0,"0,01",ICECREAMMUSIC
5063635487801,Целовать,BARCETON,Яндекс.Музыка,Подписка,,,4,0,"0,1",ICECREAMMUSIC
5063635487801,Целовать,BARCETON,Яндекс.Музыка,Подписка,,,4,0,"0,15",ICECREAMMUSIC
5063635487801,Целовать,BARCETON,Яндекс.Музыка,Подписка,,,7,0,"0,22",ICECREAMMUSIC
5063635487801,Целовать,BARCETON,Яндекс.Музыка,Подписка,,,11,"0,06",0,ICECREAMMUSIC
5063635487801,Целовать,BARCETON,Яндекс.Музыка,Аудиостриминг,,,1,0,0,ICECREAMMUSIC
5063635487801,Целовать,BARCETON,Яндекс.Музыка,Аудиостриминг,,,1,0,"0,01",ICECREAMMUSIC
5063635487801,Целовать,BARCETON,Яндекс.Музыка,Аудиостриминг,,,2,0,"0,01",ICECREAMMUSIC
5063635487801,Целовать,BARCETON,Яндекс.Музыка,Подписка,,,4,0,"0,1",ICECREAMMUSIC
5063635487801,Целовать,BARCETON,Яндекс.Музыка,Подписка,,,4,0,"0,15",ICECREAMMUSIC
5063635487801,Целовать,BARCETON,Яндекс.Музыка,Подписка,,,7,0,"0,24",ICECREAMMUSIC
5063635487801,Целовать,BARCETON,Яндекс.Музыка,Подписка,,,13,"0,07",0,ICECREAMMUSIC
GUT200268,Цунами,SHIROKOVГ,vk,Аудиостриминг,,,1,0,"0,01",ICECREAMMUSIC
GUT200268,Цунами,SHIROKOVГ,vk,Аудиостриминг,,,1,0,"0,02",ICECREAMMUSIC
GUT200268,Цунами,SHIROKOVГ,vk,Аудиостриминг,,,2,0,"0,03",ICECREAMMUSIC
GUT200268,Цунами,SHIROKOVГ,vk,Подписка,,,1,0,"0,13",ICECREAMMUSIC
GUT200268,Цунами,SHIROKOVГ,vk,Аудиостриминг,,,2,"0,01",0,ICECREAMMUSIC
GUT200268,Цунами,SHIROKOVГ,vk,Подписка,,,1,"0,03",0,ICECREAMMUSIC
GUT200268,Цунами,SHIROKOVГ,Звук,Подписка,,,1,0,"0,2",ICECREAMMUSIC
GUT200268,Цунами,SHIROKOVГ,Звук,Подписка,,,4,"0,1",0,ICECREAMMUSIC
GUT200268,Цунами,SHIROKOVГ,КИОН Музыка,Аудиостриминг,,,4,0,"0,1",ICECREAMMUSIC
GUT200268,Цунами,SHIROKOVГ,КИОН Музыка,Аудиостриминг,,,4,"0,03",0,ICECREAMMUSIC
GUT200268,Цунами,SHIROKOVГ,Яндекс.Музыка,Аудиостриминг,,,2,0,"0,01",ICECREAMMUSIC
GUT200268,Цунами,SHIROKOVГ,Яндекс.Музыка,Аудиостриминг,,,2,0,"0,01",ICECREAMMUSIC
GUT200268,Цунами,SHIROKOVГ,Яндекс.Музыка,Аудиостриминг,,,2,0,"0,01",ICECREAMMUSIC
GUT200268,Цунами,SHIROKOVГ,Яндекс.Музыка,Подписка,,,7,0,"0,22",ICECREAMMUSIC
GUT200268,Цунами,SHIROKOVГ,Яндекс.Музыка,Подписка,,,7,0,"0,23",ICECREAMMUSIC
GUT200268,Цунами,SHIROKOVГ,Яндекс.Музыка,Подписка,,,8,0,"0,28",ICECREAMMUSIC
GUT200268,Цунами,SHIROKOVГ,Яндекс.Музыка,Подписка,,,33,"0,19",0,ICECREAMMUSIC
5063635847544,Чародейка,FATAL',Amazon,Подписка,,,1,0,"0,02",ICECREAMMUSIC
5063635847544,Чародейка,FATAL',vk,Аудиостриминг,,,1,0,"0,01",ICECREAMMUSIC
5063635847544,Чародейка,FATAL',vk,Аудиостриминг,,,1,0,"0,01",ICECREAMMUSIC
5063635847544,Чародейка,FATAL',vk,Аудиостриминг,,,1,0,"0,01",ICECREAMMUSIC
5063635847544,Чародейка,FATAL',vk,Аудиостриминг,,,2,0,"0,03",ICECREAMMUSIC
5063635847544,Чародейка,FATAL',vk,Аудиостриминг,,,6,0,"0,11",ICECREAMMUSIC
5063635847544,Чародейка,FATAL',vk,Аудиостриминг,,,6,0,"0,11",ICECREAMMUSIC
5063635847544,Чародейка,FATAL',vk,Подписка,,,1,0,"0,15",ICECREAMMUSIC
5063635847544,Чародейка,FATAL',vk,Подписка,,,1,0,"0,15",ICECREAMMUSIC
5063635847544,Чародейка,FATAL',vk,Подписка,,,2,0,"0,18",ICECREAMMUSIC
5063635847544,Чародейка,FATAL',vk,Аудиостриминг,,,2,"0,01",0,ICECREAMMUSIC
5063635847544,Чародейка,FATAL',vk,Аудиостриминг,,,7,"0,02",0,ICECREAMMUSIC
5063635847544,Чародейка,FATAL',vk,Аудиостриминг,,,7,"0,02",0,ICECREAMMUSIC
5063635847544,Чародейка,FATAL',vk,Подписка,,,1,"0,04",0,ICECREAMMUSIC
5063635847544,Чародейка,FATAL',vk,Подписка,,,1,"0,04",0,ICECREAMMUSIC
5063635847544,Чародейка,FATAL',vk,Подписка,,,2,"0,05",0,ICECREAMMUSIC
5063635847544,Чародейка,FATAL',YouTube,Аудио,,,4,0,"0,01",ICECREAMMUSIC
5063635847544,Чародейка,FATAL',YouTube Premium,Подписка,,,50,0,"20,99",ICECREAMMUSIC
5063635847544,Чародейка,FATAL',КИОН Музыка,Аудиостриминг,,,1,0,"0,02",ICECREAMMUSIC
5063635847544,Чародейка,FATAL',КИОН Музыка,Подписка,,,8,0,"0,71",ICECREAMMUSIC
5063635847544,Чародейка,FATAL',КИОН Музыка,Аудиостриминг,,,1,"0,01",0,ICECREAMMUSIC
5063635847544,Чародейка,FATAL',КИОН Музыка,Подписка,,,8,"0,16",0,ICECREAMMUSIC
5063635847544,Чародейка,FATAL',Яндекс.Музыка,Аудиостриминг,,,1,0,"0,01",ICECREAMMUSIC
5063635847544,Чародейка,FATAL',Яндекс.Музыка,Аудиостриминг,,,3,0,"0,02",ICECREAMMUSIC
5063635847544,Чародейка,FATAL',Яндекс.Музыка,Аудиостриминг,,,4,0,"0,02",ICECREAMMUSIC
5063635847544,Чародейка,FATAL',Яндекс.Музыка,Подписка,,,4,0,"0,13",ICECREAMMUSIC
5063635847544,Чародейка,FATAL',Яндекс.Музыка,Подписка,,,11,0,"0,41",ICECREAMMUSIC
5063635847544,Чародейка,FATAL',Яндекс.Музыка,Подписка,,,13,0,"0,46",ICECREAMMUSIC
5063635847544,Чародейка,FATAL',Яндекс.Музыка,Подписка,,,24,"0,14",0,ICECREAMMUSIC
5063316549484,ЧЕК,A L E X I C E,Amazon,Подписка,,,1,0,"0,07",Ckeabrona Beats
5063316549484,ЧЕК,A L E X I C E,QQMusic,Аудиостриминг,,,1,0,"0,01",Ckeabrona Beats
5063316549484,ЧЕК,A L E X I C E,vk,Аудиостриминг,,,2,0,"0,03",Ckeabrona Beats
5063316549484,ЧЕК,A L E X I C E,vk,Аудиостриминг,,,4,0,"0,07",Ckeabrona Beats
5063316549484,ЧЕК,A L E X I C E,vk,Аудиостриминг,,,2,"0,01",0,Ckeabrona Beats
5063316549484,ЧЕК,A L E X I C E,vk,Аудиостриминг,,,4,"0,01",0,Ckeabrona Beats
5063316549484,ЧЕК,A L E X I C E,Звук,Подписка,,,1,0,"0,2",Ckeabrona Beats
5063316549484,ЧЕК,A L E X I C E,КИОН Музыка,Аудиостриминг,,,2,0,"0,04",Ckeabrona Beats
5063635176262,Четырка разбитая (Remix),Shagly,Apple Music,Подписка,,,1,0,"0,1",ICECREAMMUSIC
5063635176262,Четырка разбитая (Remix),Shagly,Apple Music,Подписка,,,1,0,"0,18",ICECREAMMUSIC
5063635176262,Четырка разбитая (Remix),Shagly,Lyric Find,Тексты песен,,,1,"0,02",0,ICECREAMMUSIC
5063635176262,Четырка разбитая (Remix),Shagly,MusixMatch,Тексты песен,,,113,"0,2",0,ICECREAMMUSIC
5063635176262,Четырка разбитая (Remix),Shagly,TikTok,Видео,,,1,0,"0,02",ICECREAMMUSIC
5063635176262,Четырка разбитая (Remix),Shagly,TikTok,Видео,,,1,0,"0,02",ICECREAMMUSIC
5063635176262,Четырка разбитая (Remix),Shagly,TikTok,Видео,,,1,0,"0,02",ICECREAMMUSIC
5063635176262,Четырка разбитая (Remix),Shagly,vk,Аудиостриминг,,,3,0,"0,09",ICECREAMMUSIC
5063635176262,Четырка разбитая (Remix),Shagly,vk,Аудиостриминг,,,4,0,"0,18",ICECREAMMUSIC
5063635176262,Четырка разбитая (Remix),Shagly,vk,Аудиостриминг,,,5,0,"0,22",ICECREAMMUSIC
5063635176262,Четырка разбитая (Remix),Shagly,vk,Аудиостриминг,,,99,0,"2,09",ICECREAMMUSIC
5063635176262,Четырка разбитая (Remix),Shagly,vk,Подписка,,,13,0,"2,11",ICECREAMMUSIC
5063635176262,Четырка разбитая (Remix),Shagly,vk,Аудиостриминг,,,184,0,"3,93",ICECREAMMUSIC
5063635176262,Четырка разбитая (Remix),Shagly,vk,Подписка,,,18,0,"4,04",ICECREAMMUSIC
5063635176262,Четырка разбитая (Remix),Shagly,vk,Аудиостриминг,,,201,0,"4,28",ICECREAMMUSIC
5063635176262,Четырка разбитая (Remix),Shagly,vk,Подписка,,,24,0,"4,92",ICECREAMMUSIC
5063635176262,Четырка разбитая (Remix),Shagly,vk,Аудиостриминг,,,116,"0,39",0,ICECREAMMUSIC
5063635176262,Четырка разбитая (Remix),Shagly,vk,Подписка,,,15,"0,53",0,ICECREAMMUSIC
5063635176262,Четырка разбитая (Remix),Shagly,vk,Аудиостриминг,,,216,"0,73",0,ICECREAMMUSIC
5063635176262,Четырка разбитая (Remix),Shagly,vk,Аудиостриминг,,,236,"0,79",0,ICECREAMMUSIC
5063635176262,Четырка разбитая (Remix),Shagly,vk,Подписка,,,21,1,0,ICECREAMMUSIC
5063635176262,Четырка разбитая (Remix),Shagly,vk,Подписка,,,28,"1,21",0,ICECREAMMUSIC
5063635176262,Четырка разбитая (Remix),Shagly,vk,Тексты песен,,,39,"1,46",0,ICECREAMMUSIC
5063635176262,Четырка разбитая (Remix),Shagly,vk клипы,Видео,,,12,0,"0,01",ICECREAMMUSIC
5063635176262,Четырка разбитая (Remix),Shagly,vk клипы,Видео,,,12,"0,01",0,ICECREAMMUSIC
5063635176262,Четырка разбитая (Remix),Shagly,Звук,Подписка,,,4,0,"0,97",ICECREAMMUSIC
5063635176262,Четырка разбитая (Remix),Shagly,Звук,Подписка,,,8,0,"1,72",ICECREAMMUSIC
5063635176262,Четырка разбитая (Remix),Shagly,Звук,Подписка,,,11,0,"2,4",ICECREAMMUSIC
5063635176262,Четырка разбитая (Remix),Shagly,Звук,Подписка,,,36,"1,2",0,ICECREAMMUSIC
5063635176262,Четырка разбитая (Remix),Shagly,Иная дистрибуция,Видео,,,36,0,"0,01",ICECREAMMUSIC
5063635176262,Четырка разбитая (Remix),Shagly,Иная дистрибуция,Видео,,,118,0,"0,03",ICECREAMMUSIC
5063635176262,Четырка разбитая (Remix),Shagly,Иная дистрибуция,Видео,,,70,0,"0,03",ICECREAMMUSIC
5063635176262,Четырка разбитая (Remix),Shagly,КИОН Музыка,Аудиостриминг,,,3,0,"0,06",ICECREAMMUSIC
5063635176262,Четырка разбитая (Remix),Shagly,КИОН Музыка,Подписка,,,44,0,"3,82",ICECREAMMUSIC
5063635176262,Четырка разбитая (Remix),Shagly,КИОН Музыка,Аудиостриминг,,,3,"0,02",0,ICECREAMMUSIC
5063635176262,Четырка разбитая (Remix),Shagly,КИОН Музыка,Подписка,,,44,"0,83",0,ICECREAMMUSIC
5063635176262,Четырка разбитая (Remix),Shagly,Одноклассники,Аудиостриминг,,,1,0,"0,02",ICECREAMMUSIC
5063635176262,Четырка разбитая (Remix),Shagly,Одноклассники,Аудиостриминг,,,1,0,"0,02",ICECREAMMUSIC
5063635176262,Четырка разбитая (Remix),Shagly,Сервисы АДВ Мьюзик,Аудиостриминг,,,3,0,"0,07",ICECREAMMUSIC
5063635176262,Четырка разбитая (Remix),Shagly,Сервисы АДВ Мьюзик,РБТ,,,9,0,"0,28",ICECREAMMUSIC
5063635176262,Четырка разбитая (Remix),Shagly,Сервисы АДВ Мьюзик,Аудиостриминг,,,21,0,"0,59",ICECREAMMUSIC
5063635176262,Четырка разбитая (Remix),Shagly,Сервисы АДВ Мьюзик,Аудиостриминг,,,3,"0,02",0,ICECREAMMUSIC
5063635176262,Четырка разбитая (Remix),Shagly,Сервисы АДВ Мьюзик,РБТ,,,9,"0,07",0,ICECREAMMUSIC
5063635176262,Четырка разбитая (Remix),Shagly,Сервисы АДВ Мьюзик,Аудиостриминг,,,21,"0,15",0,ICECREAMMUSIC
5063635176262,Четырка разбитая (Remix),Shagly,Яндекс.Музыка,Аудиостриминг,,,1,0,"0,01",ICECREAMMUSIC
5063635176262,Четырка разбитая (Remix),Shagly,Яндекс.Музыка,Аудиостриминг,,,2,0,"0,01",ICECREAMMUSIC
5063635176262,Четырка разбитая (Remix),Shagly,Яндекс.Музыка,Аудиостриминг,,,4,0,"0,02",ICECREAMMUSIC
5063635176262,Четырка разбитая (Remix),Shagly,Яндекс.Музыка,Аудиостриминг,,,32,0,"0,21",ICECREAMMUSIC
5063635176262,Четырка разбитая (Remix),Shagly,Яндекс.Музыка,Аудиостриминг,,,38,0,"0,24",ICECREAMMUSIC
5063635176262,Четырка разбитая (Remix),Shagly,Яндекс.Музыка,Аудиостриминг,,,45,0,"0,31",ICECREAMMUSIC
5063635176262,Четырка разбитая (Remix),Shagly,Яндекс.Музыка,Подписка,,,126,0,"4,98",ICECREAMMUSIC
5063635176262,Четырка разбитая (Remix),Shagly,Яндекс.Музыка,Подписка,,,149,0,"5,68",ICECREAMMUSIC
5063635176262,Четырка разбитая (Remix),Shagly,Яндекс.Музыка,Подписка,,,180,0,"7,12",ICECREAMMUSIC
5063635176262,Четырка разбитая (Remix),Shagly,Яндекс.Музыка,Аудиостриминг,,,4,"0,01",0,ICECREAMMUSIC
5063635176262,Четырка разбитая (Remix),Shagly,Яндекс.Музыка,Подписка,,,540,"3,14",0,ICECREAMMUSIC
5063635870412,Что-то другое,Колкан,vk,Аудиостриминг,,,1,0,"0,01",ICECREAMMUSIC
5063635870412,Что-то другое,Колкан,vk,Аудиостриминг,,,1,0,"0,01",ICECREAMMUSIC
5063635870412,Что-то другое,Колкан,vk,Аудиостриминг,,,1,0,"0,01",ICECREAMMUSIC
5063635870412,Что-то другое,Колкан,vk,Аудиостриминг,,,3,0,"0,05",ICECREAMMUSIC
5063635870412,Что-то другое,Колкан,vk,Аудиостриминг,,,6,0,"0,11",ICECREAMMUSIC
5063635870412,Что-то другое,Колкан,vk,Подписка,,,1,0,"0,13",ICECREAMMUSIC
5063635870412,Что-то другое,Колкан,vk,Подписка,,,1,0,"0,15",ICECREAMMUSIC
5063635870412,Что-то другое,Колкан,vk,Аудиостриминг,,,11,0,"0,21",ICECREAMMUSIC
5063635870412,Что-то другое,Колкан,vk,Подписка,,,2,0,"0,31",ICECREAMMUSIC
5063635870412,Что-то другое,Колкан,vk,Аудиостриминг,,,3,"0,01",0,ICECREAMMUSIC
5063635870412,Что-то другое,Колкан,vk,Аудиостриминг,,,7,"0,02",0,ICECREAMMUSIC
5063635870412,Что-то другое,Колкан,vk,Подписка,,,1,"0,03",0,ICECREAMMUSIC
5063635870412,Что-то другое,Колкан,vk,Подписка,,,1,"0,04",0,ICECREAMMUSIC
5063635870412,Что-то другое,Колкан,vk,Аудиостриминг,,,12,"0,04",0,ICECREAMMUSIC
5063635870412,Что-то другое,Колкан,vk,Подписка,,,2,"0,08",0,ICECREAMMUSIC
5063635870412,Что-то другое,Колкан,Яндекс.Музыка,Аудиостриминг,,,1,0,0,ICECREAMMUSIC
5063635870412,Что-то другое,Колкан,Яндекс.Музыка,Аудиостриминг,,,1,0,0,ICECREAMMUSIC
5063635870412,Что-то другое,Колкан,Яндекс.Музыка,Аудиостриминг,,,2,0,"0,01",ICECREAMMUSIC
5063635870412,Что-то другое,Колкан,Яндекс.Музыка,Подписка,,,2,0,"0,06",ICECREAMMUSIC
5063635870412,Что-то другое,Колкан,Яндекс.Музыка,Подписка,,,2,0,"0,06",ICECREAMMUSIC
5063635870412,Что-то другое,Колкан,Яндекс.Музыка,Подписка,,,6,0,"0,2",ICECREAMMUSIC
5063635870412,Что-то другое,Колкан,Яндекс.Музыка,Подписка,,,30,"0,17",0,ICECREAMMUSIC
5063466422866,Шикарные глаза,Ролан Текеев,Amazon,Подписка,,,1,0,"0,02",ICECREAMMUSIC
5063466422866,Шикарные глаза,Ролан Текеев,Apple Music,Подписка,,,1,0,"0,18",ICECREAMMUSIC
5063466422866,Шикарные глаза,Ролан Текеев,Apple Music,Подписка,,,2,0,"0,46",ICECREAMMUSIC
5063466422866,Шикарные глаза,Ролан Текеев,Apple Music,Подписка,,,3,0,"0,55",ICECREAMMUSIC
5063466422866,Шикарные глаза,Ролан Текеев,Lyric Find,Тексты песен,,,1,"0,02",0,ICECREAMMUSIC
5063466422866,Шикарные глаза,Ролан Текеев,MusixMatch,Тексты песен,,,1,"0,01",0,ICECREAMMUSIC
5063466422866,Шикарные глаза,Ролан Текеев,Spotify,Подписка,,,1,"0,01",0,ICECREAMMUSIC
5063466422866,Шикарные глаза,Ролан Текеев,vk,Аудиостриминг,,,1,0,"0,01",ICECREAMMUSIC
5063466422866,Шикарные глаза,Ролан Текеев,vk,Аудиостриминг,,,1,0,"0,02",ICECREAMMUSIC
5063466422866,Шикарные глаза,Ролан Текеев,vk,Аудиостриминг,,,2,0,"0,03",ICECREAMMUSIC
5063466422866,Шикарные глаза,Ролан Текеев,vk,Аудиостриминг,,,5,0,"0,09",ICECREAMMUSIC
5063466422866,Шикарные глаза,Ролан Текеев,vk,Подписка,,,2,0,"0,31",ICECREAMMUSIC
5063466422866,Шикарные глаза,Ролан Текеев,vk,Аудиостриминг,,,2,"0,01",0,ICECREAMMUSIC
5063466422866,Шикарные глаза,Ролан Текеев,vk,Аудиостриминг,,,5,"0,02",0,ICECREAMMUSIC
5063466422866,Шикарные глаза,Ролан Текеев,vk,Подписка,,,2,"0,08",0,ICECREAMMUSIC
5063466422866,Шикарные глаза,Ролан Текеев,vk,Тексты песен,,,3,"0,09",0,ICECREAMMUSIC
5063466422866,Шикарные глаза,Ролан Текеев,Звук,Подписка,,,2,0,"0,38",ICECREAMMUSIC
5063466422866,Шикарные глаза,Ролан Текеев,Яндекс.Музыка,Аудиостриминг,,,2,0,"0,01",ICECREAMMUSIC
5063466422866,Шикарные глаза,Ролан Текеев,Яндекс.Музыка,Аудиостриминг,,,3,0,"0,02",ICECREAMMUSIC
5063466422866,Шикарные глаза,Ролан Текеев,Яндекс.Музыка,Аудиостриминг,,,3,0,"0,02",ICECREAMMUSIC
5063466422866,Шикарные глаза,Ролан Текеев,Яндекс.Музыка,Подписка,,,8,0,"0,31",ICECREAMMUSIC
5063466422866,Шикарные глаза,Ролан Текеев,Яндекс.Музыка,Подписка,,,12,0,"0,42",ICECREAMMUSIC
5063466422866,Шикарные глаза,Ролан Текеев,Яндекс.Музыка,Подписка,,,12,0,"0,46",ICECREAMMUSIC
5063466422866,Шикарные глаза,Ролан Текеев,Яндекс.Музыка,Подписка,,,95,"0,55",0,ICECREAMMUSIC
5063635895835,"Эй, слышь!",BARCETON,MusixMatch,Тексты песен,,,10,"0,01",0,ICECREAMMUSIC
5063635895835,"Эй, слышь!",BARCETON,TikTok,Видео,,,1,0,"0,02",ICECREAMMUSIC
5063635895835,"Эй, слышь!",BARCETON,vk,Аудиостриминг,,,1,0,"0,01",ICECREAMMUSIC
5063635895835,"Эй, слышь!",BARCETON,vk,Аудиостриминг,,,1,0,"0,03",ICECREAMMUSIC
5063635895835,"Эй, слышь!",BARCETON,vk,Аудиостриминг,,,2,0,"0,08",ICECREAMMUSIC
5063635895835,"Эй, слышь!",BARCETON,vk,Подписка,,,1,0,"0,15",ICECREAMMUSIC
5063635895835,"Эй, слышь!",BARCETON,vk,Аудиостриминг,,,11,0,"0,21",ICECREAMMUSIC
5063635895835,"Эй, слышь!",BARCETON,vk,Аудиостриминг,,,13,0,"0,26",ICECREAMMUSIC
5063635895835,"Эй, слышь!",BARCETON,vk,Аудиостриминг,,,19,0,"0,4",ICECREAMMUSIC
5063635895835,"Эй, слышь!",BARCETON,vk,Подписка,,,4,0,"0,64",ICECREAMMUSIC
5063635895835,"Эй, слышь!",BARCETON,vk,Подписка,,,9,0,"1,86",ICECREAMMUSIC
5063635895835,"Эй, слышь!",BARCETON,vk,Подписка,,,1,"0,04",0,ICECREAMMUSIC
5063635895835,"Эй, слышь!",BARCETON,vk,Аудиостриминг,,,12,"0,04",0,ICECREAMMUSIC
5063635895835,"Эй, слышь!",BARCETON,vk,Аудиостриминг,,,15,"0,05",0,ICECREAMMUSIC
5063635895835,"Эй, слышь!",BARCETON,vk,Аудиостриминг,,,22,"0,07",0,ICECREAMMUSIC
5063635895835,"Эй, слышь!",BARCETON,vk,Подписка,,,4,"0,15",0,ICECREAMMUSIC
5063635895835,"Эй, слышь!",BARCETON,vk,Подписка,,,10,"0,46",0,ICECREAMMUSIC
5063635895835,"Эй, слышь!",BARCETON,vk,Аудиостриминг,,,1,0,"0,01",ICECREAMMUSIC
5063635895835,"Эй, слышь!",BARCETON,vk,Аудиостриминг,,,1,0,"0,01",ICECREAMMUSIC
5063635895835,"Эй, слышь!",BARCETON,vk,Аудиостриминг,,,1,0,"0,01",ICECREAMMUSIC
5063635895835,"Эй, слышь!",BARCETON,vk,Аудиостриминг,,,4,0,"0,07",ICECREAMMUSIC
5063635895835,"Эй, слышь!",BARCETON,vk,Аудиостриминг,,,6,0,"0,1",ICECREAMMUSIC
5063635895835,"Эй, слышь!",BARCETON,vk,Аудиостриминг,,,6,0,"0,1",ICECREAMMUSIC
5063635895835,"Эй, слышь!",BARCETON,vk,Подписка,,,1,0,"0,13",ICECREAMMUSIC
5063635895835,"Эй, слышь!",BARCETON,vk,Подписка,,,1,0,"0,15",ICECREAMMUSIC
5063635895835,"Эй, слышь!",BARCETON,vk,Подписка,,,2,0,"0,31",ICECREAMMUSIC
5063635895835,"Эй, слышь!",BARCETON,vk,Аудиостриминг,,,4,"0,01",0,ICECREAMMUSIC
5063635895835,"Эй, слышь!",BARCETON,vk,Аудиостриминг,,,6,"0,02",0,ICECREAMMUSIC
5063635895835,"Эй, слышь!",BARCETON,vk,Аудиостриминг,,,6,"0,02",0,ICECREAMMUSIC
5063635895835,"Эй, слышь!",BARCETON,vk,Подписка,,,1,"0,03",0,ICECREAMMUSIC
5063635895835,"Эй, слышь!",BARCETON,vk,Подписка,,,1,"0,04",0,ICECREAMMUSIC
5063635895835,"Эй, слышь!",BARCETON,vk,Подписка,,,2,"0,08",0,ICECREAMMUSIC
5063635895835,"Эй, слышь!",BARCETON,vk,Тексты песен,,,96,"3,65",0,ICECREAMMUSIC
5063635895835,"Эй, слышь!",BARCETON,Звук,Подписка,,,1,0,"0,18",ICECREAMMUSIC
5063635895835,"Эй, слышь!",BARCETON,Звук,Подписка,,,2,"0,06",0,ICECREAMMUSIC
5063635895835,"Эй, слышь!",BARCETON,КИОН Музыка,Подписка,,,6,0,"0,5",ICECREAMMUSIC
5063635895835,"Эй, слышь!",BARCETON,КИОН Музыка,Подписка,,,6,"0,11",0,ICECREAMMUSIC
5063635895835,"Эй, слышь!",BARCETON,Одноклассники,Аудиостриминг,,,1,0,"0,02",ICECREAMMUSIC
5063635895835,"Эй, слышь!",BARCETON,Яндекс.Музыка,Аудиостриминг,,,1,0,"0,01",ICECREAMMUSIC
5063635895835,"Эй, слышь!",BARCETON,Яндекс.Музыка,Аудиостриминг,,,3,0,"0,02",ICECREAMMUSIC
5063635895835,"Эй, слышь!",BARCETON,Яндекс.Музыка,Аудиостриминг,,,4,0,"0,02",ICECREAMMUSIC
5063635895835,"Эй, слышь!",BARCETON,Яндекс.Музыка,Аудиостриминг,,,9,0,"0,06",ICECREAMMUSIC
5063635895835,"Эй, слышь!",BARCETON,Яндекс.Музыка,Подписка,,,12,0,"0,42",ICECREAMMUSIC
5063635895835,"Эй, слышь!",BARCETON,Яндекс.Музыка,Подписка,,,14,0,"0,54",ICECREAMMUSIC
5063635895835,"Эй, слышь!",BARCETON,Яндекс.Музыка,Подписка,,,36,0,"1,37",ICECREAMMUSIC
5063635895835,"Эй, слышь!",BARCETON,Яндекс.Музыка,Подписка,,,140,"0,81",0,ICECREAMMUSIC
5063635895835,"Эй, слышь!",BARCETON,Яндекс.Музыка,Аудиостриминг,,,1,0,0,ICECREAMMUSIC
5063635895835,"Эй, слышь!",BARCETON,Яндекс.Музыка,Аудиостриминг,,,1,0,0,ICECREAMMUSIC
5063635895835,"Эй, слышь!",BARCETON,Яндекс.Музыка,Подписка,,,1,0,"0,02",ICECREAMMUSIC
5063635895835,"Эй, слышь!",BARCETON,Яндекс.Музыка,Подписка,,,2,0,"0,06",ICECREAMMUSIC
5063635895835,"Эй, слышь!",BARCETON,Яндекс.Музыка,Подписка,,,28,"0,16",0,ICECREAMMUSIC
5063466651204,Экран телефона,Red Pradosa,Amazon,Подписка,,,1,0,"0,02",ICECREAMMUSIC
5063466651204,Экран телефона,Red Pradosa,Apple Music,Подписка,,,2,"0,01",0,ICECREAMMUSIC
5063466651204,Экран телефона,Red Pradosa,vk,Аудиостриминг,,,1,0,"0,02",ICECREAMMUSIC
5063466651204,Экран телефона,Red Pradosa,vk,Аудиостриминг,,,1,0,"0,02",ICECREAMMUSIC
5063466651204,Экран телефона,Red Pradosa,vk,Аудиостриминг,,,4,0,"0,06",ICECREAMMUSIC
5063466651204,Экран телефона,Red Pradosa,vk,Аудиостриминг,,,7,0,"0,15",ICECREAMMUSIC
5063466651204,Экран телефона,Red Pradosa,vk,Аудиостриминг,,,7,0,"0,15",ICECREAMMUSIC
5063466651204,Экран телефона,Red Pradosa,vk,Подписка,,,3,0,"0,38",ICECREAMMUSIC
5063466651204,Экран телефона,Red Pradosa,vk,Подписка,,,3,0,"0,46",ICECREAMMUSIC
5063466651204,Экран телефона,Red Pradosa,vk,Аудиостриминг,,,4,"0,01",0,ICECREAMMUSIC
5063466651204,Экран телефона,Red Pradosa,vk,Аудиостриминг,,,8,"0,03",0,ICECREAMMUSIC
5063466651204,Экран телефона,Red Pradosa,vk,Аудиостриминг,,,8,"0,03",0,ICECREAMMUSIC
5063466651204,Экран телефона,Red Pradosa,vk,Тексты песен,,,3,"0,09",0,ICECREAMMUSIC
5063466651204,Экран телефона,Red Pradosa,vk,Подписка,,,3,"0,1",0,ICECREAMMUSIC
5063466651204,Экран телефона,Red Pradosa,vk,Подписка,,,3,"0,11",0,ICECREAMMUSIC
5063466651204,Экран телефона,Red Pradosa,Яндекс.Музыка,Аудиостриминг,,,1,0,0,ICECREAMMUSIC
5063466651204,Экран телефона,Red Pradosa,Яндекс.Музыка,Аудиостриминг,,,1,0,0,ICECREAMMUSIC
5063466651204,Экран телефона,Red Pradosa,Яндекс.Музыка,Аудиостриминг,,,1,0,"0,01",ICECREAMMUSIC
5063466651204,Экран телефона,Red Pradosa,Яндекс.Музыка,Подписка,,,2,0,"0,06",ICECREAMMUSIC
5063466651204,Экран телефона,Red Pradosa,Яндекс.Музыка,Подписка,,,3,0,"0,08",ICECREAMMUSIC
5063466651204,Экран телефона,Red Pradosa,Яндекс.Музыка,Подписка,,,4,0,"0,15",ICECREAMMUSIC
5063466651204,Экран телефона,Red Pradosa,Яндекс.Музыка,Подписка,,,12,"0,07",0,ICECREAMMUSIC
5063635214278,Этим летом,WhiteFluffy,Яндекс.Музыка,Аудиостриминг,,,1,0,0,ICECREAMMUSIC
5063635214278,Этим летом,WhiteFluffy,Яндекс.Музыка,Аудиостриминг,,,1,0,0,ICECREAMMUSIC
5063635214278,Этим летом,WhiteFluffy,Яндекс.Музыка,Аудиостриминг,,,1,0,0,ICECREAMMUSIC
5063635214278,Этим летом,WhiteFluffy,Яндекс.Музыка,Подписка,,,1,0,"0,02",ICECREAMMUSIC
5063635214278,Этим летом,WhiteFluffy,Яндекс.Музыка,Подписка,,,2,0,"0,05",ICECREAMMUSIC
5063635214278,Этим летом,WhiteFluffy,Яндекс.Музыка,Подписка,,,2,0,"0,06",ICECREAMMUSIC
5063635214278,Этим летом,WhiteFluffy,Яндекс.Музыка,Подписка,,,5,"0,03",0,ICECREAMMUSIC
5063466734051,Я и Ты,KURGANOV,vk,Аудиостриминг,,,1,0,"0,02",ICECREAMMUSIC
5063466734051,Я и Ты,KURGANOV,vk,Аудиостриминг,,,4,0,"0,06",ICECREAMMUSIC
5063466734051,Я и Ты,KURGANOV,vk,Аудиостриминг,,,4,"0,01",0,ICECREAMMUSIC
5063466734051,Я и Ты,KURGANOV,КИОН Музыка,Аудиостриминг,,,1,0,"0,02",ICECREAMMUSIC
5063466734051,Я и Ты,KURGANOV,КИОН Музыка,Подписка,,,2,0,"0,14",ICECREAMMUSIC
5063466734051,Я и Ты,KURGANOV,КИОН Музыка,Аудиостриминг,,,1,"0,01",0,ICECREAMMUSIC
5063466734051,Я и Ты,KURGANOV,КИОН Музыка,Подписка,,,2,"0,03",0,ICECREAMMUSIC
5063466734051,Я и Ты,KURGANOV,Яндекс.Музыка,Аудиостриминг,,,1,0,0,ICECREAMMUSIC
5063466734051,Я и Ты,KURGANOV,Яндекс.Музыка,Аудиостриминг,,,1,0,0,ICECREAMMUSIC
5063466734051,Я и Ты,KURGANOV,Яндекс.Музыка,Подписка,,,1,0,"0,02",ICECREAMMUSIC
5063466734051,Я и Ты,KURGANOV,Яндекс.Музыка,Подписка,,,2,0,"0,06",ICECREAMMUSIC
5063466734051,Я и Ты,KURGANOV,Яндекс.Музыка,Подписка,,,3,"0,01",0,ICECREAMMUSIC
5063833319041,Я искал,VYSHUTIN,MusixMatch,Тексты песен,,,1,"0,01",0,ICECREAMMUSIC
5063833319041,Я искал,VYSHUTIN,SoundCloud,Аудиостриминг,,,1,0,"0,03",ICECREAMMUSIC
5063833319041,Я искал,VYSHUTIN,vk,Аудиостриминг,,,2,0,"0,04",ICECREAMMUSIC
5063833319041,Я искал,VYSHUTIN,vk,Аудиостриминг,,,5,0,"0,09",ICECREAMMUSIC
5063833319041,Я искал,VYSHUTIN,vk,Аудиостриминг,,,6,0,"0,1",ICECREAMMUSIC
5063833319041,Я искал,VYSHUTIN,vk,Аудиостриминг,,,4,0,"0,1",ICECREAMMUSIC
5063833319041,Я искал,VYSHUTIN,vk,Аудиостриминг,,,7,0,"0,19",ICECREAMMUSIC
5063833319041,Я искал,VYSHUTIN,vk,Аудиостриминг,,,13,0,"0,26",ICECREAMMUSIC
5063833319041,Я искал,VYSHUTIN,vk,Подписка,,,9,0,"0,84",ICECREAMMUSIC
5063833319041,Я искал,VYSHUTIN,vk,Подписка,,,21,0,"2,26",ICECREAMMUSIC
5063833319041,Я искал,VYSHUTIN,vk,Подписка,,,38,0,"4,21",ICECREAMMUSIC
5063833319041,Я искал,VYSHUTIN,vk,Аудиостриминг,,,6,"0,02",0,ICECREAMMUSIC
5063833319041,Я искал,VYSHUTIN,vk,Аудиостриминг,,,5,"0,02",0,ICECREAMMUSIC
5063833319041,Я искал,VYSHUTIN,vk,Аудиостриминг,,,15,"0,05",0,ICECREAMMUSIC
5063833319041,Я искал,VYSHUTIN,vk,Тексты песен,,,5,"0,18",0,ICECREAMMUSIC
5063833319041,Я искал,VYSHUTIN,vk,Подписка,,,10,"0,21",0,ICECREAMMUSIC
5063833319041,Я искал,VYSHUTIN,vk,Подписка,,,24,"0,56",0,ICECREAMMUSIC
5063833319041,Я искал,VYSHUTIN,vk,Подписка,,,44,"1,04",0,ICECREAMMUSIC
5063833319041,Я искал,VYSHUTIN,Яндекс.Музыка,Аудиостриминг,,,1,0,0,ICECREAMMUSIC
5063833319041,Я искал,VYSHUTIN,Яндекс.Музыка,Аудиостриминг,,,1,0,0,ICECREAMMUSIC
5063833319041,Я искал,VYSHUTIN,Яндекс.Музыка,Аудиостриминг,,,1,0,0,ICECREAMMUSIC
5063833319041,Я искал,VYSHUTIN,Яндекс.Музыка,Подписка,,,2,0,"0,06",ICECREAMMUSIC
5063833319041,Я искал,VYSHUTIN,Яндекс.Музыка,Подписка,,,3,0,"0,08",ICECREAMMUSIC
5063833319041,Я искал,VYSHUTIN,Яндекс.Музыка,Подписка,,,4,0,"0,1",ICECREAMMUSIC
5063833319041,Я искал,VYSHUTIN,Яндекс.Музыка,Подписка,,,7,"0,04",0,ICECREAMMUSIC
5063945392833,Я пропадаю,KERUBИNO,vk,Аудиостриминг,,,3,0,"0,11",ICECREAMMUSIC
5063945392833,Я пропадаю,KERUBИNO,vk,Аудиостриминг,,,14,0,"0,29",ICECREAMMUSIC
5063945392833,Я пропадаю,KERUBИNO,vk,Аудиостриминг,,,41,0,"0,87",ICECREAMMUSIC
5063945392833,Я пропадаю,KERUBИNO,vk,Подписка,,,14,0,"2,42",ICECREAMMUSIC
5063945392833,Я пропадаю,KERUBИNO,vk,Аудиостриминг,,,16,"0,06",0,ICECREAMMUSIC
5063945392833,Я пропадаю,KERUBИNO,vk,Аудиостриминг,,,48,"0,16",0,ICECREAMMUSIC
5063945392833,Я пропадаю,KERUBИNO,vk,Подписка,,,16,"0,6",0,ICECREAMMUSIC
5063945392833,Я пропадаю,KERUBИNO,Сервисы АДВ Мьюзик,Аудиостриминг,,,9,0,"0,25",ICECREAMMUSIC
5063945392833,Я пропадаю,KERUBИNO,Сервисы АДВ Мьюзик,Аудиостриминг,,,9,"0,06",0,ICECREAMMUSIC
5063945392833,Я пропадаю,KERUBИNO,Яндекс.Музыка,Аудиостриминг,,,1,0,0,ICECREAMMUSIC
5063945392833,Я пропадаю,KERUBИNO,Яндекс.Музыка,Аудиостриминг,,,1,0,0,ICECREAMMUSIC
5063945392833,Я пропадаю,KERUBИNO,Яндекс.Музыка,Подписка,,,2,0,"0,06",ICECREAMMUSIC
5063945392833,Я пропадаю,KERUBИNO,Яндекс.Музыка,Подписка,,,4,0,"0,1",ICECREAMMUSIC
GUT200236,Я чувствую,Анна Галянт,Apple Music,Подписка,,,2,0,"0,07",ICECREAMMUSIC
GUT200236,Я чувствую,Анна Галянт,Apple Music,Подписка,,,2,0,"0,12",ICECREAMMUSIC
GUT200236,Я чувствую,Анна Галянт,Apple Music,Подписка,,,39,"0,54",0,ICECREAMMUSIC
GUT200236,Я чувствую,Анна Галянт,vk,Аудиостриминг,,,5,0,"0,24",ICECREAMMUSIC
GUT200236,Я чувствую,Анна Галянт,vk,Пробная подписка,,,1,0,"0,36",ICECREAMMUSIC
GUT200236,Я чувствую,Анна Галянт,vk,Аудиостриминг,,,8,0,"0,38",ICECREAMMUSIC
GUT200236,Я чувствую,Анна Галянт,vk,Аудиостриминг,,,11,0,"0,43",ICECREAMMUSIC
GUT200236,Я чувствую,Анна Галянт,vk,Аудиостриминг,,,34,0,"0,71",ICECREAMMUSIC
GUT200236,Я чувствую,Анна Галянт,vk,Аудиостриминг,,,68,0,"1,43",ICECREAMMUSIC
GUT200236,Я чувствую,Анна Галянт,vk,Аудиостриминг,,,76,0,"1,61",ICECREAMMUSIC
GUT200236,Я чувствую,Анна Галянт,vk,Подписка,,,25,0,"5,33",ICECREAMMUSIC
GUT200236,Я чувствую,Анна Галянт,vk,Подписка,,,43,0,"8,47",ICECREAMMUSIC
GUT200236,Я чувствую,Анна Галянт,vk,Подписка,,,63,0,"9,62",ICECREAMMUSIC
GUT200236,Я чувствую,Анна Галянт,vk,Пробная подписка,,,1,"0,09",0,ICECREAMMUSIC
GUT200236,Я чувствую,Анна Галянт,vk,Аудиостриминг,,,40,"0,13",0,ICECREAMMUSIC
GUT200236,Я чувствую,Анна Галянт,vk,Аудиостриминг,,,80,"0,27",0,ICECREAMMUSIC
GUT200236,Я чувствую,Анна Галянт,vk,Аудиостриминг,,,89,"0,3",0,ICECREAMMUSIC
GUT200236,Я чувствую,Анна Галянт,vk,Тексты песен,,,29,"1,09",0,ICECREAMMUSIC
GUT200236,Я чувствую,Анна Галянт,vk,Подписка,,,29,"1,32",0,ICECREAMMUSIC
GUT200236,Я чувствую,Анна Галянт,vk,Подписка,,,50,"2,09",0,ICECREAMMUSIC
GUT200236,Я чувствую,Анна Галянт,vk,Подписка,,,73,"2,37",0,ICECREAMMUSIC
GUT200236,Я чувствую,Анна Галянт,YouTube,Аудиостриминг,,,4,0,"0,02",ICECREAMMUSIC
GUT200236,Я чувствую,Анна Галянт,Иная дистрибуция,Видео,,,123,0,"0,02",ICECREAMMUSIC
GUT200236,Я чувствую,Анна Галянт,Иная дистрибуция,Видео,,,260,0,"0,07",ICECREAMMUSIC
GUT200236,Я чувствую,Анна Галянт,Иная дистрибуция,Видео,,,675,0,"0,19",ICECREAMMUSIC
GUT200236,Я чувствую,Анна Галянт,КИОН Музыка,Аудиостриминг,,,1,0,"0,02",ICECREAMMUSIC
GUT200236,Я чувствую,Анна Галянт,КИОН Музыка,Подписка,,,2,0,"0,14",ICECREAMMUSIC
GUT200236,Я чувствую,Анна Галянт,КИОН Музыка,Аудиостриминг,,,1,"0,01",0,ICECREAMMUSIC
GUT200236,Я чувствую,Анна Галянт,КИОН Музыка,Подписка,,,2,"0,03",0,ICECREAMMUSIC
GUT200236,Я чувствую,Анна Галянт,Яндекс.Музыка,Аудиостриминг,,,4,0,"0,02",ICECREAMMUSIC
GUT200236,Я чувствую,Анна Галянт,Яндекс.Музыка,Аудиостриминг,,,6,0,"0,03",ICECREAMMUSIC
GUT200236,Я чувствую,Анна Галянт,Яндекс.Музыка,Аудиостриминг,,,8,0,"0,05",ICECREAMMUSIC
GUT200236,Я чувствую,Анна Галянт,Яндекс.Музыка,Подписка,,,16,0,"0,58",ICECREAMMUSIC
GUT200236,Я чувствую,Анна Галянт,Яндекс.Музыка,Подписка,,,21,0,"0,81",ICECREAMMUSIC
GUT200236,Я чувствую,Анна Галянт,Яндекс.Музыка,Подписка,,,32,0,"1,2",ICECREAMMUSIC
GUT200236,Я чувствую,Анна Галянт,Яндекс.Музыка,Подписка,,,137,"0,8",0,ICECREAMMUSIC
5063833804974,Яд,Suffer,vk,Аудиостриминг,,,1,0,"0,02",ICECREAMMUSIC
5063833804974,Яд,Suffer,vk,Аудиостриминг,,,2,0,"0,03",ICECREAMMUSIC
5063833804974,Яд,Suffer,vk,Аудиостриминг,,,3,0,"0,05",ICECREAMMUSIC
5063833804974,Яд,Suffer,vk,Аудиостриминг,,,3,"0,01",0,ICECREAMMUSIC
5063833804974,Яд,Suffer,vk,Аудиостриминг,,,2,"0,01",0,ICECREAMMUSIC
5063833804974,Яд,Suffer,Яндекс.Музыка,Подписка,,,1,"0,01",0,ICECREAMMUSIC
5063635124522,ЯНВАРЬ,YUNG$HVED,Lyric Find,Тексты песен,,,4,"0,1",0,ICECREAMMUSIC
5063635124522,ЯНВАРЬ,YUNG$HVED,TikTok,Видео,,,2,0,"0,05",ICECREAMMUSIC
5063635124522,ЯНВАРЬ,YUNG$HVED,vk,Аудиостриминг,,,1,0,"0,02",ICECREAMMUSIC
5063635124522,ЯНВАРЬ,YUNG$HVED,vk,Аудиостриминг,,,1,0,"0,02",ICECREAMMUSIC
5063635124522,ЯНВАРЬ,YUNG$HVED,vk,Аудиостриминг,,,4,0,"0,07",ICECREAMMUSIC
5063635124522,ЯНВАРЬ,YUNG$HVED,vk,Аудиостриминг,,,4,"0,01",0,ICECREAMMUSIC
5063635124522,ЯНВАРЬ,YUNG$HVED,YouTube,Аудио,,,24,0,"0,35",ICECREAMMUSIC
5063635124522,ЯНВАРЬ,YUNG$HVED,YouTube,Аудио,,,26,0,"0,41",ICECREAMMUSIC
5063635124522,ЯНВАРЬ,YUNG$HVED,YouTube,Аудиостриминг,,,31,0,"1,88",ICECREAMMUSIC
5063635124522,ЯНВАРЬ,YUNG$HVED,YouTube Premium,Подписка,,,2,0,"0,1",ICECREAMMUSIC
5063635124522,ЯНВАРЬ,YUNG$HVED,YouTube Premium,Подписка,,,4,0,"0,15",ICECREAMMUSIC
5063635124522,ЯНВАРЬ,YUNG$HVED,YouTube Premium,Подписка,,,15,0,"0,67",ICECREAMMUSIC
5063635124522,ЯНВАРЬ,YUNG$HVED,Иная дистрибуция,Видео,,,20,0,"0,01",ICECREAMMUSIC
5063635124522,ЯНВАРЬ,YUNG$HVED,Иная дистрибуция,Видео,,,24,0,"0,01",ICECREAMMUSIC
5063635124522,ЯНВАРЬ,YUNG$HVED,КИОН Музыка,Подписка,,,8,0,"0,64",ICECREAMMUSIC
5063635124522,ЯНВАРЬ,YUNG$HVED,КИОН Музыка,Подписка,,,8,"0,14",0,ICECREAMMUSIC
5063635124522,ЯНВАРЬ,YUNG$HVED,Яндекс.Музыка,Аудиостриминг,,,1,0,0,ICECREAMMUSIC
5063635124522,ЯНВАРЬ,YUNG$HVED,Яндекс.Музыка,Аудиостриминг,,,3,0,"0,02",ICECREAMMUSIC
5063635124522,ЯНВАРЬ,YUNG$HVED,Яндекс.Музыка,Аудиостриминг,,,6,0,"0,03",ICECREAMMUSIC
5063635124522,ЯНВАРЬ,YUNG$HVED,Яндекс.Музыка,Подписка,,,3,0,"0,08",ICECREAMMUSIC
5063635124522,ЯНВАРЬ,YUNG$HVED,Яндекс.Музыка,Подписка,,,12,0,"0,43",ICECREAMMUSIC
5063635124522,ЯНВАРЬ,YUNG$HVED,Яндекс.Музыка,Подписка,,,22,0,"0,81",ICECREAMMUSIC
5063635124522,ЯНВАРЬ,YUNG$HVED,Яндекс.Музыка,Подписка,,,81,"0,47",0,ICECREAMMUSIC
5063635302210,ЯНВАРЬ (Acoustic Version),YUNG$HVED,Apple Music,Подписка,,,2,"0,02",0,ICECREAMMUSIC
5063635302210,ЯНВАРЬ (Acoustic Version),YUNG$HVED,vk,Аудиостриминг,,,2,0,"0,03",ICECREAMMUSIC
5063635302210,ЯНВАРЬ (Acoustic Version),YUNG$HVED,vk,Аудиостриминг,,,2,"0,01",0,ICECREAMMUSIC
5063635302210,ЯНВАРЬ (Acoustic Version),YUNG$HVED,YouTube Premium,Подписка,,,2,0,"0,25",ICECREAMMUSIC
,,,,,,,347592,"1430,63","8248,37",
